no,category,subcategory,level,question,A,B,C,D,correct,explanation,terms
1,A. Kiến thức cơ khí cơ bản,Units,Basic,Đơn vị SI cơ bản thường dùng cho kích thước cơ khí là gì?,mm,inch,ft,mil,A,"Trong bản vẽ cơ khí, mm là đơn vị kích thước rất phổ biến.",dimension = kích thước; unit = đơn vị; tolerance = dung sai
2,A. Kiến thức cơ khí cơ bản,Units,Basic,1 inch bằng bao nhiêu mm?,25.4,2.54,254,0.254,A,1 inch = 25.4 mm.,dimension = kích thước; unit = đơn vị; tolerance = dung sai
3,A. Kiến thức cơ khí cơ bản,Geometry,Basic,Ký hiệu Ø20 trên bản vẽ chỉ gì?,Bán kính 20 mm,Đường kính 20 mm,Chiều sâu 20 mm,Chu vi 20 mm,B,Ký hiệu Ø biểu thị đường kính.,dimension = kích thước; unit = đơn vị; tolerance = dung sai
4,A. Kiến thức cơ khí cơ bản,Geometry,Basic,Ký hiệu R10 chỉ gì?,Đường kính 10 mm,Bán kính 10 mm,Độ nhám 10,Dung sai 10 mm,B,R biểu thị bán kính.,dimension = kích thước; unit = đơn vị; tolerance = dung sai
5,A. Kiến thức cơ khí cơ bản,Thread,Basic,Ký hiệu M10 thường chỉ loại gì?,Ren hệ mét,Ren inch,Lỗ Ø10,Dung sai H10,A,M là ký hiệu ren hệ mét.,dimension = kích thước; unit = đơn vị; tolerance = dung sai
6,A. Kiến thức cơ khí cơ bản,Thread,Basic,M10×1.5 thể hiện điều gì?,"Đường kính 10 mm, bước ren 1.5 mm","Bán kính 10 mm, bước 1.5 mm","Đường kính 1.5 mm, bước 10 mm",Ren inch 10 TPI,A,10 là đường kính danh nghĩa và 1.5 là bước ren.,dimension = kích thước; unit = đơn vị; tolerance = dung sai
7,A. Kiến thức cơ khí cơ bản,Surface,Basic,Ra 3.2 là thông số gì?,Độ cứng,Độ nhám bề mặt,Độ tròn,Độ phẳng,B,Ra là giá trị độ nhám trung bình số học.,dimension = kích thước; unit = đơn vị; tolerance = dung sai
8,A. Kiến thức cơ khí cơ bản,Material,Basic,A5052 là nhóm vật liệu nào?,Thép carbon,Nhôm hợp kim,Inox,Đồng,B,A5052 là hợp kim nhôm.,dimension = kích thước; unit = đơn vị; tolerance = dung sai
9,A. Kiến thức cơ khí cơ bản,Material,Basic,SUS304 thuộc nhóm nào?,Nhôm,Thép không gỉ,Titan,Đồng,B,SUS304 là thép không gỉ austenitic phổ biến.,dimension = kích thước; unit = đơn vị; tolerance = dung sai
10,A. Kiến thức cơ khí cơ bản,Process,Basic,Phay CNC chủ yếu dùng dụng cụ nào?,Dao phay quay,Đá mài cố định,Kim đo,Kích thước danh nghĩa,A,Dao phay quay và chuyển động tương đối với phôi để cắt.,dimension = kích thước; unit = đơn vị; tolerance = dung sai
11,A. Kiến thức cơ khí cơ bản,Process,Basic,Tiện CNC phù hợp đặc biệt với chi tiết nào?,Chi tiết tròn xoay,Tấm phẳng lớn,Mối hàn,Chi tiết chỉ có mặt phẳng,A,Tiện rất phù hợp với các bề mặt tròn xoay.,dimension = kích thước; unit = đơn vị; tolerance = dung sai
12,A. Kiến thức cơ khí cơ bản,Measurement,Basic,Panme ngoài dùng chủ yếu để đo gì?,Chiều dài/đường kính ngoài chính xác,Nhiệt độ,Độ nhám,Độ cứng,A,Panme ngoài dùng để đo kích thước ngoài với độ chính xác cao.,dimension = kích thước; unit = đơn vị; tolerance = dung sai
13,A. Kiến thức cơ khí cơ bản,Measurement,Basic,Thước cặp có thể dùng để đo gì?,Chỉ đường kính ngoài,"Ngoài, trong và chiều sâu",Kích thước danh nghĩa,Chỉ góc,B,"Thước cặp có mỏ ngoài, mỏ trong và thanh đo sâu.",dimension = kích thước; unit = đơn vị; tolerance = dung sai
14,A. Kiến thức cơ khí cơ bản,Drawing,Basic,Mặt cắt trên bản vẽ nhằm mục đích chính nào?,Trang trí,Thể hiện cấu tạo bên trong,Thay đổi vật liệu,Xác định giá bán,B,Mặt cắt giúp thể hiện các đặc điểm bên trong khó thấy.,dimension = kích thước; unit = đơn vị; tolerance = dung sai
15,A. Kiến thức cơ khí cơ bản,Drawing,Basic,Nét đứt trên bản vẽ thường biểu diễn gì?,Đường bao thấy,Đường bao khuất,Đường tâm,Đường kích thước,B,Nét đứt thường dùng cho đường bao/chi tiết khuất.,dimension = kích thước; unit = đơn vị; tolerance = dung sai
16,A. Kiến thức cơ khí cơ bản,Drawing,Basic,Nét gạch chấm mảnh thường dùng cho gì?,Đường tâm,Đường bao thấy,Mặt cắt vật liệu,Đường kích thước,A,Nét gạch chấm mảnh thường biểu diễn đường tâm/trục.,dimension = kích thước; unit = đơn vị; tolerance = dung sai
17,A. Kiến thức cơ khí cơ bản,Safety,Basic,"Khi phát hiện kích thước trên bản vẽ mâu thuẫn, hành động phù hợp là gì?",Tự chọn kích thước mình thích,Xác nhận với người có thẩm quyền/nguồn dữ liệu kiểm soát,Bỏ qua,Kích thước danh nghĩa,B,Mâu thuẫn phải được xử lý theo quy trình kiểm soát thay đổi và dữ liệu.,dimension = kích thước; unit = đơn vị; tolerance = dung sai
18,A. Kiến thức cơ khí cơ bản,Design,Basic,DFM là viết tắt của gì?,Design for Manufacturing,Drawing for Measurement,Data for Material,Design for Marketing,A,DFM = Design for Manufacturing.,dimension = kích thước; unit = đơn vị; tolerance = dung sai
19,A. Kiến thức cơ khí cơ bản,Design,Basic,Mục tiêu của DFM là gì?,Làm chi tiết khó gia công hơn,"Thiết kế thuận lợi cho chế tạo, chất lượng và chi phí",Chỉ tăng số lượng kích thước,Loại bỏ kiểm tra,B,DFM giúp thiết kế phù hợp với khả năng sản xuất.,dimension = kích thước; unit = đơn vị; tolerance = dung sai
20,A. Kiến thức cơ khí cơ bản,Process,Basic,Bavia sau gia công là gì?,Phần vật liệu dư sắc ở mép,Lớp anodize,Độ cứng,Đường tâm,A,Bavia là vật liệu dư thường xuất hiện tại mép sau gia công.,dimension = kích thước; unit = đơn vị; tolerance = dung sai
21,A. Kiến thức cơ khí cơ bản,Heat treatment,Basic,Mục đích chung của nhiệt luyện là gì?,Thay đổi cơ tính/cấu trúc vật liệu,Đổi mã bản vẽ,Tăng số lượng lỗ,Tạo PMI,A,"Nhiệt luyện có thể điều chỉnh độ cứng, độ bền và tổ chức vật liệu.",dimension = kích thước; unit = đơn vị; tolerance = dung sai
22,A. Kiến thức cơ khí cơ bản,Corrosion,Basic,Passivation thường áp dụng cho nhóm vật liệu nào?,Thép không gỉ,Kích thước danh nghĩa,Nhựa ABS,Kính,A,Passivation phổ biến cho thép không gỉ để cải thiện khả năng chống ăn mòn.,dimension = kích thước; unit = đơn vị; tolerance = dung sai
23,A. Kiến thức cơ khí cơ bản,Aluminum,Basic,Anodizing nhôm là quá trình gì?,Tạo lớp oxide có kiểm soát trên bề mặt,Mạ vàng bằng cơ học,Nhiệt luyện thép,Hàn nhôm,A,Anodizing tạo lớp oxide bảo vệ và có thể tạo màu.,dimension = kích thước; unit = đơn vị; tolerance = dung sai
24,A. Kiến thức cơ khí cơ bản,Inspection,Basic,Một kích thước nằm ngoài giới hạn bản vẽ được đánh giá thế nào?,Kích thước danh nghĩa,NG nếu không có yêu cầu/điều kiện chấp nhận khác,Không cần đo lại,Đường kính và bán kính,B,Kích thước ngoài giới hạn dung sai là không phù hợp.,dimension = kích thước; unit = đơn vị; tolerance = dung sai
25,A. Kiến thức cơ khí cơ bản,Quality,Basic,Traceability trong kỹ thuật nghĩa gần nhất là gì?,Khả năng truy xuất nguồn gốc và liên kết dữ liệu,Tăng tốc độ máy,Tăng độ bóng,Giảm số bản vẽ,A,"Traceability cho phép truy ngược dữ liệu, revision và nguồn liên quan.",dimension = kích thước; unit = đơn vị; tolerance = dung sai
26,B. Đọc bản vẽ cơ khí,Drawing symbols,Basic,Kích thước cơ bản (basic dimension) trong GD&T thường được biểu diễn như thế nào?,Trong khung chữ nhật,Trong vòng tròn,Gạch chân,Nét đứt,A,Basic dimension thường được bao bởi khung chữ nhật.,section view = hình cắt; detail view = hình trích; scale = tỷ lệ
27,B. Đọc bản vẽ cơ khí,Drawing symbols,Basic,Một kích thước reference thường dùng để làm gì?,"Tham khảo, không phải kích thước điều khiển trực tiếp",Revision và trạng thái phát hành,Thay datum,Kích thước và dung sai,A,Reference dimension chủ yếu cung cấp thông tin tham khảo.,section view = hình cắt; detail view = hình trích; scale = tỷ lệ
28,B. Đọc bản vẽ cơ khí,Drawing,Basic,Title block thường chứa thông tin nào?,"Tên chi tiết, mã, revision, vật liệu hoặc thông tin bản vẽ",Revision và trạng thái phát hành,Chỉ số máy CNC,Chỉ tên người đo,A,Title block thường chứa thông tin nhận dạng và kiểm soát bản vẽ.,section view = hình cắt; detail view = hình trích; scale = tỷ lệ
29,B. Đọc bản vẽ cơ khí,Revision,Intermediate,Revision trên bản vẽ dùng để làm gì?,Nhận biết phiên bản thay đổi,Đo độ phẳng,Xác định tốc độ cắt,Xác định máy đo,A,Revision giúp phân biệt và truy xuất phiên bản.,section view = hình cắt; detail view = hình trích; scale = tỷ lệ
30,B. Đọc bản vẽ cơ khí,Revision,Intermediate,"Khi nhận bản vẽ khách hàng mới revision, việc đầu tiên nên làm là gì?",Kiểm tra/đăng ký revision theo quy trình kiểm soát tài liệu,Revision và trạng thái phát hành,Gia công ngay,Đổi tên ngẫu nhiên,A,Cần kiểm soát phiên bản trước khi sử dụng.,section view = hình cắt; detail view = hình trích; scale = tỷ lệ
31,B. Đọc bản vẽ cơ khí,Drawing,Basic,General tolerance có vai trò gì?,Áp dụng cho kích thước không có dung sai riêng nếu tiêu chuẩn bản vẽ quy định,Revision và trạng thái phát hành,Chỉ áp dụng cho vật liệu,Chỉ áp dụng cho ren,A,Dung sai chung thường áp dụng cho kích thước không có dung sai riêng.,section view = hình cắt; detail view = hình trích; scale = tỷ lệ
32,B. Đọc bản vẽ cơ khí,Drawing,Basic,"Nếu kích thước có dung sai riêng và đồng thời có dung sai chung, thông thường ưu tiên gì?",Dung sai riêng trên kích thước,Dung sai chung,Tự chọn,Không có dung sai,A,Dung sai riêng cụ thể thường được ưu tiên.,section view = hình cắt; detail view = hình trích; scale = tỷ lệ
33,B. Đọc bản vẽ cơ khí,Section,Intermediate,Đường hatch trong mặt cắt thường biểu thị gì?,Vùng vật liệu bị cắt,Đường tâm,Đường kích thước,Đường ren,A,Hatch giúp nhận biết vùng vật liệu bị mặt phẳng cắt đi qua.,section view = hình cắt; detail view = hình trích; scale = tỷ lệ
34,B. Đọc bản vẽ cơ khí,Hole,Intermediate,Callout Ø10 THRU nghĩa là gì?,Lỗ đường kính 10 mm xuyên qua chi tiết,Lỗ sâu 10 mm,Ren M10,Bán kính 10,A,THRU nghĩa là lỗ xuyên suốt.,section view = hình cắt; detail view = hình trích; scale = tỷ lệ
35,B. Đọc bản vẽ cơ khí,Hole,Intermediate,Blind hole là gì?,Lỗ không xuyên suốt,Lỗ xuyên suốt,Lỗ ren ngoài,Lỗ hình vuông,A,Blind hole có đáy và không xuyên qua toàn bộ chi tiết.,section view = hình cắt; detail view = hình trích; scale = tỷ lệ
36,B. Đọc bản vẽ cơ khí,Hole,Intermediate,Counterbore thường tạo gì?,Hốc trụ đồng tâm với lỗ,Vát mép,Ren ngoài,Rãnh then,A,Counterbore tạo hốc trụ để đầu vít/bu lông nằm chìm.,section view = hình cắt; detail view = hình trích; scale = tỷ lệ
37,B. Đọc bản vẽ cơ khí,Hole,Intermediate,Countersink thường tạo gì?,Hốc côn,Hốc trụ,Rãnh vuông,Mặt phẳng chuẩn,A,Countersink là hốc dạng côn.,section view = hình cắt; detail view = hình trích; scale = tỷ lệ
38,B. Đọc bản vẽ cơ khí,Chamfer,Intermediate,1×45° trên mép thường có nghĩa gì?,Vát mép 1 mm ở góc 45°,Bo R1,Độ nhám 1,Độ sâu 45 mm,A,Đây là cách ghi phổ biến cho chamfer.,section view = hình cắt; detail view = hình trích; scale = tỷ lệ
39,B. Đọc bản vẽ cơ khí,Fillet,Intermediate,R2 thường yêu cầu gì?,Bo bán kính 2 mm,Vát 2 mm,Đường kính 2 mm,Ren 2 mm,A,R2 là bán kính bo 2 mm.,section view = hình cắt; detail view = hình trích; scale = tỷ lệ
40,B. Đọc bản vẽ cơ khí,Thread,Intermediate,M6×1-6H thường chứa thông tin nào?,"Ren trong hệ mét, đường kính danh nghĩa 6 mm, bước 1 mm, cấp dung sai 6H",Ren ngoài 6 mm,Lỗ Ø1,Độ nhám 6H,A,M6×1 là kích thước ren; 6H là cấp dung sai ren trong.,section view = hình cắt; detail view = hình trích; scale = tỷ lệ
41,B. Đọc bản vẽ cơ khí,Drawing,Basic,Ký hiệu depth trên lỗ mù cho biết gì?,Chiều sâu gia công/đặc tính được chỉ định,Đường kính ngoài,Độ nhám,Datum,A,Depth dùng để chỉ chiều sâu.,section view = hình cắt; detail view = hình trích; scale = tỷ lệ
42,B. Đọc bản vẽ cơ khí,Drawing,Basic,Center mark/crosshair trong bản vẽ thường giúp gì?,Xác định tâm đặc tính tròn/lỗ,Xác định vật liệu,Xác định độ cứng,Xác định revision,A,Center mark giúp xác định tâm.,section view = hình cắt; detail view = hình trích; scale = tỷ lệ
43,B. Đọc bản vẽ cơ khí,Drawing,Basic,Kích thước chuỗi (chain dimensioning) có nhược điểm gì?,Có thể tích lũy dung sai,Không thể đo,Không dùng được CNC,Không có đơn vị,A,Dung sai các đoạn có thể cộng dồn theo chuỗi.,section view = hình cắt; detail view = hình trích; scale = tỷ lệ
44,B. Đọc bản vẽ cơ khí,Tolerance,Intermediate,Baseline dimensioning thường có lợi điểm gì?,Giảm ảnh hưởng tích lũy từ các kích thước liên tiếp,Không cần datum,Không cần dung sai,Chỉ dùng cho ren,A,Các kích thước cùng tham chiếu một đường/điểm cơ sở.,section view = hình cắt; detail view = hình trích; scale = tỷ lệ
45,B. Đọc bản vẽ cơ khí,Drawing,Basic,Một drawing note có thể quy định điều gì?,"Yêu cầu chung như vật liệu, xử lý, kiểm tra hoặc gia công",Chỉ kích thước X,Revision và trạng thái phát hành,Chỉ tên người thiết kế,A,Notes có thể chứa nhiều yêu cầu kỹ thuật chung.,section view = hình cắt; detail view = hình trích; scale = tỷ lệ
46,B. Đọc bản vẽ cơ khí,Inspection,Intermediate,"Khi drawing yêu cầu một đặc tính hình học, chỉ đo kích thước tuyến tính có đủ không?",Không nhất thiết,Revision và trạng thái phát hành,Kích thước và dung sai,Chỉ cần nhìn bằng mắt,A,GD&T kiểm soát các đặc tính hình học và cần phương pháp đo phù hợp.,section view = hình cắt; detail view = hình trích; scale = tỷ lệ
47,B. Đọc bản vẽ cơ khí,Drawing,Basic,Đường kích thước thường kết thúc bằng gì?,Mũi tên/đầu mũi tên theo tiêu chuẩn,Hình vuông bắt buộc,Vòng tròn,Datum A,A,Đường kích thước thường có arrowheads.,section view = hình cắt; detail view = hình trích; scale = tỷ lệ
48,B. Đọc bản vẽ cơ khí,Drawing,Basic,Mục đích chính của drawing review trước sản xuất là gì?,"Xác nhận yêu cầu kỹ thuật, khả năng chế tạo và điểm kiểm soát",Chỉ kiểm tra chính tả,Chỉ kiểm tra màu,Chỉ đổi tên file,A,Review giúp phát hiện vấn đề trước sản xuất.,section view = hình cắt; detail view = hình trích; scale = tỷ lệ
49,B. Đọc bản vẽ cơ khí,Document control,Intermediate,Không nên sử dụng file customer drawing nào khi revision mới đã phát hành?,Bản cũ chưa được xác nhận còn hiệu lực,Bản hiện hành,Bản được kiểm soát,Bản đã phê duyệt,A,Bản cũ phải được kiểm soát trạng thái để tránh dùng nhầm.,section view = hình cắt; detail view = hình trích; scale = tỷ lệ
50,C. Dung sai kích thước,Limits,Intermediate,50 ±0.05 có giới hạn nào?,49.95–50.05,49.90–50.10,50.00–50.05,49.50–50.50,A,Cộng/trừ 0.05 vào kích thước danh nghĩa 50.,nominal size = kích thước danh nghĩa; limit = giới hạn; fit = lắp ghép
51,C. Dung sai kích thước,Limits,Intermediate,20 +0.02/-0.00 có giới hạn nào?,20.00–20.02,19.98–20.02,19.98–20.00,20.02–20.04,A,Dung sai trên +0.02 và dưới 0.,nominal size = kích thước danh nghĩa; limit = giới hạn; fit = lắp ghép
52,C. Dung sai kích thước,Limits,Intermediate,30 +0.00/-0.03 có giới hạn nào?,29.97–30.00,30.00–30.03,29.95–30.05,29.97–30.03,A,Giới hạn dưới = 30-0.03; giới hạn trên = 30.,nominal size = kích thước danh nghĩa; limit = giới hạn; fit = lắp ghép
53,C. Dung sai kích thước,Tolerance,Intermediate,Dung sai kích thước tổng cộng của 50 ±0.05 là bao nhiêu?,0.05,0.10,0.15,1.00,B,Khoảng từ 49.95 đến 50.05 là 0.10 mm.,nominal size = kích thước danh nghĩa; limit = giới hạn; fit = lắp ghép
54,C. Dung sai kích thước,Tolerance,Intermediate,Kích thước 100 ±0.2 có tolerance zone width bằng bao nhiêu?,0.2,0.4,100.2,99.8,B,Giới hạn 99.8 và 100.2 tạo vùng rộng 0.4 mm.,nominal size = kích thước danh nghĩa; limit = giới hạn; fit = lắp ghép
55,C. Dung sai kích thước,Limits,Intermediate,Kích thước thực 20.018 với yêu cầu 20.00–20.02 là gì?,OK,NG,Không xác định,Kích thước danh nghĩa,A,20.018 nằm trong giới hạn.,nominal size = kích thước danh nghĩa; limit = giới hạn; fit = lắp ghép
56,C. Dung sai kích thước,Limits,Intermediate,Kích thước thực 20.025 với yêu cầu 20.00–20.02 là gì?,OK,NG,OK nếu máy CNC tốt,Không thể kết luận,B,20.025 vượt giới hạn trên.,nominal size = kích thước danh nghĩa; limit = giới hạn; fit = lắp ghép
57,C. Dung sai kích thước,Limits,Intermediate,Kích thước thực 19.995 với yêu cầu 20 +0.02/-0.00 là gì?,OK,NG,Chỉ NG nếu Ra xấu,Không xác định,B,Giới hạn dưới là 20.00 mm.,nominal size = kích thước danh nghĩa; limit = giới hạn; fit = lắp ghép
58,C. Dung sai kích thước,Fits,Intermediate,Clearance fit nghĩa là gì?,Luôn có khe hở trong điều kiện thiết kế quy định,Kích thước danh nghĩa,Không có dung sai,Chỉ dùng cho ren,A,Clearance fit được thiết kế để có khe hở.,nominal size = kích thước danh nghĩa; limit = giới hạn; fit = lắp ghép
59,C. Dung sai kích thước,Fits,Intermediate,Interference fit nghĩa là gì?,Có độ dôi/cản trở khi lắp,Kích thước danh nghĩa,Không có tiếp xúc,Chỉ dùng cho nhựa,A,Interference fit yêu cầu kích thước gây độ dôi.,nominal size = kích thước danh nghĩa; limit = giới hạn; fit = lắp ghép
60,C. Dung sai kích thước,Fits,Intermediate,Transition fit có đặc điểm gì?,Có thể cho khe hở nhỏ hoặc độ dôi nhỏ tùy kích thước thực,Kích thước danh nghĩa,Giới hạn trên của kích thước,Không có dung sai,A,Transition fit nằm giữa clearance và interference.,nominal size = kích thước danh nghĩa; limit = giới hạn; fit = lắp ghép
61,C. Dung sai kích thước,ISO fits,Intermediate,"Trong hệ ISO, H cho lỗ thường có sai lệch dưới bằng gì?",0,-IT,+IT,Không xác định,A,H hole có lower deviation bằng 0.,nominal size = kích thước danh nghĩa; limit = giới hạn; fit = lắp ghép
62,C. Dung sai kích thước,ISO fits,Intermediate,"Trong hệ ISO, h cho trục thường có sai lệch trên bằng gì?",0,+IT,-IT,+0.5,A,h shaft có upper deviation bằng 0.,nominal size = kích thước danh nghĩa; limit = giới hạn; fit = lắp ghép
63,C. Dung sai kích thước,ISO fits,Intermediate,Ký hiệu 6H thường liên quan đến gì?,Cấp dung sai ren trong,Độ nhám,Độ cứng,Vật liệu,A,6H là class/tolerance position cho ren trong hệ mét.,nominal size = kích thước danh nghĩa; limit = giới hạn; fit = lắp ghép
64,C. Dung sai kích thước,ISO fits,Intermediate,IT grade biểu thị chủ yếu gì?,Cấp dung sai kích thước,Loại vật liệu,Độ nhám,Kiểu ren,A,IT grade là cấp dung sai tiêu chuẩn.,nominal size = kích thước danh nghĩa; limit = giới hạn; fit = lắp ghép
65,C. Dung sai kích thước,Stack-up,Intermediate,"Trong worst-case tolerance stack-up, các dung sai tuyến tính cùng chiều thường được xử lý thế nào?",Cộng đại số theo chiều bất lợi,Kích thước danh nghĩa,Nhân với nhau,Bỏ qua,A,Worst-case xét tổ hợp bất lợi nhất.,nominal size = kích thước danh nghĩa; limit = giới hạn; fit = lắp ghép
66,C. Dung sai kích thước,Stack-up,Intermediate,20 ±0.1 + 30 ±0.2: kích thước tổng danh nghĩa là?,50,49,51,5,A,20 + 30 = 50.,nominal size = kích thước danh nghĩa; limit = giới hạn; fit = lắp ghép
67,C. Dung sai kích thước,Stack-up,Intermediate,20 ±0.1 + 30 ±0.2: tổng dung sai theo worst-case là?,±0.1,±0.2,±0.3,±0.4,C,Sai lệch cực đại cùng chiều: 0.1+0.2=0.3.,nominal size = kích thước danh nghĩa; limit = giới hạn; fit = lắp ghép
68,C. Dung sai kích thước,Stack-up,Intermediate,20 ±0.1 - 30 ±0.2: biên sai lệch worst-case của hiệu là?,±0.1,±0.2,±0.3,±0.4,C,"Khi xét worst-case, độ lớn dung sai vẫn cộng: 0.1+0.2.",nominal size = kích thước danh nghĩa; limit = giới hạn; fit = lắp ghép
69,C. Dung sai kích thước,Stack-up,Intermediate,"Một chuỗi 4 kích thước đều ±0.05, worst-case tổng tolerance magnitude là?",±0.05,±0.10,±0.20,±0.40,C,Bốn thành phần ×0.05 = 0.20.,nominal size = kích thước danh nghĩa; limit = giới hạn; fit = lắp ghép
70,C. Dung sai kích thước,Statistical,Intermediate,RSS stack-up khác worst-case ở điểm nào?,Dùng căn tổng bình phương dung sai/độ lệch chuẩn theo mô hình thống kê,Kích thước danh nghĩa,Không cần giả định,Chỉ dùng cho ren,A,"RSS là phương pháp thống kê, thường nhỏ hơn worst-case khi giả định phù hợp.",nominal size = kích thước danh nghĩa; limit = giới hạn; fit = lắp ghép
71,C. Dung sai kích thước,Hole shaft,Intermediate,Hole Ø20 H7 và shaft Ø20 h6 có đặc trưng gì?,Clearance fit,Interference fit,Không thể lắp,Không có dung sai,A,H7/h6 tạo khe hở vì H hole không nhỏ hơn nominal và h shaft không lớn hơn nominal.,nominal size = kích thước danh nghĩa; limit = giới hạn; fit = lắp ghép
72,C. Dung sai kích thước,Hole shaft,Intermediate,Hole Ø20 H7 có kích thước thấp nhất theo nguyên tắc H là?,20.000 mm,19.900 mm,20.100 mm,Không thể biết nếu thiếu IT,A,Lower deviation của H = 0; giới hạn dưới = nominal.,nominal size = kích thước danh nghĩa; limit = giới hạn; fit = lắp ghép
73,C. Dung sai kích thước,Limits,Intermediate,"Nếu lower limit = 9.95 và upper limit = 10.05, nominal target thường là?",10.00,9.95,10.05,20.00,A,Nominal nằm giữa hai giới hạn trong ví dụ đối xứng.,nominal size = kích thước danh nghĩa; limit = giới hạn; fit = lắp ghép
74,C. Dung sai kích thước,Tolerance,Intermediate,Tightening tolerance nghĩa là gì?,Giảm độ rộng vùng dung sai,Tăng dung sai,Đổi vật liệu,Đổi datum,A,Tight tolerance làm vùng cho phép nhỏ hơn.,nominal size = kích thước danh nghĩa; limit = giới hạn; fit = lắp ghép
75,C. Dung sai kích thước,Tolerance,Intermediate,Dung sai quá chặt có thể gây ảnh hưởng gì?,Tăng chi phí gia công/đo và giảm khả năng sản xuất,Kích thước danh nghĩa,Giới hạn trên của kích thước,Tăng độ cứng vật liệu,A,Dung sai chặt thường yêu cầu quy trình và kiểm soát cao hơn.,nominal size = kích thước danh nghĩa; limit = giới hạn; fit = lắp ghép
76,C. Dung sai kích thước,Tolerance,Intermediate,Dung sai quá rộng có thể gây gì?,Chức năng/lắp ráp không đảm bảo,Kích thước danh nghĩa,Giảm mọi rủi ro,Giới hạn trên của kích thước,A,Dung sai phải phù hợp chức năng.,nominal size = kích thước danh nghĩa; limit = giới hạn; fit = lắp ghép
77,C. Dung sai kích thước,Datum,Intermediate,Datum kích thước có nghĩa là gì?,Kích thước lý thuyết/điểm tham chiếu xác định vị trí đặc tính,Kích thước danh nghĩa,Giới hạn trên của kích thước,Giới hạn dưới của kích thước,A,"Trong GD&T, basic dimension xác định vị trí lý thuyết.",nominal size = kích thước danh nghĩa; limit = giới hạn; fit = lắp ghép
78,C. Dung sai kích thước,Basic dimension,Intermediate,Basic dimension 50.00 không có ± trên bản thân nó có nghĩa gì?,Vị trí/kích thước lý thuyết được điều khiển bởi dung sai hình học hoặc yêu cầu khác,Kích thước danh nghĩa,Không có ý nghĩa,Là kích thước reference,A,Basic dimension thường kết hợp với GD&T.,nominal size = kích thước danh nghĩa; limit = giới hạn; fit = lắp ghép
79,C. Dung sai kích thước,Bilateral,Intermediate,± tolerance là dạng gì?,Bilateral tolerance,Unilateral tolerance,Limit dimension,Geometric datum,A,± cho phép sai lệch hai phía bằng nhau.,nominal size = kích thước danh nghĩa; limit = giới hạn; fit = lắp ghép
80,C. Dung sai kích thước,Unilateral,Intermediate,10 +0.03/-0.00 là dạng gì?,Unilateral tolerance,Bilateral tolerance,Geometric tolerance,Reference,A,Chỉ cho phép sai lệch một phía.,nominal size = kích thước danh nghĩa; limit = giới hạn; fit = lắp ghép
81,C. Dung sai kích thước,Limits,Intermediate,9.98–10.02 có total tolerance là?,0.02,0.04,10.00,0.20,B,10.02 - 9.98 = 0.04.,nominal size = kích thước danh nghĩa; limit = giới hạn; fit = lắp ghép
82,C. Dung sai kích thước,Limits,Intermediate,Một kích thước 25 +0.10/-0.20 có total tolerance là?,0.10,0.20,0.30,25.30,C,0.10 + 0.20 = 0.30.,nominal size = kích thước danh nghĩa; limit = giới hạn; fit = lắp ghép
83,C. Dung sai kích thước,Temperature,Intermediate,Đo chi tiết chính xác cao ở nhiệt độ khác nhiều so với nhiệt độ chuẩn có thể gây gì?,Sai số do giãn nở nhiệt,Kích thước danh nghĩa,Chỉ ảnh hưởng màu,Tăng dung sai bản vẽ,A,Kích thước vật liệu thay đổi theo nhiệt độ.,nominal size = kích thước danh nghĩa; limit = giới hạn; fit = lắp ghép
84,C. Dung sai kích thước,Measurement,Intermediate,"Khi đo lỗ bằng dụng cụ phù hợp, nên kiểm tra nhiều hướng khi cần để phát hiện gì?",Độ oval/taper hoặc biến dạng,Revision,Vật liệu,Tên người thiết kế,A,Đo nhiều vị trí/hướng giúp phát hiện sai lệch hình học.,nominal size = kích thước danh nghĩa; limit = giới hạn; fit = lắp ghép
85,C. Dung sai kích thước,Process capability,Intermediate,Cp/Cpk dùng chủ yếu để đánh giá gì?,Khả năng quá trình so với giới hạn kỹ thuật,Độ nhám trực tiếp,Độ cứng,Mã bản vẽ,A,Cp/Cpk là chỉ số năng lực quá trình.,nominal size = kích thước danh nghĩa; limit = giới hạn; fit = lắp ghép
86,C. Dung sai kích thước,Process capability,Intermediate,Cpk khác Cp ở điểm quan trọng nào?,Cpk xét cả độ lệch tâm của quá trình,Cpk bỏ qua trung bình,Cp luôn nhỏ hơn,Cp chỉ dùng cho ren,A,Cpk phản ánh cả độ phân tán và vị trí trung bình so với giới hạn.,nominal size = kích thước danh nghĩa; limit = giới hạn; fit = lắp ghép
87,C. Dung sai kích thước,Tolerance,Intermediate,Một dung sai ±0.01 trên kích thước 100 có total tolerance bao nhiêu?,0.01,0.02,0.10,1.00,B,100.01 - 99.99 = 0.02.,nominal size = kích thước danh nghĩa; limit = giới hạn; fit = lắp ghép
88,C. Dung sai kích thước,Tolerance,Intermediate,"Nếu yêu cầu chức năng không cần dung sai ±0.01, lựa chọn tốt hơn thường là gì?",Dùng dung sai phù hợp khả năng sản xuất và chức năng,Kích thước danh nghĩa,Không ghi dung sai,Xóa kích thước,A,Dung sai nên vừa đủ cho chức năng để tránh chi phí không cần thiết.,nominal size = kích thước danh nghĩa; limit = giới hạn; fit = lắp ghép
89,C. Dung sai kích thước,Tolerance,Intermediate,"Khi một kích thước có giới hạn min/max rõ ràng, giá trị đúng bằng giới hạn có được chấp nhận không?","Thông thường có, nếu tiêu chuẩn không quy định khác",Kích thước danh nghĩa,Giới hạn trên của kích thước,Giới hạn dưới của kích thước,A,Giá trị tại limit nằm trong vùng giới hạn.,nominal size = kích thước danh nghĩa; limit = giới hạn; fit = lắp ghép
90,C. Dung sai kích thước,Tolerance,Intermediate,Nominal size là gì?,Kích thước danh nghĩa dùng làm cơ sở gọi tên/kích thước,Kích thước đo nhỏ nhất,Kích thước đo lớn nhất,Độ nhám,A,Nominal là kích thước danh nghĩa.,nominal size = kích thước danh nghĩa; limit = giới hạn; fit = lắp ghép
91,C. Dung sai kích thước,Tolerance,Intermediate,Actual size là gì?,Kích thước thực tế được xác định bằng đo/đánh giá,Kích thước danh nghĩa,Dung sai tổng,Basic dimension,A,Actual size là giá trị thực tế của đặc tính.,nominal size = kích thước danh nghĩa; limit = giới hạn; fit = lắp ghép
92,C. Dung sai kích thước,Tolerance,Intermediate,Upper deviation là gì?,Sai lệch của giới hạn trên so với kích thước cơ sở,Sai lệch giới hạn dưới,Độ nhám,Độ tròn,A,Upper deviation = upper limit - basic/nominal theo hệ quy định.,nominal size = kích thước danh nghĩa; limit = giới hạn; fit = lắp ghép
93,C. Dung sai kích thước,Tolerance,Intermediate,Lower deviation là gì?,Sai lệch của giới hạn dưới so với kích thước cơ sở,Độ cứng,Độ phẳng,Độ nhám,A,Lower deviation = lower limit - basic/nominal.,nominal size = kích thước danh nghĩa; limit = giới hạn; fit = lắp ghép
94,C. Dung sai kích thước,Tolerance,Intermediate,"Khi thay đổi tolerance của một kích thước chức năng, điều gì cần xem xét?","Stack-up, chức năng, khả năng gia công và đo kiểm",Kích thước danh nghĩa,Giới hạn trên của kích thước,Chỉ người thiết kế,A,Dung sai là một phần của thiết kế chức năng và sản xuất.,nominal size = kích thước danh nghĩa; limit = giới hạn; fit = lắp ghép
95,C. Dung sai kích thước,Tolerance,Intermediate,"Nếu 2 lỗ dùng để lắp pin, chỉ kiểm tra đường kính có thể chưa đủ vì sao?",Vị trí tương đối của lỗ cũng ảnh hưởng lắp ráp,Đường kính không quan trọng,Pin không cần lỗ,Chỉ cần đo Ra,A,Vị trí lỗ là đặc tính chức năng quan trọng.,nominal size = kích thước danh nghĩa; limit = giới hạn; fit = lắp ghép
96,D. GD&T,Fundamentals,Intermediate,GD&T là viết tắt của gì?,Geometric Dimensioning and Tolerancing,General Drawing Data Table,Geometric Data Transfer,Global Design Test,A,GD&T = Geometric Dimensioning and Tolerancing.,datum = chuẩn; feature control frame = khung dung sai; tolerance zone = vùng dung sai
97,D. GD&T,Fundamentals,Intermediate,Mục đích chính của GD&T là gì?,Kiểm soát hình học và chức năng bằng hệ thống dung sai tiêu chuẩn,Chỉ làm bản vẽ đẹp,Kiểm soát vị trí tương đối của feature,Thay CNC,A,GD&T mô tả chính xác yêu cầu hình học và quan hệ giữa các đặc tính.,datum = chuẩn; feature control frame = khung dung sai; tolerance zone = vùng dung sai
98,D. GD&T,Form,Intermediate,Flatness kiểm soát gì?,Độ phẳng của một bề mặt,Vị trí lỗ,Góc giữa hai mặt,Độ đồng tâm,A,Flatness là dung sai form của một bề mặt.,datum = chuẩn; feature control frame = khung dung sai; tolerance zone = vùng dung sai
99,D. GD&T,Form,Intermediate,Flatness có cần datum không?,Không,Kiểm soát vị trí tương đối của feature,Kiểm soát hướng của feature so với datum,Kiểm soát hình dạng của feature,A,Flatness là form control nên không tham chiếu datum.,datum = chuẩn; feature control frame = khung dung sai; tolerance zone = vùng dung sai
100,D. GD&T,Form,Intermediate,Straightness của một đường/axis kiểm soát gì?,Độ thẳng của đường/đường tâm theo cách áp dụng,Độ nhám,Vật liệu,Revision,A,Straightness kiểm soát độ thẳng.,datum = chuẩn; feature control frame = khung dung sai; tolerance zone = vùng dung sai
101,D. GD&T,Form,Intermediate,Cylindricity kiểm soát gì?,Hình dạng toàn bộ bề mặt trụ,Chỉ vị trí trục,Chỉ góc,Kiểm soát vị trí tương đối của feature,A,Cylindricity là form control cho bề mặt trụ.,datum = chuẩn; feature control frame = khung dung sai; tolerance zone = vùng dung sai
102,D. GD&T,Form,Intermediate,Circularity kiểm soát gì?,Độ tròn của từng tiết diện tròn,Vị trí lỗ,Độ song song,Độ vuông góc,A,Circularity đánh giá từng profile tròn.,datum = chuẩn; feature control frame = khung dung sai; tolerance zone = vùng dung sai
103,D. GD&T,Orientation,Intermediate,Perpendicularity kiểm soát gì?,Quan hệ vuông góc với datum khi datum được tham chiếu,Độ phẳng tuyệt đối,Đường kính,Độ nhám,A,Perpendicularity là orientation control.,datum = chuẩn; feature control frame = khung dung sai; tolerance zone = vùng dung sai
104,D. GD&T,Orientation,Intermediate,Parallelism kiểm soát gì?,Quan hệ song song với datum khi datum được tham chiếu,Vị trí lỗ,Độ cứng,Bước ren,A,Parallelism là orientation control.,datum = chuẩn; feature control frame = khung dung sai; tolerance zone = vùng dung sai
105,D. GD&T,Orientation,Intermediate,Angularity kiểm soát gì?,Hướng của feature theo góc lý thuyết xác định,Đường kính,Độ nhám,Độ tròn,A,Angularity kiểm soát orientation theo góc cơ bản.,datum = chuẩn; feature control frame = khung dung sai; tolerance zone = vùng dung sai
106,D. GD&T,Location,Intermediate,Position thường dùng để kiểm soát gì?,Vị trí của feature of size,Độ nhám,Độ cứng,Màu,A,Position rất phổ biến để kiểm soát vị trí lỗ/trục.,datum = chuẩn; feature control frame = khung dung sai; tolerance zone = vùng dung sai
107,D. GD&T,Location,Intermediate,Position tolerance zone cho một lỗ thường có dạng gì khi áp dụng diametrical symbol?,Vùng trụ,Vùng hình cầu,Vùng phẳng,Vùng côn,A,Position thường tạo cylindrical tolerance zone cho axis/center plane tùy đặc tính.,datum = chuẩn; feature control frame = khung dung sai; tolerance zone = vùng dung sai
108,D. GD&T,Profile,Intermediate,Profile of a surface kiểm soát gì?,Toàn bộ biên dạng bề mặt trong vùng dung sai,Chỉ đường kính,Chỉ datum,Kiểm soát vị trí tương đối của feature,A,Profile of surface kiểm soát hình dạng bề mặt.,datum = chuẩn; feature control frame = khung dung sai; tolerance zone = vùng dung sai
109,D. GD&T,Profile,Intermediate,Profile of a line kiểm soát gì?,Biên dạng của từng tiết diện đường,Độ cứng,Vị trí datum,Mã revision,A,Profile of a line áp dụng cho line element/tiết diện.,datum = chuẩn; feature control frame = khung dung sai; tolerance zone = vùng dung sai
110,D. GD&T,Runout,Intermediate,Circular runout kiểm soát gì?,Độ biến thiên tại từng tiết diện khi quay quanh datum axis,Toàn bộ bề mặt đồng thời,Độ phẳng,Độ nhám,A,Circular runout kiểm soát từng tiết diện trong quá trình quay.,datum = chuẩn; feature control frame = khung dung sai; tolerance zone = vùng dung sai
111,D. GD&T,Runout,Intermediate,Total runout khác circular runout ở điểm nào?,Kiểm soát toàn bộ bề mặt khi quay,Chỉ kiểm tra một tiết diện,Không cần datum,Chỉ kiểm tra màu,A,Total runout đánh giá toàn bộ bề mặt liên quan.,datum = chuẩn; feature control frame = khung dung sai; tolerance zone = vùng dung sai
112,D. GD&T,Datum,Intermediate,Datum feature là gì?,Đặc tính vật lý được chọn làm cơ sở thiết lập datum,Một con số dung sai,Revision,Vật liệu,A,Datum feature là feature vật lý được dùng để thiết lập datum.,datum = chuẩn; feature control frame = khung dung sai; tolerance zone = vùng dung sai
113,D. GD&T,Datum,Intermediate,Datum là gì?,Tham chiếu hình học lý thuyết được thiết lập từ datum feature,Một dụng cụ đo,Một loại vật liệu,Một revision,A,Datum là tham chiếu lý thuyết.,datum = chuẩn; feature control frame = khung dung sai; tolerance zone = vùng dung sai
114,D. GD&T,Datum,Intermediate,Datum reference frame dùng để làm gì?,Thiết lập hệ tham chiếu để định hướng/định vị chi tiết,Tính độ nhám,Đổi đơn vị,Chọn dao,A,DRF là hệ tham chiếu cho các yêu cầu GD&T.,datum = chuẩn; feature control frame = khung dung sai; tolerance zone = vùng dung sai
115,D. GD&T,Datum sequence,Intermediate,Primary datum có vai trò gì?,Thiết lập ràng buộc đầu tiên và loại bỏ nhiều bậc tự do nhất theo simulator,Chỉ xác định màu,Chỉ đo đường kính,Không có vai trò,A,Primary datum thiết lập nền tảng đầu tiên của DRF.,datum = chuẩn; feature control frame = khung dung sai; tolerance zone = vùng dung sai
116,D. GD&T,Datum sequence,Intermediate,Secondary datum được dùng để làm gì?,Bổ sung ràng buộc sau primary,Kiểm soát vị trí tương đối của feature,Xác định revision,Chỉ đo Ra,A,Secondary tiếp tục định hướng/định vị sau primary.,datum = chuẩn; feature control frame = khung dung sai; tolerance zone = vùng dung sai
117,D. GD&T,Datum sequence,Intermediate,Tertiary datum thường hoàn thiện điều gì?,Các bậc tự do còn lại cần thiết,Màu sắc,Độ cứng,Tốc độ cắt,A,Tertiary thường hoàn thiện việc định vị.,datum = chuẩn; feature control frame = khung dung sai; tolerance zone = vùng dung sai
118,D. GD&T,Degrees freedom,Intermediate,Một vật thể cứng trong không gian có bao nhiêu bậc tự do?,3,4,6,9,C,3 tịnh tiến + 3 quay = 6.,datum = chuẩn; feature control frame = khung dung sai; tolerance zone = vùng dung sai
119,D. GD&T,3-2-1,Intermediate,Nguyên lý 3-2-1 thường dùng để minh họa điều gì?,Thiết lập/định vị chi tiết bằng các điểm tiếp xúc theo datum,Tính độ nhám,Tính tốc độ cắt,Chọn vật liệu,A,3-2-1 minh họa cách khống chế 6 bậc tự do.,datum = chuẩn; feature control frame = khung dung sai; tolerance zone = vùng dung sai
120,D. GD&T,MMC,Intermediate,MMC của một lỗ thường là kích thước nào?,Kích thước nhỏ nhất của lỗ,Kích thước lớn nhất của lỗ,Kích thước danh nghĩa luôn,Kích thước trung bình,A,"Với lỗ, vật liệu nhiều nhất tương ứng với đường kính nhỏ nhất.",datum = chuẩn; feature control frame = khung dung sai; tolerance zone = vùng dung sai
121,D. GD&T,MMC,Intermediate,MMC của một trục thường là kích thước nào?,Kích thước lớn nhất của trục,Kích thước nhỏ nhất,Kích thước trung bình,Không xác định,A,"Với trục, MMC tương ứng với đường kính lớn nhất.",datum = chuẩn; feature control frame = khung dung sai; tolerance zone = vùng dung sai
122,D. GD&T,LMC,Intermediate,LMC của một lỗ thường là gì?,Kích thước lớn nhất của lỗ,Kích thước nhỏ nhất,Nominal,Basic dimension,A,LMC của lỗ là kích thước lớn nhất vì vật liệu ít nhất.,datum = chuẩn; feature control frame = khung dung sai; tolerance zone = vùng dung sai
123,D. GD&T,LMC,Intermediate,LMC của một trục thường là gì?,Kích thước nhỏ nhất của trục,Kích thước lớn nhất,Nominal,Ra,A,LMC của trục là đường kính nhỏ nhất.,datum = chuẩn; feature control frame = khung dung sai; tolerance zone = vùng dung sai
124,D. GD&T,RFS,Intermediate,RFS nghĩa là gì?,Regardless of Feature Size,Reference Feature System,Radius Feature Size,Runout Feature Standard,A,RFS = Regardless of Feature Size.,datum = chuẩn; feature control frame = khung dung sai; tolerance zone = vùng dung sai
125,D. GD&T,MMC modifier,Intermediate,Ký hiệu M sau tolerance nghĩa gì?,Dung sai áp dụng tại MMC và cho phép bonus tolerance khi feature rời MMC theo điều kiện phù hợp,Kiểm soát vị trí tương đối của feature,Không có tolerance,Độ nhám,A,MMC modifier tạo khả năng bonus tolerance.,datum = chuẩn; feature control frame = khung dung sai; tolerance zone = vùng dung sai
126,D. GD&T,Bonus,Advanced,"Một lỗ có MMC Ø10.00 và actual Ø10.06, position tolerance Ø0.10(M). Bonus tolerance là?",0,0.03,0.06,0.10,C,Bonus = actual size - MMC size = 10.06-10.00=0.06.,datum = chuẩn; feature control frame = khung dung sai; tolerance zone = vùng dung sai
127,D. GD&T,Bonus,Advanced,"Với ví dụ lỗ Ø10.00 MMC, actual Ø10.06 và position Ø0.10(M), total position tolerance tại actual size là?",0.10,0.16,0.06,0.04,B,Total = stated 0.10 + bonus 0.06 = 0.16.,datum = chuẩn; feature control frame = khung dung sai; tolerance zone = vùng dung sai
128,D. GD&T,Bonus,Advanced,"Nếu lỗ đạt đúng MMC trong ví dụ trên, bonus tolerance là?",0,0.06,0.10,0.16,A,Tại MMC không có bonus tolerance.,datum = chuẩn; feature control frame = khung dung sai; tolerance zone = vùng dung sai
129,D. GD&T,Bonus,Advanced,"Bonus tolerance của một trục Ø10 MMC, actual Ø9.96 là?",0.04,0,0.06,0.10,A,"Với trục, rời MMC theo hướng giảm đường kính: 10.00-9.96=0.04.",datum = chuẩn; feature control frame = khung dung sai; tolerance zone = vùng dung sai
130,D. GD&T,Virtual condition,Advanced,"Với feature ngoài có MMC và dung sai hình học tại MMC, virtual condition thường liên quan đến gì?",Boundary cố định bảo vệ chức năng lắp ráp,Độ nhám,Màu,Revision,A,Virtual condition là boundary chức năng quan trọng trong kiểm tra lắp.,datum = chuẩn; feature control frame = khung dung sai; tolerance zone = vùng dung sai
131,D. GD&T,Virtual condition,Advanced,"Với lỗ Ø10.00 MMC và position Ø0.10(M), virtual condition theo cách tính cơ bản là?",Ø9.90,Ø10.10,Ø10.00,Ø9.80,A,"Đối với internal feature, VC = MMC size - geometric tolerance = 9.90.",datum = chuẩn; feature control frame = khung dung sai; tolerance zone = vùng dung sai
132,D. GD&T,Position,Intermediate,Position Ø0.20 ở RFS cho một lỗ có ý nghĩa cơ bản nào?,Axis của lỗ phải nằm trong vùng trụ Ø0.20 quanh vị trí lý thuyết,Đường kính lỗ phải 0.20,Độ phẳng 0.20,Độ nhám 0.20,A,Position tolerance tạo vùng trụ quanh true position.,datum = chuẩn; feature control frame = khung dung sai; tolerance zone = vùng dung sai
133,D. GD&T,Position,Intermediate,True position là gì?,Vị trí lý thuyết chính xác của feature,Vị trí đo được,Dung sai,Datum feature,A,True position là vị trí lý thuyết được xác định bởi basic dimensions.,datum = chuẩn; feature control frame = khung dung sai; tolerance zone = vùng dung sai
134,D. GD&T,Position,Intermediate,Tại sao position thường tốt hơn ±X/±Y để kiểm soát lỗ?,Kiểm soát vị trí hình học theo vùng trụ và quan hệ với datum,Kiểm soát vị trí tương đối của feature,Không cần datum,Không cần kích thước,A,Position thể hiện vùng dung sai vị trí phù hợp chức năng hơn.,datum = chuẩn; feature control frame = khung dung sai; tolerance zone = vùng dung sai
135,D. GD&T,Position,Intermediate,"Khi hai trục lỗ cần đồng thời nằm đúng vị trí tương đối, datum system giúp gì?",Thiết lập hệ tham chiếu nhất quán,Tăng độ nhám,Đổi vật liệu,Tăng tốc CNC,A,Datum system tạo cơ sở chung cho đánh giá.,datum = chuẩn; feature control frame = khung dung sai; tolerance zone = vùng dung sai
136,D. GD&T,Orientation,Intermediate,Perpendicularity của axis lỗ thường kiểm soát gì?,Độ nghiêng của axis lỗ so với datum,Đường kính lỗ,Độ sâu lỗ,Độ nhám,A,Nó kiểm soát orientation của axis.,datum = chuẩn; feature control frame = khung dung sai; tolerance zone = vùng dung sai
137,D. GD&T,Orientation,Intermediate,Parallelism của một bề mặt có datum A kiểm soát gì?,Bề mặt nằm trong vùng song song với datum A,Vị trí tuyệt đối của lỗ,Đường kính,Độ cứng,A,Parallelism kiểm soát orientation so với datum.,datum = chuẩn; feature control frame = khung dung sai; tolerance zone = vùng dung sai
138,D. GD&T,Form,Intermediate,Một mặt phẳng có flatness 0.05 cần datum không?,Không,Có A bắt buộc,Có B bắt buộc,Có C bắt buộc,A,Flatness không tham chiếu datum.,datum = chuẩn; feature control frame = khung dung sai; tolerance zone = vùng dung sai
139,D. GD&T,Form,Intermediate,Cylindricity khác circularity ở điểm nào?,"Cylindricity kiểm soát toàn bộ bề mặt trụ, circularity từng tiết diện",Hai cái giống hệt,Circularity cần 3 datum,Cylindricity chỉ kiểm tra đường kính,A,Cylindricity là kiểm soát 3D của bề mặt trụ.,datum = chuẩn; feature control frame = khung dung sai; tolerance zone = vùng dung sai
140,D. GD&T,Form,Intermediate,Form controls thường gồm nhóm nào?,"Straightness, flatness, circularity, cylindricity","Position, datum, revision, Ra","Parallelism, angle, material","Runout, position, title block",A,Đây là bốn form controls cơ bản.,datum = chuẩn; feature control frame = khung dung sai; tolerance zone = vùng dung sai
141,D. GD&T,Orientation,Intermediate,Orientation controls cơ bản gồm gì?,"Parallelism, perpendicularity, angularity","Position, circularity, flatness","Runout, profile, size","Datum, MMC, LMC",A,Đây là ba orientation controls.,datum = chuẩn; feature control frame = khung dung sai; tolerance zone = vùng dung sai
142,D. GD&T,Location,Intermediate,Location controls truyền thống gồm gì?,"Position, concentricity, symmetry","Flatness, straightness, circularity","Parallelism, perpendicularity","Ra, Rz, hardness",A,Đây là nhóm location controls trong hệ GD&T truyền thống.,datum = chuẩn; feature control frame = khung dung sai; tolerance zone = vùng dung sai
143,D. GD&T,Profile,Intermediate,Profile control có thể áp dụng cho gì?,Line hoặc surface,Chỉ lỗ,Chỉ ren,Chỉ datum,A,Có profile of a line và profile of a surface.,datum = chuẩn; feature control frame = khung dung sai; tolerance zone = vùng dung sai
144,D. GD&T,Runout,Intermediate,Runout thường cần datum axis không?,"Có, theo cách áp dụng thông thường",Kiểm soát vị trí tương đối của feature,Chỉ với flatness,Chỉ với Ra,A,Runout đánh giá khi quay quanh một datum axis.,datum = chuẩn; feature control frame = khung dung sai; tolerance zone = vùng dung sai
145,D. GD&T,Feature of size,Intermediate,Feature of size là gì?,"Feature có kích thước liên quan đến đối diện/giới hạn vật liệu như lỗ, trục",Mọi bề mặt phẳng,Revision,Datum symbol,A,Lỗ và trục là ví dụ điển hình.,datum = chuẩn; feature control frame = khung dung sai; tolerance zone = vùng dung sai
146,D. GD&T,Datum feature,Intermediate,Một mặt phẳng được chỉ là datum feature có phải chính nó là datum lý thuyết không?,Không; nó là feature vật lý dùng để thiết lập datum,Kiểm soát vị trí tương đối của feature,Là revision,Là MMC,A,Datum feature là thực thể vật lý; datum là tham chiếu lý thuyết.,datum = chuẩn; feature control frame = khung dung sai; tolerance zone = vùng dung sai
147,D. GD&T,Tolerance zone,Intermediate,Tolerance zone là gì?,Vùng không gian mà feature phải nằm trong đó để đáp ứng yêu cầu,Giới hạn vật liệu,Mã revision,Vùng gia công,A,Tolerance zone định nghĩa phạm vi chấp nhận hình học.,datum = chuẩn; feature control frame = khung dung sai; tolerance zone = vùng dung sai
148,D. GD&T,Position,Intermediate,Nếu position tolerance không có MMC modifier thì mặc định thường là?,RFS,MMC,LMC,Tự động bonus,A,"Nếu tiêu chuẩn áp dụng không chỉ khác, mặc định thường là RFS.",datum = chuẩn; feature control frame = khung dung sai; tolerance zone = vùng dung sai
149,D. GD&T,MMC,Intermediate,MMC có lợi ích chức năng gì khi dùng với position của lỗ?,Cho phép bonus tolerance khi lỗ lớn hơn MMC,Kiểm soát vị trí tương đối của feature,Loại bỏ datum,Đổi lỗ thành trục,A,Lỗ rời MMC có thêm position tolerance trong giới hạn chức năng.,datum = chuẩn; feature control frame = khung dung sai; tolerance zone = vùng dung sai
150,D. GD&T,Inspection,Intermediate,CMM có thể kiểm tra GD&T không?,"Có, nếu lập trình/thiết lập datum và đánh giá đúng tiêu chuẩn",Kiểm soát vị trí tương đối của feature,Chỉ đo màu,Chỉ đo nhiệt độ,A,CMM là công cụ phổ biến cho kiểm tra hình học.,datum = chuẩn; feature control frame = khung dung sai; tolerance zone = vùng dung sai
151,D. GD&T,Inspection,Intermediate,Functional gauge theo VC thường dùng để kiểm tra gì?,Khả năng lắp/chức năng theo boundary,Độ nhám trực tiếp,Vật liệu,Revision,A,Gauge mô phỏng điều kiện chức năng.,datum = chuẩn; feature control frame = khung dung sai; tolerance zone = vùng dung sai
152,D. GD&T,Inspection,Intermediate,"Khi kiểm tra position của lỗ, chỉ đo khoảng cách tâm đến tâm có luôn đủ không?","Không; cần xét datum, true position và yêu cầu GD&T",Kiểm soát vị trí tương đối của feature,Chỉ cần đo Ra,Chỉ cần nhìn,A,Đánh giá phải theo hệ datum và vùng tolerance.,datum = chuẩn; feature control frame = khung dung sai; tolerance zone = vùng dung sai
153,D. GD&T,Datum shift,Advanced,Datum feature có MMC modifier có thể cho phép gì?,Datum shift trong điều kiện áp dụng,Bonus cho flatness,Đổi vật liệu,Đổi revision,A,Datum mobility/shift có thể phát sinh theo yêu cầu MMB.,datum = chuẩn; feature control frame = khung dung sai; tolerance zone = vùng dung sai
154,D. GD&T,Datum shift,Advanced,Datum shift chủ yếu liên quan đến điều gì?,Khả năng di chuyển của datum feature trong simulator khi có material boundary modifier,Độ nhám,Độ cứng,Tốc độ dao,A,MMB/LMB có thể tạo datum mobility.,datum = chuẩn; feature control frame = khung dung sai; tolerance zone = vùng dung sai
155,D. GD&T,Drawing,Intermediate,Feature control frame dùng để thể hiện gì?,Yêu cầu GD&T,Vật liệu,Revision,Tên người thiết kế,A,"FCF chứa geometric characteristic, tolerance và datum references.",datum = chuẩn; feature control frame = khung dung sai; tolerance zone = vùng dung sai
156,D. GD&T,FCF,Intermediate,"Trong FCF, ô đầu tiên thường chứa gì?",Ký hiệu characteristic hình học,Datum,Revision,Đơn vị,A,"Ví dụ position, flatness, perpendicularity.",datum = chuẩn; feature control frame = khung dung sai; tolerance zone = vùng dung sai
157,D. GD&T,FCF,Intermediate,"Trong FCF, ký hiệu Ø trước giá trị tolerance thường chỉ gì?",Tolerance zone dạng đường kính,Đường kính feature bắt buộc,Độ nhám,Datum,A,Ø áp dụng cho dạng vùng dung sai diametrical.,datum = chuẩn; feature control frame = khung dung sai; tolerance zone = vùng dung sai
158,D. GD&T,Datum symbol,Intermediate,Tam giác datum trên drawing gắn với gì?,Datum feature được chọn,Revision,Kích thước reference,Ra,A,Datum symbol xác định feature dùng làm datum.,datum = chuẩn; feature control frame = khung dung sai; tolerance zone = vùng dung sai
159,D. GD&T,Basic dimensions,Intermediate,Basic dimensions thường dùng cùng với gì để xác định vị trí lý thuyết?,GD&T như position/profile,Ra,Material callout,Revision,A,Basic dimensions và geometric tolerance thường đi cùng nhau.,datum = chuẩn; feature control frame = khung dung sai; tolerance zone = vùng dung sai
160,D. GD&T,Profile,Intermediate,Profile có thể đồng thời kiểm soát location và orientation không?,"Có, tùy cách áp dụng datum references",Kiểm soát vị trí tương đối của feature,Chỉ kiểm soát Ra,Chỉ kiểm soát vật liệu,A,"Profile có thể kiểm soát hình dạng và, khi tham chiếu datum, cả location/orientation.",datum = chuẩn; feature control frame = khung dung sai; tolerance zone = vùng dung sai
161,D. GD&T,Surface profile,Intermediate,"Nếu profile of surface không tham chiếu datum, nó chủ yếu kiểm soát gì?",Form của bề mặt so với biên dạng lý thuyết,Vị trí tuyệt đối theo máy,Độ nhám,Revision,A,"Không có datum, nó không thiết lập orientation/location theo datum.",datum = chuẩn; feature control frame = khung dung sai; tolerance zone = vùng dung sai
162,D. GD&T,Concentricity,Intermediate,Concentricity trong GD&T truyền thống có mục đích gì?,Kiểm soát trung tâm median của feature so với datum axis,Kiểm soát toàn bộ bề mặt trụ,Kiểm soát độ phẳng,Kiểm soát Ra,A,Concentricity là location control dựa trên median points.,datum = chuẩn; feature control frame = khung dung sai; tolerance zone = vùng dung sai
163,D. GD&T,Symmetry,Intermediate,Symmetry truyền thống kiểm soát gì?,Median plane/median points đối xứng quanh datum plane/axis,Độ nhám,Đường kính,Độ phẳng tuyệt đối,A,Symmetry là location control theo hệ truyền thống.,datum = chuẩn; feature control frame = khung dung sai; tolerance zone = vùng dung sai
164,D. GD&T,Circular runout,Intermediate,Circular runout có thể kiểm soát đồng thời một số sai lệch nào tại tiết diện?,Radial variation liên quan đến form và orientation của tiết diện khi quay,Kiểm soát vị trí tương đối của feature,Chỉ Ra,Kiểm soát hướng của feature so với datum,A,Runout có thể phản ánh tổng hợp các sai lệch hình học theo cách đánh giá.,datum = chuẩn; feature control frame = khung dung sai; tolerance zone = vùng dung sai
165,D. GD&T,Total runout,Intermediate,Total runout có thể ảnh hưởng đến đặc tính nào của toàn bề mặt?,"Độ thẳng, độ tròn, độ song song/độ đồng trục theo điều kiện liên quan",Kiểm soát vị trí tương đối của feature,Chỉ độ cứng,Chỉ kích thước nominal,A,Total runout là yêu cầu tổng hợp cho bề mặt khi quay.,datum = chuẩn; feature control frame = khung dung sai; tolerance zone = vùng dung sai
166,D. GD&T,Design intent,Advanced,Tại sao nên chọn datum theo chức năng lắp ráp?,Để hệ GD&T phản ánh cách chi tiết thực sự định vị/lắp trong sản phẩm,Để bản vẽ dài hơn,Để tăng dung sai,Để dễ đổi revision,A,Datum nên phản ánh chức năng và quá trình định vị.,datum = chuẩn; feature control frame = khung dung sai; tolerance zone = vùng dung sai
167,D. GD&T,DFM,Intermediate,GD&T quá chặt có thể gây vấn đề gì?,Tăng chi phí và độ khó gia công/đo,Kiểm soát vị trí tương đối của feature,Kiểm soát hướng của feature so với datum,Tăng vật liệu,A,Dung sai hình học chặt có thể yêu cầu quy trình và đo kiểm cao.,datum = chuẩn; feature control frame = khung dung sai; tolerance zone = vùng dung sai
168,D. GD&T,Inspection,Intermediate,Một bề mặt flatness 0.02 nhưng không có datum: có thể kiểm tra bằng cách nào?,Đặt trên phương pháp đo phù hợp và đánh giá vùng hai mặt phẳng song song 0.02,So với datum A bắt buộc,Chỉ đo kích thước dài,Đo Ra,A,Flatness được đánh giá độc lập với datum.,datum = chuẩn; feature control frame = khung dung sai; tolerance zone = vùng dung sai
169,D. GD&T,GD&T,Intermediate,"Nếu drawing ghi position Ø0.1(M) A|B|C, feature rời MMC thì điều gì có thể tăng?",Dung sai position khả dụng do bonus,Kích thước nominal,Độ nhám,Revision,A,Bonus tolerance tăng khi feature rời MMC.,datum = chuẩn; feature control frame = khung dung sai; tolerance zone = vùng dung sai
170,D. GD&T,GD&T,Intermediate,Nếu lỗ nhỏ hơn MMC của nó thì có được bonus tolerance không?,Không; đó là hướng không thể xảy ra đối với lỗ nếu MMC là kích thước nhỏ nhất,Có vô hạn,Có 0.1,Tùy màu,A,Lỗ nhỏ hơn MMC là không đạt kích thước; bonus chỉ có khi rời MMC theo hướng hợp lệ.,datum = chuẩn; feature control frame = khung dung sai; tolerance zone = vùng dung sai
171,E. Vật liệu cơ khí,Aluminum,Intermediate,A6061 thường được dùng vì đặc tính nào?,Độ bền/khả năng gia công tốt và ứng dụng kết cấu phổ biến,Thành phần hợp kim,Là inox,Là nhựa,A,"6061 là hợp kim nhôm phổ biến, cân bằng cơ tính và khả năng gia công.",alloy = hợp kim; hardness = độ cứng; tensile strength = độ bền kéo
172,E. Vật liệu cơ khí,Aluminum,Intermediate,A5052 nổi bật ở điểm nào?,Khả năng chống ăn mòn và tạo hình tốt,Thành phần hợp kim,Là titanium,Không thể anodize,A,"5052 là hợp kim Al-Mg, có chống ăn mòn và khả năng tạo hình tốt.",alloy = hợp kim; hardness = độ cứng; tensile strength = độ bền kéo
173,E. Vật liệu cơ khí,Steel,Intermediate,SUS304 thuộc loại gì?,Austenitic stainless steel,Aluminum,Tool steel,Copper,A,SUS304 là inox austenitic.,alloy = hợp kim; hardness = độ cứng; tensile strength = độ bền kéo
174,E. Vật liệu cơ khí,Steel,Intermediate,SUS316 thường được chọn khi cần cải thiện khả năng chống ăn mòn so với 304 nhờ thành phần nào?,Mo,Pb,Zn,Mg,A,316 chứa molybdenum giúp cải thiện chống ăn mòn cục bộ.,alloy = hợp kim; hardness = độ cứng; tensile strength = độ bền kéo
175,E. Vật liệu cơ khí,Hardness,Intermediate,Độ cứng biểu thị gì?,Khả năng chống biến dạng/xâm nhập cục bộ,Khối lượng riêng,Màu sắc,Độ nhám,A,Hardness phản ánh khả năng chống biến dạng cục bộ.,alloy = hợp kim; hardness = độ cứng; tensile strength = độ bền kéo
176,E. Vật liệu cơ khí,Tensile,Intermediate,Tensile strength là gì?,Độ bền kéo,Độ dẫn điện,Độ nhám,Độ phẳng,A,Tensile strength là ứng suất kéo cực đại theo định nghĩa phép thử.,alloy = hợp kim; hardness = độ cứng; tensile strength = độ bền kéo
177,E. Vật liệu cơ khí,Yield,Intermediate,Yield strength liên quan đến gì?,Giới hạn chảy,Màu,Độ nhám,Đường kính,A,Yield strength liên quan đến bắt đầu biến dạng dẻo đáng kể.,alloy = hợp kim; hardness = độ cứng; tensile strength = độ bền kéo
178,E. Vật liệu cơ khí,Elastic,Intermediate,Elastic deformation là gì?,Biến dạng có thể hồi phục khi bỏ tải trong giới hạn đàn hồi,Biến dạng vĩnh viễn,Nứt,Ăn mòn,A,Biến dạng đàn hồi hồi phục khi tải được bỏ.,alloy = hợp kim; hardness = độ cứng; tensile strength = độ bền kéo
179,E. Vật liệu cơ khí,Thermal,Intermediate,Hệ số giãn nở nhiệt dùng để mô tả gì?,Mức thay đổi kích thước theo nhiệt độ,Độ cứng,Độ nhám,Độ bền ren,A,CTE mô tả biến thiên kích thước theo nhiệt độ.,alloy = hợp kim; hardness = độ cứng; tensile strength = độ bền kéo
180,E. Vật liệu cơ khí,Anodize,Intermediate,Anodize nhôm có thể làm gì?,Tạo lớp oxide bảo vệ và có thể tăng khả năng chống mài mòn tùy quy trình,Thành phần hợp kim,Xóa dung sai,Tạo ren,A,Anodizing là xử lý điện hóa bề mặt nhôm.,alloy = hợp kim; hardness = độ cứng; tensile strength = độ bền kéo
181,E. Vật liệu cơ khí,Passivation,Intermediate,Passivation inox nhằm mục đích chính nào?,Tạo/khôi phục lớp thụ động chống ăn mòn,Tăng đường kính,Tạo ren,Giảm khối lượng,A,Passivation tăng khả năng chống ăn mòn của inox.,alloy = hợp kim; hardness = độ cứng; tensile strength = độ bền kéo
182,E. Vật liệu cơ khí,Plating,Intermediate,Mạ bề mặt có thể ảnh hưởng kích thước không?,Có,Thành phần hợp kim,Chỉ ảnh hưởng màu,Chỉ ảnh hưởng tên file,A,Lớp mạ có chiều dày nên có thể ảnh hưởng kích thước.,alloy = hợp kim; hardness = độ cứng; tensile strength = độ bền kéo
183,E. Vật liệu cơ khí,Heat treatment,Intermediate,Nhiệt luyện có thể làm thay đổi kích thước chi tiết không?,"Có, do biến đổi tổ chức và ứng suất",Thành phần hợp kim,Chỉ đổi màu,Chỉ đổi tên,A,Nhiệt luyện có thể gây biến dạng/kích thước thay đổi.,alloy = hợp kim; hardness = độ cứng; tensile strength = độ bền kéo
184,E. Vật liệu cơ khí,Material cert,Intermediate,Mục đích của material certificate là gì?,Xác nhận thông tin vật liệu/lô theo yêu cầu,Xác định CNC program,Xác định datum,Đo Ra,A,Material cert hỗ trợ traceability và xác nhận vật liệu.,alloy = hợp kim; hardness = độ cứng; tensile strength = độ bền kéo
185,E. Vật liệu cơ khí,Corrosion,Intermediate,Galvanic corrosion liên quan đến gì?,Tương tác điện hóa giữa các vật liệu khác nhau trong môi trường điện ly,Thành phần hợp kim,Độ cứng,Khả năng gia công,A,Tiếp xúc vật liệu khác nhau có thể tạo pin điện hóa.,alloy = hợp kim; hardness = độ cứng; tensile strength = độ bền kéo
186,E. Vật liệu cơ khí,Aluminum,Intermediate,Nhôm và thép tiếp xúc trực tiếp trong môi trường ẩm có thể cần xem xét gì?,Ăn mòn điện hóa,Thành phần hợp kim,Chỉ dung sai,Không cần gì,A,Cặp vật liệu khác nhau có thể gây galvanic corrosion.,alloy = hợp kim; hardness = độ cứng; tensile strength = độ bền kéo
187,E. Vật liệu cơ khí,Surface,Intermediate,Surface treatment specification nên được kiểm soát như thế nào?,Theo yêu cầu bản vẽ/spec và revision kiểm soát,Tự thay đổi theo nhà cung cấp,Không cần revision,Chỉ bằng ảnh,A,Xử lý bề mặt là yêu cầu kỹ thuật cần kiểm soát.,alloy = hợp kim; hardness = độ cứng; tensile strength = độ bền kéo
188,E. Vật liệu cơ khí,Material substitution,Intermediate,Có được tự ý thay vật liệu tương đương không?,Không nếu chưa được phê duyệt khi vật liệu là yêu cầu thiết kế/khách hàng,Thành phần hợp kim,Chỉ cần nói miệng,Không cần ghi lại,A,Thay vật liệu có thể ảnh hưởng chức năng và phải theo quy trình.,alloy = hợp kim; hardness = độ cứng; tensile strength = độ bền kéo
189,E. Vật liệu cơ khí,Surface,Intermediate,Độ bóng và độ nhám có giống nhau hoàn toàn không?,Không,Có,Thành phần hợp kim,Không liên quan bề mặt,A,Gloss và roughness là các đặc tính khác nhau.,alloy = hợp kim; hardness = độ cứng; tensile strength = độ bền kéo
190,E. Vật liệu cơ khí,Machining,Intermediate,Vật liệu mềm hơn có luôn dễ gia công hơn không?,"Không; còn phụ thuộc độ dẻo, xu hướng dính dao, nhiệt và điều kiện cắt",Thành phần hợp kim,Chỉ phụ thuộc độ cứng,Không thể gia công,A,Khả năng gia công phụ thuộc nhiều yếu tố vật liệu và quy trình.,alloy = hợp kim; hardness = độ cứng; tensile strength = độ bền kéo
191,F. Gia công CNC & DFM,CNC,Intermediate,G-code trong CNC dùng chủ yếu để làm gì?,Điều khiển chuyển động/chức năng máy theo chương trình,Đo độ nhám,Đọc material cert,Quản lý revision,A,G-code chứa lệnh điều khiển máy.,cutting speed = tốc độ cắt; feed rate = lượng chạy dao; workholding = gá đặt
192,F. Gia công CNC & DFM,CNC,Intermediate,SFM/ cutting speed liên quan đến gì?,Tốc độ cắt tại vùng tiếp xúc dao-phôi,Độ nhám duy nhất,Dung sai bản vẽ,Độ cứng,A,Cutting speed là tốc độ tương đối tại vùng cắt.,cutting speed = tốc độ cắt; feed rate = lượng chạy dao; workholding = gá đặt
193,F. Gia công CNC & DFM,CNC,Intermediate,Feed rate là gì?,Tốc độ tiến dao,Tốc độ trục chính duy nhất,Độ nhám,Độ phẳng,A,Feed rate là tốc độ dịch chuyển của dao/phôi theo hướng tiến dao.,cutting speed = tốc độ cắt; feed rate = lượng chạy dao; workholding = gá đặt
194,F. Gia công CNC & DFM,CNC,Intermediate,Spindle speed thường ký hiệu gì?,RPM,Ra,MMC,Cpk,A,RPM là vòng/phút của spindle.,cutting speed = tốc độ cắt; feed rate = lượng chạy dao; workholding = gá đặt
195,F. Gia công CNC & DFM,CNC,Intermediate,Tool wear có thể gây gì?,"Sai kích thước, bề mặt xấu và bavia",Tăng độ chính xác vô hạn,Tốc độ cắt và lượng chạy dao,Đổi vật liệu,A,Mòn dao ảnh hưởng chất lượng gia công.,cutting speed = tốc độ cắt; feed rate = lượng chạy dao; workholding = gá đặt
196,F. Gia công CNC & DFM,CNC,Intermediate,Climb milling và conventional milling khác nhau chủ yếu ở gì?,Hướng tương đối giữa chuyển động dao và feed tại vùng cắt,Vật liệu,Revision,Datum,A,Hai phương pháp khác nhau về hướng chuyển động tương đối.,cutting speed = tốc độ cắt; feed rate = lượng chạy dao; workholding = gá đặt
197,F. Gia công CNC & DFM,CNC,Intermediate,Deep pocket khó gia công có thể gặp vấn đề gì?,"Rung, thoát phoi kém, dao dài và sai số",Không có vấn đề,Tốc độ cắt và lượng chạy dao,Chỉ đổi màu,A,Pocket sâu tăng yêu cầu về độ cứng dao và thoát phoi.,cutting speed = tốc độ cắt; feed rate = lượng chạy dao; workholding = gá đặt
198,F. Gia công CNC & DFM,DFM,Intermediate,Góc trong pocket phay bằng dao tròn có thể đạt góc vuông tuyệt đối không?,Không với dao phay tròn thông thường,Tốc độ cắt và lượng chạy dao,Chỉ bằng mắt,Không phụ thuộc dao,A,Bán kính dao tạo internal corner radius.,cutting speed = tốc độ cắt; feed rate = lượng chạy dao; workholding = gá đặt
199,F. Gia công CNC & DFM,DFM,Intermediate,Thiết kế corner radius hợp lý giúp gì?,Giảm khó khăn gia công và tăng khả năng dùng dao tiêu chuẩn,Tốc độ cắt và lượng chạy dao,Tuổi thọ dao,Xóa datum,A,Corner radius phù hợp DFM.,cutting speed = tốc độ cắt; feed rate = lượng chạy dao; workholding = gá đặt
200,F. Gia công CNC & DFM,DFM,Intermediate,Lỗ quá sâu so với đường kính có thể gây gì?,Khó thoát phoi và khó giữ độ chính xác,Tốc độ cắt và lượng chạy dao,Không cần coolant,Tăng độ cứng,A,Tỷ lệ sâu/đường kính cao làm gia công khó.,cutting speed = tốc độ cắt; feed rate = lượng chạy dao; workholding = gá đặt
201,F. Gia công CNC & DFM,DFM,Intermediate,Thin wall quá mỏng khi phay có thể gây gì?,Rung/biến dạng,Tăng độ cứng,Tốc độ cắt và lượng chạy dao,Tăng dung sai tự động,A,Vách mỏng dễ biến dạng và rung.,cutting speed = tốc độ cắt; feed rate = lượng chạy dao; workholding = gá đặt
202,F. Gia công CNC & DFM,DFM,Intermediate,Đặt datum chức năng phù hợp với cách gá giúp gì?,"Giảm sai lệch giữa thiết kế, gia công và kiểm tra",Tăng màu,Đổi material,Xóa tolerance,A,Datum chức năng tốt hỗ trợ nhất quán trong sản xuất/đo.,cutting speed = tốc độ cắt; feed rate = lượng chạy dao; workholding = gá đặt
203,F. Gia công CNC & DFM,CNC,Intermediate,Workholding có mục đích chính gì?,Giữ và định vị phôi ổn định,Đo Ra,Tạo revision,Tạo PMI,A,Workholding giữ phôi trong quá trình gia công.,cutting speed = tốc độ cắt; feed rate = lượng chạy dao; workholding = gá đặt
204,F. Gia công CNC & DFM,CNC,Intermediate,Zero/work coordinate system dùng để làm gì?,Thiết lập hệ tọa độ gia công,Xác định vật liệu,Đo độ cứng,Xác định revision,A,WCS là cơ sở tọa độ cho chương trình.,cutting speed = tốc độ cắt; feed rate = lượng chạy dao; workholding = gá đặt
205,F. Gia công CNC & DFM,CNC,Intermediate,Coolant có thể hỗ trợ gì?,"Làm mát, bôi trơn và hỗ trợ thoát phoi tùy quy trình",Tạo datum,Thay dung sai,Đổi vật liệu,A,Coolant có nhiều vai trò trong cắt gọt.,cutting speed = tốc độ cắt; feed rate = lượng chạy dao; workholding = gá đặt
206,F. Gia công CNC & DFM,CNC,Intermediate,Tool length offset dùng để làm gì?,Bù chiều dài dao,Bù vật liệu,Bù Ra,Đổi revision,A,Tool length offset bù chiều dài dao trong hệ điều khiển.,cutting speed = tốc độ cắt; feed rate = lượng chạy dao; workholding = gá đặt
207,F. Gia công CNC & DFM,CNC,Intermediate,Wear offset thường dùng để làm gì?,Bù sai lệch nhỏ do mòn dao/quá trình,Thay drawing,Tạo MBD,Đổi material,A,Wear compensation giúp giữ kích thước.,cutting speed = tốc độ cắt; feed rate = lượng chạy dao; workholding = gá đặt
208,F. Gia công CNC & DFM,DFM,Intermediate,"Nếu yêu cầu Ra rất thấp trên toàn bộ bề mặt nhưng chức năng không cần, vấn đề là gì?",Có thể làm tăng chi phí không cần thiết,Tốc độ cắt và lượng chạy dao,Tuổi thọ dao,Tăng độ bền chắc chắn,A,Yêu cầu bề mặt nên phù hợp chức năng.,cutting speed = tốc độ cắt; feed rate = lượng chạy dao; workholding = gá đặt
209,F. Gia công CNC & DFM,DFM,Intermediate,Tolerance stack-up nên được xem xét khi nào?,Ngay trong thiết kế các kích thước chức năng,Chỉ sau khi NG,Chỉ khi audit,Không cần,A,Stack-up nên được phân tích sớm.,cutting speed = tốc độ cắt; feed rate = lượng chạy dao; workholding = gá đặt
210,F. Gia công CNC & DFM,CNC,Intermediate,Một lỗ yêu cầu độ tròn chặt có thể cần quy trình nào phù hợp?,Khoan + doa hoặc quy trình tinh phù hợp tùy yêu cầu,Chỉ khoan thô luôn đủ,Chỉ cắt laser,Không cần kiểm tra,A,Doa/finishing có thể giúp đạt yêu cầu hình học/kích thước.,cutting speed = tốc độ cắt; feed rate = lượng chạy dao; workholding = gá đặt
211,F. Gia công CNC & DFM,DFM,Intermediate,Lỗ ren quá nhỏ và sâu có rủi ro gì?,Gãy tap và khó thoát phoi,Tốc độ cắt và lượng chạy dao,Không có,Chỉ đổi màu,A,Tap nhỏ/sâu có nguy cơ gãy và thoát phoi khó.,cutting speed = tốc độ cắt; feed rate = lượng chạy dao; workholding = gá đặt
212,F. Gia công CNC & DFM,Machining,Intermediate,Sharp internal corner trong chi tiết phay thường khó vì sao?,Dao phay có bán kính và không thể tạo góc trong vô hạn nhỏ,Không có dao,Chỉ do vật liệu,Chỉ do màu,A,Hình học dao giới hạn góc trong.,cutting speed = tốc độ cắt; feed rate = lượng chạy dao; workholding = gá đặt
213,F. Gia công CNC & DFM,CNC,Intermediate,"Sau thay đổi tool, nên kiểm soát gì?","Kích thước, bề mặt và điều kiện quá trình theo yêu cầu",Tốc độ cắt và lượng chạy dao,Không cần kiểm tra,Tuổi thọ dao,A,Thay dao có thể ảnh hưởng chất lượng.,cutting speed = tốc độ cắt; feed rate = lượng chạy dao; workholding = gá đặt
214,F. Gia công CNC & DFM,DFM,Intermediate,Thiết kế lỗ tiêu chuẩn có lợi ích gì?,"Dễ chọn dao, gauge và quy trình hơn",Tốc độ cắt và lượng chạy dao,Tuổi thọ dao,Không thể đo,A,Kích thước tiêu chuẩn hỗ trợ sản xuất và kiểm tra.,cutting speed = tốc độ cắt; feed rate = lượng chạy dao; workholding = gá đặt
215,G. Đo kiểm,Tools,Intermediate,Micrometer thường có độ phân giải tốt hơn thước cặp không?,"Có, tùy loại",Hiệu chuẩn dụng cụ đo,Điều kiện nhiệt độ đo,Chỉ đo góc,A,Panme thường dùng cho đo kích thước chính xác hơn thước cặp.,measurement = đo lường; calibration = hiệu chuẩn; uncertainty = độ không đảm bảo đo
216,G. Đo kiểm,Tools,Intermediate,Bore gauge dùng chủ yếu để đo gì?,Kích thước/biến thiên đường kính trong,Độ nhám,Độ cứng,Góc,A,Bore gauge phù hợp đánh giá lỗ và biến thiên của lỗ.,measurement = đo lường; calibration = hiệu chuẩn; uncertainty = độ không đảm bảo đo
217,G. Đo kiểm,Tools,Intermediate,Height gauge thường dùng trên gì?,Bàn máp/surface plate,Máy tiện,Lò nhiệt,Bể anodize,A,Height gauge thường làm việc cùng surface plate.,measurement = đo lường; calibration = hiệu chuẩn; uncertainty = độ không đảm bảo đo
218,G. Đo kiểm,CMM,Intermediate,CMM là viết tắt của gì?,Coordinate Measuring Machine,CNC Material Machine,Center Machining Method,Computer Milling Machine,A,CMM = Coordinate Measuring Machine.,measurement = đo lường; calibration = hiệu chuẩn; uncertainty = độ không đảm bảo đo
219,G. Đo kiểm,CMM,Intermediate,CMM có thể đo position không?,Có,Không,Chỉ Ra,Hiệu chuẩn dụng cụ đo,A,CMM có thể đánh giá position nếu thiết lập đúng.,measurement = đo lường; calibration = hiệu chuẩn; uncertainty = độ không đảm bảo đo
220,G. Đo kiểm,Calibration,Intermediate,Calibration nhằm mục đích gì?,Xác nhận mối quan hệ giữa chỉ thị của thiết bị và chuẩn/giá trị tham chiếu,Tăng tốc máy,Đổi revision,Tạo bavia,A,Hiệu chuẩn giúp xác định độ chính xác/độ lệch của thiết bị.,measurement = đo lường; calibration = hiệu chuẩn; uncertainty = độ không đảm bảo đo
221,G. Đo kiểm,MSA,Intermediate,MSA là viết tắt của gì?,Measurement System Analysis,Material Surface Approval,Machine Safety Audit,Model Size Analysis,A,MSA = Measurement System Analysis.,measurement = đo lường; calibration = hiệu chuẩn; uncertainty = độ không đảm bảo đo
222,G. Đo kiểm,GRR,Intermediate,Gage R&R đánh giá chủ yếu gì?,Repeatability và Reproducibility của hệ thống đo,Độ bền vật liệu,Tốc độ cắt,Revision,A,Gage R&R là thành phần phổ biến của MSA.,measurement = đo lường; calibration = hiệu chuẩn; uncertainty = độ không đảm bảo đo
223,G. Đo kiểm,Repeatability,Intermediate,Repeatability là gì?,Độ biến thiên khi cùng người/dụng cụ đo lặp lại trong điều kiện tương tự,Khác người đo,Khác máy,Khác vật liệu,A,Repeatability liên quan biến thiên thiết bị/phép đo lặp lại.,measurement = đo lường; calibration = hiệu chuẩn; uncertainty = độ không đảm bảo đo
224,G. Đo kiểm,Reproducibility,Intermediate,Reproducibility là gì?,Biến thiên do người vận hành/điều kiện giữa người đo,Độ nhám,Độ cứng,Kích thước nominal,A,Reproducibility phản ánh khác biệt giữa appraisers/điều kiện.,measurement = đo lường; calibration = hiệu chuẩn; uncertainty = độ không đảm bảo đo
225,G. Đo kiểm,Temperature,Intermediate,Đo chi tiết chính xác cao cần kiểm soát nhiệt độ vì sao?,Giãn nở nhiệt có thể ảnh hưởng kết quả,Đổi màu,Tạo ren,Không liên quan,A,Nhiệt độ ảnh hưởng kích thước vật và có thể cả thiết bị.,measurement = đo lường; calibration = hiệu chuẩn; uncertainty = độ không đảm bảo đo
226,G. Đo kiểm,Measurement,Intermediate,Zero error của dụng cụ có thể gây gì?,Sai lệch kết quả đo,Tăng độ cứng,Đổi material,Hiệu chuẩn dụng cụ đo,A,Sai lệch zero làm kết quả đo bị offset.,measurement = đo lường; calibration = hiệu chuẩn; uncertainty = độ không đảm bảo đo
227,G. Đo kiểm,Measurement,Intermediate,"Khi đo bề mặt cong bằng thước cặp, cần chú ý gì?",Vị trí tiếp xúc và phương đo,Hiệu chuẩn dụng cụ đo,Revision,PMI,A,Đặt sai hướng có thể tạo sai số.,measurement = đo lường; calibration = hiệu chuẩn; uncertainty = độ không đảm bảo đo
228,G. Đo kiểm,Measurement,Intermediate,Pin gauge GO/NO-GO dùng để kiểm tra gì?,Kích thước lỗ theo giới hạn chức năng,Độ nhám trực tiếp,Màu,Độ cứng,A,Pin gauge phù hợp kiểm tra kích thước lỗ theo giới hạn.,measurement = đo lường; calibration = hiệu chuẩn; uncertainty = độ không đảm bảo đo
229,G. Đo kiểm,Inspection,Intermediate,GO gauge thường đại diện cho điều kiện nào?,Giới hạn vật liệu/chức năng theo thiết kế gauge,Revision,Độ nhám,Màu,A,GO/NO-GO gauge được thiết kế theo giới hạn kiểm tra chức năng.,measurement = đo lường; calibration = hiệu chuẩn; uncertainty = độ không đảm bảo đo
230,G. Đo kiểm,Measurement,Intermediate,"Khi CMM báo lỗi position, có nên tự sửa drawing để làm chi tiết đạt không?",Không; phải xử lý nguyên nhân và thay đổi theo quy trình,Có,Hiệu chuẩn dụng cụ đo,Chỉ sửa revision,A,Drawing là yêu cầu kiểm soát; không được sửa để hợp thức hóa sản phẩm.,measurement = đo lường; calibration = hiệu chuẩn; uncertainty = độ không đảm bảo đo
231,G. Đo kiểm,Inspection,Intermediate,Sampling plan khác 100% inspection ở điểm nào?,"Sampling kiểm tra một phần theo kế hoạch, 100% kiểm tra toàn bộ",Giống nhau,Sampling luôn chính xác hơn,100% không cần tiêu chuẩn,A,Đây là khác biệt cơ bản về phạm vi kiểm tra.,measurement = đo lường; calibration = hiệu chuẩn; uncertainty = độ không đảm bảo đo
232,G. Đo kiểm,Measurement,Intermediate,Resolution của dụng cụ là gì?,Mức thay đổi nhỏ nhất mà dụng cụ hiển thị/phân biệt theo đặc tính của nó,Độ chính xác tuyệt đối,Độ nhám,Độ cứng,A,Resolution không đồng nghĩa với accuracy.,measurement = đo lường; calibration = hiệu chuẩn; uncertainty = độ không đảm bảo đo
233,G. Đo kiểm,Measurement,Intermediate,Accuracy và precision có giống nhau không?,Không,Có,Hiệu chuẩn dụng cụ đo,Chỉ khác tên,A,Accuracy liên quan độ gần giá trị đúng; precision liên quan độ lặp lại/độ phân tán.,measurement = đo lường; calibration = hiệu chuẩn; uncertainty = độ không đảm bảo đo
234,H. Xử lý bề mặt,Anodize,Intermediate,White anodize là gì?,Anodizing nhôm với yêu cầu màu trắng theo specification,Mạ kẽm thép,Passivation inox,Sơn bắt buộc,A,White anodize là xử lý anodize tạo appearance màu trắng theo yêu cầu.,surface treatment = xử lý bề mặt; coating = lớp phủ; roughness = độ nhám
235,H. Xử lý bề mặt,Anodize,Intermediate,Anodizing có thể làm thay đổi kích thước không?,Có,Độ nhám bề mặt,Chỉ đổi vật liệu,Chỉ đổi revision,A,Lớp oxide phát triển trên/ở trong bề mặt và có thể ảnh hưởng kích thước.,surface treatment = xử lý bề mặt; coating = lớp phủ; roughness = độ nhám
236,H. Xử lý bề mặt,Anodize,Intermediate,Màu anodize có thể thay đổi theo yếu tố nào?,"Hợp kim, xử lý bề mặt, điều kiện anodize và dye/sealing",Chỉ đường kính,Độ nhám bề mặt,Không yếu tố nào,A,Màu phụ thuộc nhiều biến quy trình.,surface treatment = xử lý bề mặt; coating = lớp phủ; roughness = độ nhám
237,H. Xử lý bề mặt,Passivation,Intermediate,Passivation khác anodize ở điểm nào?,Passivation phổ biến cho inox; anodize phổ biến cho nhôm,Hai quá trình luôn giống nhau,Anodize chỉ cho thép,Passivation chỉ cho nhôm,A,Hai xử lý có cơ chế và vật liệu ứng dụng khác nhau.,surface treatment = xử lý bề mặt; coating = lớp phủ; roughness = độ nhám
238,H. Xử lý bề mặt,Surface,Intermediate,Ra 0.8 có yêu cầu bề mặt chặt hơn Ra 3.2 không?,Có,Không,Độ nhám bề mặt,Không thể so,A,Giá trị Ra nhỏ hơn thường biểu thị bề mặt mịn hơn.,surface treatment = xử lý bề mặt; coating = lớp phủ; roughness = độ nhám
239,H. Xử lý bề mặt,Surface,Intermediate,Grinding marks có thể ảnh hưởng điều gì?,Appearance và đặc tính bề mặt,Revision,Mã vật liệu,Datum tự động,A,Vết mài có thể ảnh hưởng ngoại quan và roughness.,surface treatment = xử lý bề mặt; coating = lớp phủ; roughness = độ nhám
240,H. Xử lý bề mặt,Cleaning,Intermediate,Cleaning trước xử lý bề mặt có mục đích gì?,Loại dầu/bẩn và chuẩn bị bề mặt,Tăng kích thước,Đổi material,Tạo datum,A,Làm sạch giúp xử lý bề mặt ổn định.,surface treatment = xử lý bề mặt; coating = lớp phủ; roughness = độ nhám
241,H. Xử lý bề mặt,Surface,Intermediate,"Nếu khách hàng chỉ định surface treatment, có nên tự thay bằng xử lý tương đương?",Không nếu chưa được phê duyệt,Có,Độ nhám bề mặt,Chỉ cần báo miệng,A,Surface treatment có thể ảnh hưởng chức năng và appearance.,surface treatment = xử lý bề mặt; coating = lớp phủ; roughness = độ nhám
242,H. Xử lý bề mặt,Surface,Intermediate,Appearance inspection bằng mẫu chuẩn có lợi ích gì?,So sánh trực quan nhất quán với tiêu chuẩn/mẫu,Thay toàn bộ đo kích thước,Thay GD&T,Xác định tensile strength,A,Mẫu chuẩn hỗ trợ đánh giá appearance.,surface treatment = xử lý bề mặt; coating = lớp phủ; roughness = độ nhám
243,H. Xử lý bề mặt,Surface,Intermediate,"Nếu hai lot anodize có màu khác nhau, nên xem xét gì?",Điều kiện vật liệu và quy trình giữa các lot,Độ nhám bề mặt,Chỉ kích thước,Không cần điều tra,A,"Màu có thể biến đổi do hợp kim, pretreatment và điều kiện anodize.",surface treatment = xử lý bề mặt; coating = lớp phủ; roughness = độ nhám
244,I. CAD / 3D Modeling,3D CAD,Intermediate,Solid model là gì?,Mô hình 3D có thông tin hình học tạo thành vật thể,Ảnh bitmap,Chỉ drawing 2D,Chỉ PDF,A,Solid model biểu diễn hình học 3D của vật thể.,3D model = mô hình 3D; PMI = thông tin sản xuất sản phẩm; revision = phiên bản
245,I. CAD / 3D Modeling,CAD,Intermediate,Parametric modeling có ưu điểm gì?,Quan hệ và kích thước có thể điều khiển bằng tham số/feature,Không thể sửa,Chỉ tạo mesh,Chỉ dùng PDF,A,Parametric CAD cho phép cập nhật mô hình theo quan hệ thiết kế.,3D model = mô hình 3D; PMI = thông tin sản xuất sản phẩm; revision = phiên bản
246,I. CAD / 3D Modeling,CAD,Intermediate,Feature tree dùng để làm gì?,Quản lý lịch sử/các feature của mô hình,Đo Ra trực tiếp,Quản lý nhân sự,Lưu audit,A,Feature tree thể hiện các bước/feature tạo mô hình.,3D model = mô hình 3D; PMI = thông tin sản xuất sản phẩm; revision = phiên bản
247,I. CAD / 3D Modeling,CAD,Intermediate,Pattern feature dùng để làm gì?,Tạo các bản sao theo quy luật,Đổi material,Đo CMM,Tạo revision,A,Pattern tạo nhiều instance theo linear/circular pattern...,3D model = mô hình 3D; PMI = thông tin sản xuất sản phẩm; revision = phiên bản
248,I. CAD / 3D Modeling,CAD,Intermediate,Assembly constraint dùng để làm gì?,Xác định quan hệ/vị trí tương đối giữa các component,Tạo Ra,Đổi vật liệu,Tạo FAI,A,Assembly constraints định vị component.,3D model = mô hình 3D; PMI = thông tin sản xuất sản phẩm; revision = phiên bản
249,I. CAD / 3D Modeling,CAD,Intermediate,STEP file chủ yếu là gì?,Định dạng trao đổi dữ liệu CAD theo tiêu chuẩn STEP,Ảnh,File âm thanh,Database nhân sự,A,STEP là định dạng trao đổi dữ liệu sản phẩm.,3D model = mô hình 3D; PMI = thông tin sản xuất sản phẩm; revision = phiên bản
250,I. CAD / 3D Modeling,CAD,Intermediate,Export CAD sang định dạng khác có thể gây gì?,Mất/biến đổi một số feature hoặc thông tin tùy định dạng,PMI và datum,Customer part number và revision,Authority data,A,Khả năng trao đổi phụ thuộc định dạng và dữ liệu.,3D model = mô hình 3D; PMI = thông tin sản xuất sản phẩm; revision = phiên bản
251,I. CAD / 3D Modeling,CAD,Intermediate,Healing geometry dùng để làm gì?,Sửa/khắc phục vấn đề hình học khi trao đổi hoặc mô hình hóa,Đổi vật liệu,Tạo PMI,Đo độ cứng,A,Healing giúp xử lý lỗi topology/gaps...,3D model = mô hình 3D; PMI = thông tin sản xuất sản phẩm; revision = phiên bản
252,I. CAD / 3D Modeling,CAD,Intermediate,Compare 3D model dùng để làm gì?,Phát hiện khác biệt hình học giữa hai phiên bản/mô hình,Đo Ra,Tạo ren,Đổi revision tự động,A,3D comparison hỗ trợ kiểm tra thay đổi hình học.,3D model = mô hình 3D; PMI = thông tin sản xuất sản phẩm; revision = phiên bản
253,I. CAD / 3D Modeling,CAD,Intermediate,"Khi derivative model được tạo từ customer master, điều quan trọng là gì?",Traceability về master part/revision và kiểm soát thay đổi,PMI và datum,Sửa master tự do,Không cần lưu revision,A,Derivative data cần truy xuất được nguồn và revision.,3D model = mô hình 3D; PMI = thông tin sản xuất sản phẩm; revision = phiên bản
254,J. MBD / 3D PDF / PMI,MBD,Advanced,MBD là viết tắt của gì?,Model Based Definition,Machine Based Drawing,Material Based Data,Model Basic Dimension,A,MBD = Model Based Definition.,3D model = mô hình 3D; PMI = thông tin sản xuất sản phẩm; revision = phiên bản
255,J. MBD / 3D PDF / PMI,MBD,Advanced,Mục tiêu chính của MBD là gì?,Dùng mô hình 3D và thông tin sản phẩm liên quan làm nguồn định nghĩa sản phẩm thay vì phụ thuộc hoàn toàn vào drawing 2D,Chỉ tạo ảnh 3D,Thay CNC bằng PDF,Chỉ giảm dung lượng file,A,MBD đưa product definition vào mô hình và PMI/dữ liệu liên quan.,3D model = mô hình 3D; PMI = thông tin sản xuất sản phẩm; revision = phiên bản
256,J. MBD / 3D PDF / PMI,PMI,Advanced,PMI là viết tắt của gì?,Product Manufacturing Information,Product Material Index,Process Measurement Instruction,Part Model Input,A,PMI = Product Manufacturing Information.,3D model = mô hình 3D; PMI = thông tin sản xuất sản phẩm; revision = phiên bản
257,J. MBD / 3D PDF / PMI,PMI,Advanced,PMI có thể bao gồm gì?,"Kích thước, GD&T, datum, surface finish, notes và yêu cầu sản xuất/kiểm tra",PMI và datum,Customer part number và revision,Authority data,A,PMI có thể chứa nhiều thông tin định nghĩa sản phẩm.,3D model = mô hình 3D; PMI = thông tin sản xuất sản phẩm; revision = phiên bản
258,J. MBD / 3D PDF / PMI,3D PDF,Advanced,3D PDF có thể dùng để làm gì trong MBD?,Hiển thị mô hình 3D và PMI/annotation trong tài liệu dễ chia sẻ,Chỉ lưu ảnh 2D,Chỉ lập trình CNC,Thay CMM,A,3D PDF có thể là một phương tiện phân phối product definition.,3D model = mô hình 3D; PMI = thông tin sản xuất sản phẩm; revision = phiên bản
259,J. MBD / 3D PDF / PMI,3D PDF,Advanced,"Nếu 3D PDF chứa PMI, người dùng có thể xem gì?","Kích thước, GD&T, datum và các annotation được xuất vào PDF",Chỉ hình dáng,Chỉ material cert,PMI và datum,A,PMI hiển thị phụ thuộc nội dung được tác giả đưa vào file.,3D model = mô hình 3D; PMI = thông tin sản xuất sản phẩm; revision = phiên bản
260,J. MBD / 3D PDF / PMI,STEP,Advanced,STEP trong trao đổi CAD chủ yếu phục vụ gì?,Trao đổi hình học và dữ liệu sản phẩm giữa hệ CAD,Thay PDF hoàn toàn,Chỉ lưu ảnh,Chỉ lưu email,A,STEP là tiêu chuẩn trao đổi dữ liệu sản phẩm.,3D model = mô hình 3D; PMI = thông tin sản xuất sản phẩm; revision = phiên bản
261,J. MBD / 3D PDF / PMI,STEP AP214,Advanced,AP214 liên quan đến gì?,Một application protocol trong STEP cho dữ liệu core/product information và trao đổi CAD theo phạm vi tiêu chuẩn,Một loại dao,Một loại vật liệu,Một kiểu CMM,A,AP214 là một application protocol của ISO 10303.,3D model = mô hình 3D; PMI = thông tin sản xuất sản phẩm; revision = phiên bản
262,J. MBD / 3D PDF / PMI,Authority dataset,Advanced,Authority dataset trong MBD có ý nghĩa gì?,Bộ dữ liệu được xác định là nguồn có thẩm quyền để định nghĩa sản phẩm theo quy định dự án,File cá nhân chưa kiểm soát,Ảnh chụp màn hình,File tạm,A,Authority data phải được xác định và kiểm soát.,3D model = mô hình 3D; PMI = thông tin sản xuất sản phẩm; revision = phiên bản
263,J. MBD / 3D PDF / PMI,MBD,Advanced,"Nếu 3D model là authority geometry, có được tự ý thay đổi geometry không?","Không, nếu không có quyền/qui trình thay đổi được phê duyệt",Có,PMI và datum,Chỉ cần đổi tên,A,Master/authority data phải được bảo vệ khỏi thay đổi trái phép.,3D model = mô hình 3D; PMI = thông tin sản xuất sản phẩm; revision = phiên bản
264,J. MBD / 3D PDF / PMI,PMI,Advanced,Semantic PMI là gì?,PMI có cấu trúc/ngữ nghĩa máy có thể đọc để hiểu ý nghĩa kỹ thuật,PMI chỉ là ảnh,PMI không có dữ liệu,PMI là màu,A,Semantic PMI mang ý nghĩa dữ liệu có cấu trúc.,3D model = mô hình 3D; PMI = thông tin sản xuất sản phẩm; revision = phiên bản
265,J. MBD / 3D PDF / PMI,PMI,Advanced,Graphical PMI khác semantic PMI cơ bản ở đâu?,Graphical chủ yếu biểu diễn trực quan; semantic có thông tin có cấu trúc để phần mềm hiểu,Hai cái luôn giống,Graphical không nhìn thấy,Semantic chỉ là ảnh,A,Semantic PMI hỗ trợ downstream automation tốt hơn.,3D model = mô hình 3D; PMI = thông tin sản xuất sản phẩm; revision = phiên bản
266,J. MBD / 3D PDF / PMI,MBD,Advanced,Một MBD dataset thiếu thông tin cần thiết để sản xuất. Nên làm gì?,Xác nhận/clarify nguồn có thẩm quyền thay vì tự suy đoán,Tự đoán,Bỏ qua,PMI và datum,A,Không nên suy diễn yêu cầu sản phẩm.,3D model = mô hình 3D; PMI = thông tin sản xuất sản phẩm; revision = phiên bản
267,J. MBD / 3D PDF / PMI,PMI,Advanced,"Nếu PMI của datum A không rõ ràng, hành động phù hợp là gì?",Xác nhận yêu cầu từ nguồn kiểm soát,Tự chọn mặt dễ gá,Xóa datum,Chỉ dùng hình học,A,Datum là yêu cầu chức năng nên phải được xác nhận.,3D model = mô hình 3D; PMI = thông tin sản xuất sản phẩm; revision = phiên bản
268,J. MBD / 3D PDF / PMI,3D PDF,Advanced,Một 3D PDF có thể chứa nhiều saved views không?,"Có, tùy phần mềm/cách xuất",PMI và datum,Chỉ một view,Chỉ 2D,A,Saved views là tính năng thường dùng để trình bày PMI theo vùng/ý định.,3D model = mô hình 3D; PMI = thông tin sản xuất sản phẩm; revision = phiên bản
269,J. MBD / 3D PDF / PMI,3D PDF,Advanced,Section view trong 3D PDF giúp gì?,Quan sát cấu tạo bên trong mô hình,Tạo revision,Đo độ cứng,Đổi vật liệu,A,Section view giúp nhìn bên trong.,3D model = mô hình 3D; PMI = thông tin sản xuất sản phẩm; revision = phiên bản
270,J. MBD / 3D PDF / PMI,PMI,Advanced,"Khi PMI có nhiều view, tại sao cần kiểm tra từng view?",Đảm bảo tất cả yêu cầu/annotation cần thiết được hiển thị và không bị thiếu,Chỉ để đẹp,Không cần,Để đổi material,A,MBD phụ thuộc vào nội dung PMI được phân bố trong các view.,3D model = mô hình 3D; PMI = thông tin sản xuất sản phẩm; revision = phiên bản
271,J. MBD / 3D PDF / PMI,MBD,Advanced,"Nếu 3D geometry và PMI không nhất quán, rủi ro là gì?",Gia công/kiểm tra sai yêu cầu,Chỉ ảnh hưởng màu,PMI và datum,Chỉ ảnh hưởng PDF size,A,Mâu thuẫn giữa geometry và PMI có thể gây sai sản phẩm.,3D model = mô hình 3D; PMI = thông tin sản xuất sản phẩm; revision = phiên bản
272,J. MBD / 3D PDF / PMI,Traceability,Advanced,Traceability của derivative MBD data nên liên kết với gì?,"Customer part number, customer revision và nguồn master",PMI và datum,Chỉ người tạo,Chỉ ngày tạo,A,Traceability cần đủ thông tin để truy ngược nguồn.,3D model = mô hình 3D; PMI = thông tin sản xuất sản phẩm; revision = phiên bản
273,J. MBD / 3D PDF / PMI,Derivative,Advanced,Derivative data là gì?,Dữ liệu được tạo/chuyển đổi/thay đổi từ master data theo quy trình,Master data nguyên bản,File không liên quan,Email,A,Derivative data phát sinh từ master theo hoạt động được kiểm soát.,3D model = mô hình 3D; PMI = thông tin sản xuất sản phẩm; revision = phiên bản
274,J. MBD / 3D PDF / PMI,Derivative,Advanced,Chuyển đổi STEP khách hàng sang tên/revision nội bộ nhưng không sửa geometry được xem là gì?,Derivative data nếu hệ thống quản lý xác định như vậy,PMI và datum,Không phải dữ liệu,Revision khách hàng,A,Bản sao/chuyển đổi nội bộ vẫn là derivative nếu phát sinh từ master.,3D model = mô hình 3D; PMI = thông tin sản xuất sản phẩm; revision = phiên bản
275,J. MBD / 3D PDF / PMI,Master,Advanced,Master data khách hàng nên được lưu thế nào?,"Theo hệ thống lưu trữ kiểm soát, hạn chế quyền sửa/xóa trái phép",Trên desktop cá nhân,Gửi qua chat,Không cần backup,A,Master data cần kiểm soát truy cập và toàn vẹn.,3D model = mô hình 3D; PMI = thông tin sản xuất sản phẩm; revision = phiên bản
276,J. MBD / 3D PDF / PMI,Revision,Advanced,Customer revision và internal derivative revision có nhất thiết luôn giống nhau không?,Không,PMI và datum,Customer part number và revision,Không có revision,A,Revision nội bộ có thể thay đổi theo quy trình nội bộ ngay cả khi customer revision không đổi.,3D model = mô hình 3D; PMI = thông tin sản xuất sản phẩm; revision = phiên bản
277,J. MBD / 3D PDF / PMI,MBD,Advanced,"Khi customer revision thay đổi, điều gì cần kiểm tra?","Ảnh hưởng đến geometry, PMI, derivative data, quy trình và sản phẩm liên quan",PMI và datum,Customer part number và revision,Không cần kiểm tra,A,Revision change cần đánh giá impact.,3D model = mô hình 3D; PMI = thông tin sản xuất sản phẩm; revision = phiên bản
278,J. MBD / 3D PDF / PMI,PMI,Advanced,Một PMI dimension bị che trong view có thể gây rủi ro gì?,Người dùng bỏ sót yêu cầu,Tăng độ cứng,Đổi material,PMI và datum,A,PMI không rõ/không thấy có thể dẫn đến bỏ sót yêu cầu.,3D model = mô hình 3D; PMI = thông tin sản xuất sản phẩm; revision = phiên bản
279,J. MBD / 3D PDF / PMI,3D PDF,Advanced,3D PDF có phải luôn là dữ liệu hình học gốc có thể chỉnh sửa như CAD không?,Không,Có,PMI và datum,Customer part number và revision,A,3D PDF chủ yếu là phương tiện phân phối/xem; không đồng nghĩa native CAD.,3D model = mô hình 3D; PMI = thông tin sản xuất sản phẩm; revision = phiên bản
280,J. MBD / 3D PDF / PMI,STEP,Advanced,STEP và 3D PDF có cùng mục đích hoàn toàn không?,Không,Có,PMI và datum,Chỉ khác tên,A,STEP thiên về trao đổi dữ liệu CAD; 3D PDF thiên về trình bày/phân phối và PMI tùy dataset.,3D model = mô hình 3D; PMI = thông tin sản xuất sản phẩm; revision = phiên bản
281,J. MBD / 3D PDF / PMI,PMI,Advanced,"Khi sử dụng MBD cho inspection, PMI nào đặc biệt quan trọng?","Datum, basic dimensions, GD&T và kích thước/requirements liên quan",PMI và datum,Chỉ file size,Chỉ tên người tạo,A,Đây là các thông tin trực tiếp phục vụ định nghĩa và kiểm tra.,3D model = mô hình 3D; PMI = thông tin sản xuất sản phẩm; revision = phiên bản
282,J. MBD / 3D PDF / PMI,MBD,Advanced,"Nếu model không thể hiện một kích thước nhưng requirement tồn tại trong PMI/authority data khác, nên xử lý thế nào?","Theo nguồn authority và quy trình xác nhận dữ liệu, không tự suy đoán",Đo model rồi tự tạo,Bỏ qua,PMI và datum,A,Cần dùng nguồn có thẩm quyền.,3D model = mô hình 3D; PMI = thông tin sản xuất sản phẩm; revision = phiên bản
283,J. MBD / 3D PDF / PMI,PMI,Advanced,PMI có thể được dùng cho manufacturing và inspection không?,Có,Không,Chỉ marketing,Chỉ rendering,A,PMI được dùng để truyền yêu cầu sản xuất và kiểm tra.,3D model = mô hình 3D; PMI = thông tin sản xuất sản phẩm; revision = phiên bản
284,J. MBD / 3D PDF / PMI,MBD,Advanced,Một internal 2D drawing được tạo từ customer MBD có thể là gì?,Derivative production reference nếu quy trình nội bộ quy định,Customer master mặc định,Không cần revision,PMI và datum,A,Tài liệu nội bộ tạo từ master cần được kiểm soát như derivative.,3D model = mô hình 3D; PMI = thông tin sản xuất sản phẩm; revision = phiên bản
285,J. MBD / 3D PDF / PMI,MBD,Advanced,"Khi chuyển inch sang mm trong derivative data, điều quan trọng nhất là gì?","Kiểm soát chuyển đổi, kiểm tra giá trị và traceability về master",Chỉ đổi đơn vị trên title,Không cần kiểm tra,Xóa dữ liệu gốc,A,Unit conversion có thể gây sai số và phải được kiểm tra.,3D model = mô hình 3D; PMI = thông tin sản xuất sản phẩm; revision = phiên bản
286,J. MBD / 3D PDF / PMI,MBD,Advanced,"Nếu customer MBD thiếu section view cần cho gia công/kiểm tra, nhân viên nên làm gì?",Xác nhận yêu cầu hoặc tạo derivative view theo quy trình mà không thay đổi authority master,PMI và datum,Bỏ qua,Tự đoán,A,Có thể tạo dữ liệu nội bộ bổ sung nếu được kiểm soát.,3D model = mô hình 3D; PMI = thông tin sản xuất sản phẩm; revision = phiên bản
287,J. MBD / 3D PDF / PMI,MBD,Advanced,"Khi phát hành derivative data, cần kiểm soát gì?","Review, approval, revision/status và traceability",PMI và datum,Chỉ người tạo,Chỉ ngày,A,Phát hành dữ liệu derivative cần kiểm soát trạng thái và truy xuất.,3D model = mô hình 3D; PMI = thông tin sản xuất sản phẩm; revision = phiên bản
288,GD&T,Tình huống thực tế,Advanced,"Một lỗ Ø10.00–10.10 có position Ø0.05(M). Nếu actual = Ø10.08, bonus tolerance là bao nhiêu?",0.00,0.08,0.05,0.13,B,MMC của lỗ là Ø10.00; bonus = 10.08−10.00 = 0.08.,datum = chuẩn; feature control frame = khung dung sai; tolerance zone = vùng dung sai
289,GD&T,Tình huống thực tế,Advanced,"Trong câu trước, tổng position tolerance khả dụng tại actual Ø10.08 là?",0.05,0.08,0.13,0.03,C,Tổng = stated 0.05 + bonus 0.08 = Ø0.13.,datum = chuẩn; feature control frame = khung dung sai; tolerance zone = vùng dung sai
290,Tolerance,Tình huống thực tế,Advanced,Một khoảng lắp có hole min 10.02 và shaft max 9.98. Clearance tối thiểu là?,0.02,0.04,0.06,0.00,B,Clearance min = hole min − shaft max = 10.02−9.98 = 0.04.,nominal size = kích thước danh nghĩa; limit = giới hạn; fit = lắp ghép
291,Tolerance,Tình huống thực tế,Advanced,Hole max 10.08 và shaft min 9.96. Clearance tối đa là?,0.08,0.12,0.14,0.04,B,Clearance max = 10.08−9.96 = 0.12.,nominal size = kích thước danh nghĩa; limit = giới hạn; fit = lắp ghép
292,GD&T,Tình huống thực tế,Advanced,Position Ø0.20(RFS) nghĩa là khi feature size thay đổi trong giới hạn kích thước thì geometric tolerance thay đổi thế nào?,Tự động tăng theo kích thước,Tự động giảm,Không đổi do RFS,Bằng 0,C,RFS không tạo bonus tolerance theo kích thước feature.,datum = chuẩn; feature control frame = khung dung sai; tolerance zone = vùng dung sai
293,GD&T,Tình huống thực tế,Advanced,"Một mặt phẳng có flatness 0.1. Nếu hai mặt phẳng song song bao quanh toàn bộ bề mặt cách nhau 0.1, yêu cầu đạt khi nào?",Khi toàn bộ bề mặt nằm giữa hai mặt phẳng đó,Khi có datum A,Khi Ra <0.1,Khi kích thước dài đúng,A,Đó là ý nghĩa của flatness tolerance zone.,datum = chuẩn; feature control frame = khung dung sai; tolerance zone = vùng dung sai
294,GD&T,Tình huống thực tế,Advanced,Datum A là mặt đáy chức năng để gá. Datum B là mặt bên để định hướng. Lựa chọn này thể hiện điều gì?,Datum được chọn theo chức năng định vị/lắp ráp,Datum chọn ngẫu nhiên,Datum chỉ để đo,Datum chỉ để đẹp,A,Datum nên phản ánh chức năng và phương pháp định vị.,datum = chuẩn; feature control frame = khung dung sai; tolerance zone = vùng dung sai
295,MBD,Tình huống thực tế,Advanced,"Customer cung cấp 3D PDF và STEP. Trước khi tạo derivative data, điều gì cần xác định?","Revision, authority/status và quan hệ giữa các dữ liệu",PMI và datum,Chỉ kích thước file,Chỉ tên người gửi,A,Cần xác định dữ liệu nào có thẩm quyền và revision nào hiện hành.,3D model = mô hình 3D; PMI = thông tin sản xuất sản phẩm; revision = phiên bản
296,MBD,Tình huống thực tế,Advanced,Bạn thấy STEP geometry đúng nhưng 3D PDF PMI có position khác. Hành động phù hợp nhất?,Dừng sử dụng phần mâu thuẫn và xác nhận nguồn authority,Chọn PMI nhỏ hơn,Chọn STEP vì 3D,PMI và datum,A,Mâu thuẫn authority phải được giải quyết trước khi sử dụng.,3D model = mô hình 3D; PMI = thông tin sản xuất sản phẩm; revision = phiên bản
297,MBD,Tình huống thực tế,Advanced,Một internal derivative model được sửa geometry theo yêu cầu đã phê duyệt. Cần lưu gì?,"Revision/status, người tạo/reviewer/approval và traceability về master",Chỉ file cuối,Chỉ ảnh chụp,Không cần lịch sử,A,Derivative changes cần audit trail/traceability.,3D model = mô hình 3D; PMI = thông tin sản xuất sản phẩm; revision = phiên bản
298,Inspection,Tình huống thực tế,Advanced,"Nếu drawing yêu cầu position Ø0.10(M) nhưng CMM report chỉ có X/Y deviation mà không có đánh giá position, có đủ bằng chứng không?",Không nhất thiết,Hiệu chuẩn dụng cụ đo,Chỉ cần chữ ký,Chỉ cần ảnh,A,Cần bằng chứng đánh giá đúng yêu cầu position và datum.,measurement = đo lường; calibration = hiệu chuẩn; uncertainty = độ không đảm bảo đo
299,Inspection,Tình huống thực tế,Advanced,"Nếu một mặt có flatness 0.05, đo bằng CMM nhưng chương trình đánh giá sai datum A, kết quả có đáng tin không?",Không; flatness bản thân không cần datum nhưng setup/đánh giá phải đúng yêu cầu,Có,Hiệu chuẩn dụng cụ đo,Chỉ cần kích thước,A,"Flatness không dùng datum, nên nếu chương trình gắn datum sai thì phải xem lại; nhưng bản thân flatness vẫn là form control.",measurement = đo lường; calibration = hiệu chuẩn; uncertainty = độ không đảm bảo đo
300,Tolerance,Tình huống thực tế,Advanced,Một kích thước 40±0.1 được đo 40.100 đúng giới hạn trên. Kết luận theo dung sai kích thước thông thường?,OK,NG,Chưa đủ vì bằng limit,Kích thước danh nghĩa,A,Giá trị đúng upper limit thường vẫn nằm trong vùng chấp nhận.,nominal size = kích thước danh nghĩa; limit = giới hạn; fit = lắp ghép
301,GD&T,Fundamentals,Intermediate,"Trong GD&T, feature nghĩa gần nhất là gì?",Đặc tính/đối tượng hình học,Vật liệu,Máy CNC,Người kiểm tra,A,Feature là đối tượng hình học được kiểm soát hoặc tham chiếu.,datum = chuẩn; feature control frame = khung dung sai; tolerance zone = vùng dung sai
302,GD&T,Fundamentals,Intermediate,"Trong tình huống kỹ thuật này, Tolerance zone là gì?",Vùng không gian mà feature phải nằm trong đó,Vùng vật liệu,Vùng gia công,Vùng an toàn,A,Tolerance zone là vùng giới hạn cho phép của yêu cầu hình học.,datum = chuẩn; feature control frame = khung dung sai; tolerance zone = vùng dung sai
303,GD&T,Form,Intermediate,Flatness 0.08 tạo vùng dung sai như thế nào?,Hai mặt phẳng song song cách nhau 0.08,Hai mặt phẳng vuông góc,Một hình cầu,Một trụ,A,Flatness tạo vùng gồm hai mặt phẳng song song.,datum = chuẩn; feature control frame = khung dung sai; tolerance zone = vùng dung sai
304,GD&T,Form,Intermediate,Circularity kiểm soát điều gì?,Biên dạng tròn của từng tiết diện,Vị trí tâm so với datum,Độ song song,Độ nhám,A,Circularity kiểm soát hình dạng từng tiết diện tròn.,datum = chuẩn; feature control frame = khung dung sai; tolerance zone = vùng dung sai
305,GD&T,Form,Advanced,"Trong tình huống kỹ thuật này, Cylindricity khác circularity ở điểm nào?",Cylindricity kiểm soát toàn bộ bề mặt trụ,Cylindricity chỉ kiểm tra một tiết diện,Circularity luôn cần datum,Hai khái niệm giống nhau,A,Cylindricity kiểm soát toàn bộ bề mặt trụ.,datum = chuẩn; feature control frame = khung dung sai; tolerance zone = vùng dung sai
306,GD&T,Form,Intermediate,Straightness của line element kiểm soát gì?,Độ thẳng của phần tử đường,Độ vuông góc với datum,Đường kính,Độ nhám,A,Straightness kiểm soát độ thẳng theo cách áp dụng.,datum = chuẩn; feature control frame = khung dung sai; tolerance zone = vùng dung sai
307,GD&T,Orientation,Intermediate,Perpendicularity của surface kiểm soát gì?,Orientation của surface so với datum,Độ nhám,Đường kính,Màu,A,Perpendicularity kiểm soát quan hệ vuông góc với datum.,datum = chuẩn; feature control frame = khung dung sai; tolerance zone = vùng dung sai
308,GD&T,Orientation,Intermediate,Parallelism của surface với datum A yêu cầu gì?,Bề mặt nằm trong vùng song song với datum A,Đường kính phải đúng,Không cần datum,Độ cứng,A,Parallelism kiểm soát orientation so với datum.,datum = chuẩn; feature control frame = khung dung sai; tolerance zone = vùng dung sai
309,GD&T,Orientation,Intermediate,Angularity dùng để kiểm soát gì?,Orientation theo một góc cơ bản xác định,Đường kính,Độ nhám,Khối lượng,A,Angularity kiểm soát orientation theo góc lý thuyết.,datum = chuẩn; feature control frame = khung dung sai; tolerance zone = vùng dung sai
310,GD&T,Location,Intermediate,Position của lỗ chủ yếu kiểm soát gì?,Vị trí và hướng của axis/feature,Độ nhám,Độ cứng,Màu,A,Position là control chính cho location của feature of size.,datum = chuẩn; feature control frame = khung dung sai; tolerance zone = vùng dung sai
311,GD&T,Location,Advanced,Position Ø0.20(M) của hole: hole lớn hơn MMC thì điều gì có thể xảy ra?,Có bonus tolerance,Dung sai giảm,Datum mất,Kích thước danh nghĩa đổi,A,Hole rời MMC có thể nhận bonus tolerance.,datum = chuẩn; feature control frame = khung dung sai; tolerance zone = vùng dung sai
312,GD&T,Location,Advanced,"Trong tình huống kỹ thuật này, RFS nghĩa là gì?",Regardless of Feature Size,Reference Feature Standard,Radial Form System,Required Feature Size,A,RFS không tạo bonus tolerance do thay đổi kích thước feature.,datum = chuẩn; feature control frame = khung dung sai; tolerance zone = vùng dung sai
313,GD&T,Limits,Advanced,MMC của shaft Ø9.90–10.00 là?,10.00,9.90,9.95,0,A,Shaft lớn nhất chứa nhiều vật liệu nhất.,datum = chuẩn; feature control frame = khung dung sai; tolerance zone = vùng dung sai
314,GD&T,Limits,Advanced,LMC của hole Ø10.00–10.10 là?,10.10,10.00,10.05,0,A,Hole lớn nhất chứa ít vật liệu nhất.,datum = chuẩn; feature control frame = khung dung sai; tolerance zone = vùng dung sai
315,GD&T,Datums,Intermediate,"Trong tình huống kỹ thuật này, Datum feature là gì?",Feature thực tế được chọn làm cơ sở thiết lập datum,Kích thước bất kỳ,Vật liệu,Tên máy đo,A,Datum feature là feature thực tế dùng để thiết lập datum.,datum = chuẩn; feature control frame = khung dung sai; tolerance zone = vùng dung sai
316,GD&T,Datums,Advanced,Vì sao datum A-B-C quan trọng?,Thiết lập hệ tham chiếu và bậc tự do nhất quán,Đổi vật liệu,Đổi màu,Tăng tốc CNC,A,Datum reference frame xác lập cơ sở đánh giá hình học.,datum = chuẩn; feature control frame = khung dung sai; tolerance zone = vùng dung sai
317,GD&T,Profile,Intermediate,"Trong tình huống kỹ thuật này, Profile of a surface kiểm soát gì?",Biên dạng của toàn bộ bề mặt,Chỉ độ phẳng,Chỉ đường kính,Chỉ vị trí tâm,A,Profile kiểm soát biên dạng theo vùng dung sai.,datum = chuẩn; feature control frame = khung dung sai; tolerance zone = vùng dung sai
318,GD&T,Runout,Intermediate,Circular runout kiểm tra gì?,Biến thiên chỉ thị tại từng tiết diện khi quay,Độ phẳng toàn mặt,Độ cứng,Màu,A,Circular runout đánh giá biến thiên tại circular element khi quay.,datum = chuẩn; feature control frame = khung dung sai; tolerance zone = vùng dung sai
319,GD&T,Runout,Advanced,Total runout khác circular runout thế nào?,Kiểm soát toàn bộ bề mặt trong suốt phép quay,Chỉ một tiết diện,Chỉ kích thước,Kiểm soát vị trí tương đối của feature,A,Total runout kiểm soát toàn bộ surface khi quay.,datum = chuẩn; feature control frame = khung dung sai; tolerance zone = vùng dung sai
320,GD&T,Drawing,Intermediate,Feature Control Frame dùng để làm gì?,Thể hiện yêu cầu GD&T,Thể hiện vật liệu,Đặt tên file,Tạo toolpath,A,"FCF chứa symbol, tolerance, modifier và datum reference.",datum = chuẩn; feature control frame = khung dung sai; tolerance zone = vùng dung sai
321,GD&T,Drawing,Advanced,Basic dimension thường được thể hiện bằng gì?,Khung chữ nhật,Hình tròn,Tam giác,Gạch chéo,A,Basic dimension thường được đặt trong rectangular frame.,datum = chuẩn; feature control frame = khung dung sai; tolerance zone = vùng dung sai
322,GD&T,Inspection,Advanced,Functional gage dùng để làm gì?,Mô phỏng điều kiện lắp/hoạt động để đánh giá pass/fail,Kiểm soát vị trí tương đối của feature,Đo độ cứng,Kiểm soát hướng của feature so với datum,A,Functional gage đánh giá chức năng theo điều kiện thiết kế.,datum = chuẩn; feature control frame = khung dung sai; tolerance zone = vùng dung sai
323,Tolerance,Fundamentals,Intermediate,20.00 ±0.05 có upper limit là?,20.05,19.95,20.00,0.05,A,Upper limit = 20.00 + 0.05.,nominal size = kích thước danh nghĩa; limit = giới hạn; fit = lắp ghép
324,Tolerance,Fundamentals,Intermediate,20.00 ±0.05 có lower limit là?,19.95,20.05,20.00,0.10,A,Lower limit = 20.00 − 0.05.,nominal size = kích thước danh nghĩa; limit = giới hạn; fit = lắp ghép
325,Tolerance,Fundamentals,Intermediate,20.00 +0.03/-0.01 có total tolerance là?,0.04,0.02,0.03,0.01,A,0.03 − (−0.01) = 0.04.,nominal size = kích thước danh nghĩa; limit = giới hạn; fit = lắp ghép
326,Tolerance,Fits,Intermediate,Clearance fit là gì?,Luôn có khe hở,Kích thước danh nghĩa,Có thể cả hai,Không có tolerance,A,Clearance fit tạo clearance dương theo giới hạn thiết kế.,nominal size = kích thước danh nghĩa; limit = giới hạn; fit = lắp ghép
327,Tolerance,Fits,Intermediate,Interference fit là gì?,Luôn có độ dôi,Kích thước danh nghĩa,Không có tolerance,Chỉ cho ren,A,Interference fit tạo độ dôi giữa mating features.,nominal size = kích thước danh nghĩa; limit = giới hạn; fit = lắp ghép
328,Tolerance,Fits,Intermediate,Transition fit có thể cho kết quả nào?,Clearance hoặc interference tùy kích thước thực,Chỉ clearance,Chỉ interference,Không có giới hạn,A,Transition fit nằm giữa hai loại fit trên.,nominal size = kích thước danh nghĩa; limit = giới hạn; fit = lắp ghép
329,Tolerance,Fits,Intermediate,Minimum clearance được tính thế nào?,Hole min − shaft max,Hole max − shaft min,Shaft max − hole min,Nominal − nominal,A,Đây là trường hợp xấu nhất để khe hở nhỏ nhất.,nominal size = kích thước danh nghĩa; limit = giới hạn; fit = lắp ghép
330,Tolerance,Fits,Intermediate,Maximum clearance được tính thế nào?,Hole max − shaft min,Hole min − shaft max,Shaft max − hole max,Nominal − nominal,A,Hole lớn nhất kết hợp shaft nhỏ nhất cho clearance lớn nhất.,nominal size = kích thước danh nghĩa; limit = giới hạn; fit = lắp ghép
331,Tolerance,Limits,Intermediate,MMC của hole thường là giới hạn nào?,Đường kính nhỏ nhất,Đường kính lớn nhất,Trung bình,Nominal,A,Hole nhỏ nhất chứa nhiều vật liệu nhất.,nominal size = kích thước danh nghĩa; limit = giới hạn; fit = lắp ghép
332,Tolerance,Limits,Intermediate,LMC của shaft thường là giới hạn nào?,Đường kính nhỏ nhất,Đường kính lớn nhất,Trung bình,Nominal,A,Shaft nhỏ nhất chứa ít vật liệu nhất.,nominal size = kích thước danh nghĩa; limit = giới hạn; fit = lắp ghép
333,MBD,Fundamentals,Intermediate,"Trong tình huống kỹ thuật này, MBD là viết tắt của gì?",Model-Based Definition,Mechanical Basic Drawing,Material Based Data,Model Backup Document,A,MBD là phương pháp dùng model 3D làm nguồn định nghĩa sản phẩm cùng PMI.,3D model = mô hình 3D; PMI = thông tin sản xuất sản phẩm; revision = phiên bản
334,MBD,PMI,Intermediate,PMI là gì?,Product Manufacturing Information,Part Model Index,Production Material Input,Process Measurement Item,A,"PMI chứa dimensions, tolerances, GD&T, notes và thông tin sản xuất phù hợp.",3D model = mô hình 3D; PMI = thông tin sản xuất sản phẩm; revision = phiên bản
335,MBD,STEP,Intermediate,STEP trong CAD chủ yếu dùng để làm gì?,Trao đổi dữ liệu CAD,Chụp màn hình,Đo CMM,Lập bảng Excel,A,STEP là chuẩn trao đổi dữ liệu CAD.,3D model = mô hình 3D; PMI = thông tin sản xuất sản phẩm; revision = phiên bản
336,MBD,Master Data,Advanced,Customer master data nên được quản lý thế nào?,"Bảo vệ, kiểm soát truy cập và truy xuất revision",Tự do sửa,Ghi đè,Xóa sau khi tạo derivative,A,Master data là nguồn gốc cần được bảo vệ.,3D model = mô hình 3D; PMI = thông tin sản xuất sản phẩm; revision = phiên bản
337,MBD,Derivative,Advanced,"Trong tình huống kỹ thuật này, Derivative data là gì?",Dữ liệu nội bộ tạo/chuyển đổi từ master data,Dữ liệu không liên quan,Bản nháp không kiểm soát,File đã xóa,A,Derivative data là dữ liệu phái sinh được tạo có kiểm soát.,3D model = mô hình 3D; PMI = thông tin sản xuất sản phẩm; revision = phiên bản
338,MBD,Traceability,Advanced,Traceability tốt nên truy ngược theo chuỗi nào?,Derivative → Master → Customer PN → Customer Revision,Derivative → tên người tạo,File → màu,CNC → dao,A,Chuỗi này giúp chứng minh nguồn gốc và revision.,3D model = mô hình 3D; PMI = thông tin sản xuất sản phẩm; revision = phiên bản
339,MBD,Revision,Advanced,"Khi customer revision thay đổi, nên làm gì trước?","Xác nhận, cập nhật và đánh giá tác động theo quy trình",PMI và datum,Xóa bản cũ,Bỏ qua,A,Revision change phải được kiểm soát và đánh giá impact.,3D model = mô hình 3D; PMI = thông tin sản xuất sản phẩm; revision = phiên bản
340,MBD,Conversion,Advanced,Đổi inch sang mm trong derivative cần kiểm soát gì?,"Conversion, rounding, verification và traceability",Chỉ đổi title,Không cần review,PMI và datum,A,Chuyển đổi đơn vị có thể gây sai số và cần kiểm tra.,3D model = mô hình 3D; PMI = thông tin sản xuất sản phẩm; revision = phiên bản
341,MBD,Authority,Advanced,Authority data set nghĩa gần nhất là gì?,Bộ dữ liệu được chỉ định là nguồn có thẩm quyền,File tạm,Ảnh minh họa,Bản nháp,A,Authority data là nguồn chính thức được chỉ định cho yêu cầu.,3D model = mô hình 3D; PMI = thông tin sản xuất sản phẩm; revision = phiên bản
342,MBD,3D PDF,Intermediate,3D PDF trong workflow có thể dùng để làm gì?,Xem model và PMI trong tài liệu,Tự động tạo CNC,Tự động đo CMM,Thay QMS,A,3D PDF phù hợp để viewing/documentation theo workflow.,3D model = mô hình 3D; PMI = thông tin sản xuất sản phẩm; revision = phiên bản
343,CNC,Fundamentals,Intermediate,CNC là viết tắt của gì?,Computer Numerical Control,Computer Network Control,Central Number Calculation,Control New Cutting,A,CNC là điều khiển số bằng máy tính.,cutting speed = tốc độ cắt; feed rate = lượng chạy dao; workholding = gá đặt
344,CNC,Cutting,Intermediate,"Trong tình huống kỹ thuật này, Feed rate là gì?",Tốc độ tiến dao,Tốc độ trục chính,Độ nhám,Độ cứng,A,Feed rate là tốc độ tiến dao.,cutting speed = tốc độ cắt; feed rate = lượng chạy dao; workholding = gá đặt
345,CNC,Cutting,Intermediate,Spindle speed là gì?,Tốc độ quay trục chính,Tốc độ tiến dao,Độ phẳng,Dung sai,A,Spindle speed thường tính bằng rpm.,cutting speed = tốc độ cắt; feed rate = lượng chạy dao; workholding = gá đặt
346,CNC,Tooling,Intermediate,Tool offset dùng để làm gì?,Bù sai lệch hình học/chiều dài/bán kính dao,Đổi vật liệu,Đổi revision,Đo độ nhám,A,Tool offset bù vị trí hoặc geometry của tool.,cutting speed = tốc độ cắt; feed rate = lượng chạy dao; workholding = gá đặt
347,Inspection,Measurement,Intermediate,"Trong tình huống kỹ thuật này, CMM là viết tắt của gì?",Coordinate Measuring Machine,Computer Milling Machine,Central Measurement Model,Control Material Method,A,CMM là máy đo tọa độ.,measurement = đo lường; calibration = hiệu chuẩn; uncertainty = độ không đảm bảo đo
348,Inspection,Measurement,Intermediate,Gauge R&R đánh giá gì?,Repeatability và reproducibility của hệ thống đo,Độ cứng,Độ nhám,Tool life,A,Gauge R&R đánh giá variation của hệ thống đo.,measurement = đo lường; calibration = hiệu chuẩn; uncertainty = độ không đảm bảo đo
349,Drawing,Control,Intermediate,Revision history dùng để làm gì?,Theo dõi thay đổi của tài liệu,Đo đường kính,Tạo toolpath,Đổi vật liệu,A,Revision history giúp truy xuất thay đổi theo phiên bản.,section view = hình cắt; detail view = hình trích; scale = tỷ lệ
350,Drawing,Views,Intermediate,Section view dùng để làm gì?,Hiển thị cấu trúc bên trong bằng mặt cắt,Revision và trạng thái phát hành,Tạo CNC,Kích thước và dung sai,A,Section view giúp nhìn các đặc điểm bên trong bị che khuất.,section view = hình cắt; detail view = hình trích; scale = tỷ lệ
351,Drawing,Views,Intermediate,Detail view dùng để làm gì?,Phóng to vùng nhỏ để thể hiện chi tiết,Đổi revision,Đo vật liệu,Xóa datum,A,Detail view làm rõ một khu vực nhỏ của drawing.,section view = hình cắt; detail view = hình trích; scale = tỷ lệ
352,Material,Aluminum,Intermediate,A5052P thuộc nhóm nào?,Hợp kim nhôm,Thép carbon,Titanium,Nhựa,A,A5052P là hợp kim nhôm dạng tấm theo ký hiệu vật liệu.,alloy = hợp kim; hardness = độ cứng; tensile strength = độ bền kéo
353,Material,Stainless,Intermediate,SUS304 là gì?,Thép không gỉ austenitic,Nhôm,Đồng,Nhựa,A,SUS304 là stainless steel phổ biến.,alloy = hợp kim; hardness = độ cứng; tensile strength = độ bền kéo
354,Surface,Roughness,Intermediate,Ra là tham số gì?,Độ nhám bề mặt,Độ cứng,Đường kính,Position,A,Ra là tham số phổ biến mô tả surface roughness.,surface treatment = xử lý bề mặt; coating = lớp phủ; roughness = độ nhám
355,Surface,Treatment,Intermediate,Anodizing nhôm chủ yếu tạo gì?,Lớp oxide trên bề mặt,Lớp thép,Lớp ren,Lớp nhựa,A,Anodizing tạo lớp oxide bảo vệ/bề mặt theo quy trình.,surface treatment = xử lý bề mặt; coating = lớp phủ; roughness = độ nhám
356,Surface,Treatment,Intermediate,Passivation thường áp dụng cho vật liệu nào?,Thép không gỉ,Chỉ nhôm,Chỉ nhựa,Độ nhám bề mặt,A,Passivation thường dùng cho stainless steel để cải thiện khả năng chống ăn mòn.,surface treatment = xử lý bề mặt; coating = lớp phủ; roughness = độ nhám
357,Process,Machining,Intermediate,Deburring là gì?,Loại bỏ ba via,Tăng độ nhám,Tạo ren,Đổi vật liệu,A,Deburring là công đoạn loại bỏ burr sau gia công.,cutting speed = tốc độ cắt; feed rate = lượng chạy dao; workholding = gá đặt
358,Process,Heat Treatment,Intermediate,Heat treatment là gì?,Xử lý nhiệt để thay đổi tính chất vật liệu,Sơn,Đo kích thước,Tốc độ cắt và lượng chạy dao,A,Heat treatment dùng chu trình nhiệt để thay đổi cơ tính/cấu trúc.,cutting speed = tốc độ cắt; feed rate = lượng chạy dao; workholding = gá đặt
359,Process,Machining,Intermediate,Milling là gì?,Gia công phay,Gia công tiện,Đo CMM,Xử lý nhiệt,A,Milling dùng dao phay quay để cắt vật liệu.,cutting speed = tốc độ cắt; feed rate = lượng chạy dao; workholding = gá đặt
360,Process,Machining,Intermediate,Turning là gì?,Gia công tiện,Gia công phay,Đo độ nhám,Anodizing,A,Turning thường quay phôi và dùng dao tiện.,cutting speed = tốc độ cắt; feed rate = lượng chạy dao; workholding = gá đặt
361,Process,Machining,Intermediate,Drilling là gì?,Khoan lỗ,Phay mặt,Đo profile,Đánh bóng,A,Drilling là quá trình tạo lỗ bằng mũi khoan.,cutting speed = tốc độ cắt; feed rate = lượng chạy dao; workholding = gá đặt
362,GD&T,Scenario,Advanced,"Hole Ø10.00–10.10, position Ø0.05(M), actual Ø10.08. Bonus tolerance?",0.00,0.08,0.05,0.13,B,Bonus = 10.08 − 10.00 = 0.08.,datum = chuẩn; feature control frame = khung dung sai; tolerance zone = vùng dung sai
363,GD&T,Scenario,Advanced,"Cùng hole trên, total position tolerance khả dụng?",0.05,0.08,0.13,0.03,C,Total = 0.05 + 0.08 = 0.13.,datum = chuẩn; feature control frame = khung dung sai; tolerance zone = vùng dung sai
364,GD&T,Scenario,Advanced,"Hole Ø10.00–10.20, position Ø0.10(M), actual Ø10.15. Bonus?",0.05,0.10,0.15,0.20,C,Bonus = 10.15 − 10.00 = 0.15.,datum = chuẩn; feature control frame = khung dung sai; tolerance zone = vùng dung sai
365,Tolerance,Scenario,Intermediate,"Hole min 10.02, shaft max 9.98. Minimum clearance?",0.02,0.04,0.06,0.00,B,10.02 − 9.98 = 0.04.,nominal size = kích thước danh nghĩa; limit = giới hạn; fit = lắp ghép
366,Tolerance,Scenario,Intermediate,"Hole max 10.08, shaft min 9.96. Maximum clearance?",0.08,0.12,0.14,0.04,B,10.08 − 9.96 = 0.12.,nominal size = kích thước danh nghĩa; limit = giới hạn; fit = lắp ghép
367,Tolerance,Scenario,Intermediate,Kích thước 25.00 +0.04/-0.02. Lower limit?,24.98,25.02,25.00,0.06,A,25.00 − 0.02 = 24.98.,nominal size = kích thước danh nghĩa; limit = giới hạn; fit = lắp ghép
368,Tolerance,Scenario,Intermediate,Kích thước 25.00 +0.04/-0.02. Total tolerance?,0.02,0.04,0.06,0.08,C,0.04 − (−0.02) = 0.06.,nominal size = kích thước danh nghĩa; limit = giới hạn; fit = lắp ghép
369,GD&T,Scenario,Advanced,Position Ø0.20(RFS): feature size thay đổi thì tolerance hình học thế nào?,Tăng tự động,Giảm tự động,Không đổi,Về 0,C,RFS không tạo bonus tolerance theo size.,datum = chuẩn; feature control frame = khung dung sai; tolerance zone = vùng dung sai
370,GD&T,Scenario,Intermediate,Flatness 0.10: toàn bộ surface nằm giữa hai mặt phẳng song song cách 0.10. Kết luận?,Đạt yêu cầu flatness,Chắc chắn fail,Cần datum A,Chỉ đạt nếu Ra <0.10,A,Đây là vùng dung sai flatness.,datum = chuẩn; feature control frame = khung dung sai; tolerance zone = vùng dung sai
371,MBD,Scenario,Advanced,Customer cung cấp 3D PDF + STEP. STEP và 3D PDF nên được quản lý thế nào?,Theo authority/master và revision; derivative tách riêng,Gộp thành một file,Xóa STEP,Sửa trực tiếp master,A,"Cần duy trì nguồn gốc, revision và phân biệt master/derivative.",3D model = mô hình 3D; PMI = thông tin sản xuất sản phẩm; revision = phiên bản
372,MBD,Scenario,Advanced,Customer MBD thiếu section cần cho inspection. Nên làm gì?,Xác nhận yêu cầu hoặc tạo derivative view có kiểm soát,PMI và datum,Tự đoán,Bỏ qua,A,Không tự suy diễn authority customer.,3D model = mô hình 3D; PMI = thông tin sản xuất sản phẩm; revision = phiên bản
373,MBD,Scenario,Advanced,Derivative model đổi inch sang mm. Điều nào quan trọng nhất?,Conversion + verification + traceability,Chỉ đổi tên file,PMI và datum,Không cần review,A,Chuyển đổi phải được kiểm soát và xác minh.,3D model = mô hình 3D; PMI = thông tin sản xuất sản phẩm; revision = phiên bản
374,Inspection,Scenario,Intermediate,CMM đo position nhưng datum A-B-C chưa được thiết lập đúng. Kết quả có đáng tin không?,"Không, phải thiết lập datum reference đúng","Có, luôn đúng",Chỉ phụ thuộc CMM,Chỉ phụ thuộc operator,A,Datum reference frame là cơ sở của phép đánh giá GD&T.,measurement = đo lường; calibration = hiệu chuẩn; uncertainty = độ không đảm bảo đo
375,CNC,Scenario,Intermediate,Drawing yêu cầu Ø10 H7 nhưng process tạo lỗ bằng reamer. Việc cần kiểm soát là gì?,Tool/process capability và kết quả kích thước,Tốc độ cắt và lượng chạy dao,Chỉ tên máy,Không cần đo,A,Process phải có khả năng đáp ứng size tolerance và cần kiểm tra.,cutting speed = tốc độ cắt; feed rate = lượng chạy dao; workholding = gá đặt
376,Drawing,Scenario,Intermediate,Drawing revision tăng từ Rev.02 lên Rev.03. Cần làm gì với bản Rev.02?,"Kiểm soát status/OLD theo quy trình, không ghi đè",Xóa ngay,Dùng song song không kiểm soát,Đổi tên thành Rev.03,A,Revision cũ cần được kiểm soát để tránh dùng nhầm.,section view = hình cắt; detail view = hình trích; scale = tỷ lệ
377,Surface,Scenario,Intermediate,Hai lot anodizing có màu khác nhau. Điều tra nên xem gì?,"Material, surface condition và process parameters",Độ nhám bề mặt,Chỉ CMM,Lớp phủ bề mặt,A,"Màu anodizing chịu ảnh hưởng bởi vật liệu, bề mặt và điều kiện xử lý.",surface treatment = xử lý bề mặt; coating = lớp phủ; roughness = độ nhám
378,GD&T,Scenario,Advanced,"Datum A là mặt gá chính, B định hướng bên, C khóa vị trí cuối. Điều này thể hiện gì?",Datum được chọn theo chức năng định vị,Chọn ngẫu nhiên,Chỉ phục vụ vẽ đẹp,Chỉ phục vụ kiểm tra màu,A,Datum system nên phản ánh functional locating scheme.,datum = chuẩn; feature control frame = khung dung sai; tolerance zone = vùng dung sai
379,GD&T,Scenario,Advanced,Một surface có parallelism 0.05 | A. Datum nào là tham chiếu?,A,B,C,Không có,A,FCF tham chiếu datum A.,datum = chuẩn; feature control frame = khung dung sai; tolerance zone = vùng dung sai
380,GD&T,Scenario,Advanced,Một surface có flatness 0.05. Datum A có bắt buộc không?,Không,Có,Chỉ khi CMM,Chỉ khi nhôm,A,Flatness là form control và không cần datum.,datum = chuẩn; feature control frame = khung dung sai; tolerance zone = vùng dung sai
381,MBD,Scenario,Advanced,Nếu master customer bị sửa trực tiếp để thuận tiện gia công thì rủi ro chính là gì?,Mất authority và traceability,Tăng tốc CNC,Giảm dung lượng,Tăng độ chính xác,A,Master data không nên bị thay đổi trái phép.,3D model = mô hình 3D; PMI = thông tin sản xuất sản phẩm; revision = phiên bản
382,GD&T,Scenario,Intermediate,"Khi một FCF tham chiếu datum A, A đóng vai trò gì?",Chuẩn tham chiếu,Kích thước danh nghĩa,Vật liệu,Tên revision,A,Datum A là chuẩn tham chiếu cho phép đánh giá hình học.,datum = chuẩn; feature control frame = khung dung sai; tolerance zone = vùng dung sai
383,GD&T,Scenario,Intermediate,Một control thuộc nhóm form có cần datum reference không?,Thông thường không,Kiểm soát vị trí tương đối của feature,Kiểm soát hướng của feature so với datum,Kiểm soát hình dạng của feature,A,"Form controls như flatness, circularity và cylindricity không cần datum reference.",datum = chuẩn; feature control frame = khung dung sai; tolerance zone = vùng dung sai
384,GD&T,Scenario,Intermediate,Position khác size tolerance ở điểm nào?,Position kiểm soát quan hệ hình học/vị trí,Position chỉ kiểm soát đường kính,Size tolerance chỉ kiểm soát datum,Hai loại giống nhau,A,Size tolerance kiểm soát kích thước; position kiểm soát location/orientation theo yêu cầu.,datum = chuẩn; feature control frame = khung dung sai; tolerance zone = vùng dung sai
385,GD&T,Scenario,Intermediate,"Nếu drawing ghi surface profile nhưng không có datum, điều cần xem là gì?",Yêu cầu profile và tiêu chuẩn áp dụng,Tự chọn datum,Bỏ qua profile,Đổi sang flatness,A,"Cần đọc đúng yêu cầu profile và tiêu chuẩn áp dụng, không tự thêm datum.",datum = chuẩn; feature control frame = khung dung sai; tolerance zone = vùng dung sai
386,GD&T,Scenario,Advanced,MMC modifier trên datum feature có thể liên quan đến hiện tượng nào?,Datum shift,Đổi vật liệu,Đổi revision,Đổi màu,A,"Trong điều kiện áp dụng, M trên datum feature có thể cho phép datum shift.",datum = chuẩn; feature control frame = khung dung sai; tolerance zone = vùng dung sai
387,Tolerance,Scenario,Intermediate,Kích thước 50.00 ±0.10 có total tolerance là?,0.20,0.10,50.10,49.90,A,0.10 + 0.10 = 0.20.,nominal size = kích thước danh nghĩa; limit = giới hạn; fit = lắp ghép
388,Tolerance,Scenario,Intermediate,Hole 20.00–20.05 và shaft 19.95–19.98. Minimum clearance?,0.02,0.05,0.07,0.00,A,20.00 − 19.98 = 0.02.,nominal size = kích thước danh nghĩa; limit = giới hạn; fit = lắp ghép
389,Tolerance,Scenario,Intermediate,Hole 20.00–20.05 và shaft 19.95–19.98. Maximum clearance?,0.07,0.05,0.02,0.10,D,20.05 − 19.95 = 0.10.,nominal size = kích thước danh nghĩa; limit = giới hạn; fit = lắp ghép
390,MBD,Scenario,Advanced,"Khi derivative được tạo từ master, có nên ghi lại nguồn master không?",Có,Không,Chỉ khi khách hỏi,Chỉ với CNC,A,Traceability yêu cầu liên kết derivative với nguồn master.,3D model = mô hình 3D; PMI = thông tin sản xuất sản phẩm; revision = phiên bản
391,MBD,Scenario,Intermediate,PMI viết tắt của cụm từ nào?,Product Manufacturing Information,Part Measurement Index,Process Model Input,Production Material Index,A,PMI = Product Manufacturing Information.,3D model = mô hình 3D; PMI = thông tin sản xuất sản phẩm; revision = phiên bản
392,CNC,Scenario,Intermediate,Tool life nghĩa là gì?,Tuổi thọ dao,Tốc độ dao,Chiều dài phôi,Độ nhám,A,Tool life là thời gian/khả năng sử dụng hữu ích của dao trước khi thay hoặc phục hồi.,cutting speed = tốc độ cắt; feed rate = lượng chạy dao; workholding = gá đặt
393,Inspection,Scenario,Intermediate,Calibration là gì?,Hiệu chuẩn thiết bị đo theo chuẩn tham chiếu,Đo kích thước bằng mắt,Tạo bản vẽ,Đổi revision,A,Calibration xác lập/kiểm tra quan hệ giữa thiết bị đo và chuẩn.,measurement = đo lường; calibration = hiệu chuẩn; uncertainty = độ không đảm bảo đo
394,Drawing,Scenario,Intermediate,Revision control giúp ngăn ngừa điều gì?,Sử dụng nhầm phiên bản tài liệu,Sai màu chi tiết,Tăng tốc CNC,Đổi vật liệu,A,Revision control ngăn dùng nhầm dữ liệu cũ hoặc chưa được phê duyệt.,section view = hình cắt; detail view = hình trích; scale = tỷ lệ
395,Surface,Scenario,Intermediate,Burr là gì?,Ba via sau gia công,Vết nứt vật liệu,Độ nhám,Lớp oxide,A,Burr là phần vật liệu thừa nhỏ phát sinh sau cắt/gia công.,surface treatment = xử lý bề mặt; coating = lớp phủ; roughness = độ nhám
396,Process,Scenario,Intermediate,Process parameter là gì?,Thông số của quá trình,Tên nhân viên,Tên file,Mã vật liệu duy nhất,A,Process parameters là các thông số điều khiển điều kiện quá trình.,cutting speed = tốc độ cắt; feed rate = lượng chạy dao; workholding = gá đặt
397,GD&T,Fundamentals,Intermediate,"Trong tình huống kỹ thuật này, Trong GD&T, feature nghĩa gần nhất là gì?",Đặc tính/đối tượng hình học,Vật liệu,Máy CNC,Người kiểm tra,A,Feature là đối tượng hình học được kiểm soát hoặc tham chiếu.,datum = chuẩn; feature control frame = khung dung sai; tolerance zone = vùng dung sai
398,GD&T,Fundamentals,Intermediate,"Trong tình huống kỹ thuật này, Trong tình huống kỹ thuật này, Tolerance zone là gì? (trường hợp thực hành)",Vùng không gian mà feature phải nằm trong đó,Vùng vật liệu,Vùng gia công,Vùng an toàn,A,Tolerance zone là vùng giới hạn cho phép của yêu cầu hình học.,datum = chuẩn; feature control frame = khung dung sai; tolerance zone = vùng dung sai
399,GD&T,Form,Intermediate,"Trong tình huống kỹ thuật này, Flatness 0.08 tạo vùng dung sai như thế nào?",Hai mặt phẳng song song cách nhau 0.08,Hai mặt phẳng vuông góc,Một hình cầu,Một trụ,A,Flatness tạo vùng gồm hai mặt phẳng song song.,datum = chuẩn; feature control frame = khung dung sai; tolerance zone = vùng dung sai
400,GD&T,Form,Intermediate,"Trong tình huống kỹ thuật này, Circularity kiểm soát điều gì?",Biên dạng tròn của từng tiết diện,Vị trí tâm so với datum,Độ song song,Độ nhám,A,Circularity kiểm soát hình dạng từng tiết diện tròn.,datum = chuẩn; feature control frame = khung dung sai; tolerance zone = vùng dung sai
401,GD&T,Form,Advanced,"Trong tình huống kỹ thuật này, Trong tình huống kỹ thuật này, Cylindricity khác circularity ở điểm nào? (trường hợp thực hành)",Cylindricity kiểm soát toàn bộ bề mặt trụ,Cylindricity chỉ kiểm tra một tiết diện,Circularity luôn cần datum,Hai khái niệm giống nhau,A,Cylindricity kiểm soát toàn bộ bề mặt trụ.,datum = chuẩn; feature control frame = khung dung sai; tolerance zone = vùng dung sai
402,GD&T,Form,Intermediate,"Trong tình huống kỹ thuật này, Straightness của line element kiểm soát gì?",Độ thẳng của phần tử đường,Độ vuông góc với datum,Đường kính,Độ nhám,A,Straightness kiểm soát độ thẳng theo cách áp dụng.,datum = chuẩn; feature control frame = khung dung sai; tolerance zone = vùng dung sai
403,GD&T,Orientation,Intermediate,"Trong tình huống kỹ thuật này, Perpendicularity của surface kiểm soát gì?",Orientation của surface so với datum,Độ nhám,Đường kính,Màu,A,Perpendicularity kiểm soát quan hệ vuông góc với datum.,datum = chuẩn; feature control frame = khung dung sai; tolerance zone = vùng dung sai
404,GD&T,Orientation,Intermediate,"Trong tình huống kỹ thuật này, Parallelism của surface với datum A yêu cầu gì?",Bề mặt nằm trong vùng song song với datum A,Đường kính phải đúng,Không cần datum,Độ cứng,A,Parallelism kiểm soát orientation so với datum.,datum = chuẩn; feature control frame = khung dung sai; tolerance zone = vùng dung sai
405,GD&T,Orientation,Intermediate,"Trong tình huống kỹ thuật này, Angularity dùng để kiểm soát gì?",Orientation theo một góc cơ bản xác định,Đường kính,Độ nhám,Khối lượng,A,Angularity kiểm soát orientation theo góc lý thuyết.,datum = chuẩn; feature control frame = khung dung sai; tolerance zone = vùng dung sai
406,GD&T,Location,Intermediate,"Trong tình huống kỹ thuật này, Position của lỗ chủ yếu kiểm soát gì?",Vị trí và hướng của axis/feature,Độ nhám,Độ cứng,Màu,A,Position là control chính cho location của feature of size.,datum = chuẩn; feature control frame = khung dung sai; tolerance zone = vùng dung sai
407,GD&T,Location,Advanced,"Trong tình huống kỹ thuật này, Position Ø0.20(M) của hole: hole lớn hơn MMC thì điều gì có thể xảy ra?",Có bonus tolerance,Dung sai giảm,Datum mất,Kích thước danh nghĩa đổi,A,Hole rời MMC có thể nhận bonus tolerance.,datum = chuẩn; feature control frame = khung dung sai; tolerance zone = vùng dung sai
408,GD&T,Location,Advanced,"Trong tình huống kỹ thuật này, Trong tình huống kỹ thuật này, RFS nghĩa là gì? (trường hợp thực hành)",Regardless of Feature Size,Reference Feature Standard,Radial Form System,Required Feature Size,A,RFS không tạo bonus tolerance do thay đổi kích thước feature.,datum = chuẩn; feature control frame = khung dung sai; tolerance zone = vùng dung sai
409,GD&T,Limits,Advanced,"Trong tình huống kỹ thuật này, MMC của shaft Ø9.90–10.00 là?",10.00,9.90,9.95,0,A,Shaft lớn nhất chứa nhiều vật liệu nhất.,datum = chuẩn; feature control frame = khung dung sai; tolerance zone = vùng dung sai
410,GD&T,Limits,Advanced,"Trong tình huống kỹ thuật này, LMC của hole Ø10.00–10.10 là?",10.10,10.00,10.05,0,A,Hole lớn nhất chứa ít vật liệu nhất.,datum = chuẩn; feature control frame = khung dung sai; tolerance zone = vùng dung sai
411,GD&T,Datums,Intermediate,"Trong tình huống kỹ thuật này, Trong tình huống kỹ thuật này, Datum feature là gì? (trường hợp thực hành)",Feature thực tế được chọn làm cơ sở thiết lập datum,Kích thước bất kỳ,Vật liệu,Tên máy đo,A,Datum feature là feature thực tế dùng để thiết lập datum.,datum = chuẩn; feature control frame = khung dung sai; tolerance zone = vùng dung sai
412,GD&T,Datums,Advanced,"Trong tình huống kỹ thuật này, Vì sao datum A-B-C quan trọng?",Thiết lập hệ tham chiếu và bậc tự do nhất quán,Đổi vật liệu,Đổi màu,Tăng tốc CNC,A,Datum reference frame xác lập cơ sở đánh giá hình học.,datum = chuẩn; feature control frame = khung dung sai; tolerance zone = vùng dung sai
413,GD&T,Profile,Intermediate,"Trong tình huống kỹ thuật này, Trong tình huống kỹ thuật này, Profile of a surface kiểm soát gì? (trường hợp thực hành)",Biên dạng của toàn bộ bề mặt,Chỉ độ phẳng,Chỉ đường kính,Chỉ vị trí tâm,A,Profile kiểm soát biên dạng theo vùng dung sai.,datum = chuẩn; feature control frame = khung dung sai; tolerance zone = vùng dung sai
414,GD&T,Runout,Intermediate,"Trong tình huống kỹ thuật này, Circular runout kiểm tra gì?",Biến thiên chỉ thị tại từng tiết diện khi quay,Độ phẳng toàn mặt,Độ cứng,Màu,A,Circular runout đánh giá biến thiên tại circular element khi quay.,datum = chuẩn; feature control frame = khung dung sai; tolerance zone = vùng dung sai
415,GD&T,Runout,Advanced,"Trong tình huống kỹ thuật này, Total runout khác circular runout thế nào?",Kiểm soát toàn bộ bề mặt trong suốt phép quay,Chỉ một tiết diện,Chỉ kích thước,Kiểm soát vị trí tương đối của feature,A,Total runout kiểm soát toàn bộ surface khi quay.,datum = chuẩn; feature control frame = khung dung sai; tolerance zone = vùng dung sai
416,GD&T,Drawing,Intermediate,"Trong tình huống kỹ thuật này, Feature Control Frame dùng để làm gì?",Thể hiện yêu cầu GD&T,Thể hiện vật liệu,Đặt tên file,Tạo toolpath,A,"FCF chứa symbol, tolerance, modifier và datum reference.",datum = chuẩn; feature control frame = khung dung sai; tolerance zone = vùng dung sai
417,GD&T,Drawing,Advanced,"Trong tình huống kỹ thuật này, Basic dimension thường được thể hiện bằng gì?",Khung chữ nhật,Hình tròn,Tam giác,Gạch chéo,A,Basic dimension thường được đặt trong rectangular frame.,datum = chuẩn; feature control frame = khung dung sai; tolerance zone = vùng dung sai
418,GD&T,Inspection,Advanced,"Trong tình huống kỹ thuật này, Functional gage dùng để làm gì?",Mô phỏng điều kiện lắp/hoạt động để đánh giá pass/fail,Kiểm soát vị trí tương đối của feature,Đo độ cứng,Kiểm soát hướng của feature so với datum,A,Functional gage đánh giá chức năng theo điều kiện thiết kế.,datum = chuẩn; feature control frame = khung dung sai; tolerance zone = vùng dung sai
419,Tolerance,Fundamentals,Intermediate,"Trong tình huống kỹ thuật này, 20.00 ±0.05 có upper limit là?",20.05,19.95,20.00,0.05,A,Upper limit = 20.00 + 0.05.,nominal size = kích thước danh nghĩa; limit = giới hạn; fit = lắp ghép
420,Tolerance,Fundamentals,Intermediate,"Trong tình huống kỹ thuật này, 20.00 ±0.05 có lower limit là?",19.95,20.05,20.00,0.10,A,Lower limit = 20.00 − 0.05.,nominal size = kích thước danh nghĩa; limit = giới hạn; fit = lắp ghép
421,Tolerance,Fundamentals,Intermediate,"Trong tình huống kỹ thuật này, 20.00 +0.03/-0.01 có total tolerance là?",0.04,0.02,0.03,0.01,A,0.03 − (−0.01) = 0.04.,nominal size = kích thước danh nghĩa; limit = giới hạn; fit = lắp ghép
422,Tolerance,Fits,Intermediate,"Trong tình huống kỹ thuật này, Clearance fit là gì?",Luôn có khe hở,Kích thước danh nghĩa,Có thể cả hai,Không có tolerance,A,Clearance fit tạo clearance dương theo giới hạn thiết kế.,nominal size = kích thước danh nghĩa; limit = giới hạn; fit = lắp ghép
423,Tolerance,Fits,Intermediate,"Trong tình huống kỹ thuật này, Interference fit là gì?",Luôn có độ dôi,Kích thước danh nghĩa,Không có tolerance,Chỉ cho ren,A,Interference fit tạo độ dôi giữa mating features.,nominal size = kích thước danh nghĩa; limit = giới hạn; fit = lắp ghép
424,Tolerance,Fits,Intermediate,"Trong tình huống kỹ thuật này, Transition fit có thể cho kết quả nào?",Clearance hoặc interference tùy kích thước thực,Chỉ clearance,Chỉ interference,Không có giới hạn,A,Transition fit nằm giữa hai loại fit trên.,nominal size = kích thước danh nghĩa; limit = giới hạn; fit = lắp ghép
425,Tolerance,Fits,Intermediate,"Trong tình huống kỹ thuật này, Minimum clearance được tính thế nào?",Hole min − shaft max,Hole max − shaft min,Shaft max − hole min,Nominal − nominal,A,Đây là trường hợp xấu nhất để khe hở nhỏ nhất.,nominal size = kích thước danh nghĩa; limit = giới hạn; fit = lắp ghép
426,Tolerance,Fits,Intermediate,"Trong tình huống kỹ thuật này, Maximum clearance được tính thế nào?",Hole max − shaft min,Hole min − shaft max,Shaft max − hole max,Nominal − nominal,A,Hole lớn nhất kết hợp shaft nhỏ nhất cho clearance lớn nhất.,nominal size = kích thước danh nghĩa; limit = giới hạn; fit = lắp ghép
427,Tolerance,Limits,Intermediate,"Trong tình huống kỹ thuật này, MMC của hole thường là giới hạn nào?",Đường kính nhỏ nhất,Đường kính lớn nhất,Trung bình,Nominal,A,Hole nhỏ nhất chứa nhiều vật liệu nhất.,nominal size = kích thước danh nghĩa; limit = giới hạn; fit = lắp ghép
428,Tolerance,Limits,Intermediate,"Trong tình huống kỹ thuật này, LMC của shaft thường là giới hạn nào?",Đường kính nhỏ nhất,Đường kính lớn nhất,Trung bình,Nominal,A,Shaft nhỏ nhất chứa ít vật liệu nhất.,nominal size = kích thước danh nghĩa; limit = giới hạn; fit = lắp ghép
429,MBD,Fundamentals,Intermediate,"Trong tình huống kỹ thuật này, Trong tình huống kỹ thuật này, MBD là viết tắt của gì? (trường hợp thực hành)",Model-Based Definition,Mechanical Basic Drawing,Material Based Data,Model Backup Document,A,MBD là phương pháp dùng model 3D làm nguồn định nghĩa sản phẩm cùng PMI.,3D model = mô hình 3D; PMI = thông tin sản xuất sản phẩm; revision = phiên bản
430,MBD,PMI,Intermediate,"Trong tình huống kỹ thuật này, PMI là gì?",Product Manufacturing Information,Part Model Index,Production Material Input,Process Measurement Item,A,"PMI chứa dimensions, tolerances, GD&T, notes và thông tin sản xuất phù hợp.",3D model = mô hình 3D; PMI = thông tin sản xuất sản phẩm; revision = phiên bản
431,MBD,STEP,Intermediate,"Trong tình huống kỹ thuật này, STEP trong CAD chủ yếu dùng để làm gì?",Trao đổi dữ liệu CAD,Chụp màn hình,Đo CMM,Lập bảng Excel,A,STEP là chuẩn trao đổi dữ liệu CAD.,3D model = mô hình 3D; PMI = thông tin sản xuất sản phẩm; revision = phiên bản
432,MBD,Master Data,Advanced,"Trong tình huống kỹ thuật này, Customer master data nên được quản lý thế nào?","Bảo vệ, kiểm soát truy cập và truy xuất revision",Tự do sửa,Ghi đè,Xóa sau khi tạo derivative,A,Master data là nguồn gốc cần được bảo vệ.,3D model = mô hình 3D; PMI = thông tin sản xuất sản phẩm; revision = phiên bản
433,MBD,Derivative,Advanced,"Trong tình huống kỹ thuật này, Trong tình huống kỹ thuật này, Derivative data là gì? (trường hợp thực hành)",Dữ liệu nội bộ tạo/chuyển đổi từ master data,Dữ liệu không liên quan,Bản nháp không kiểm soát,File đã xóa,A,Derivative data là dữ liệu phái sinh được tạo có kiểm soát.,3D model = mô hình 3D; PMI = thông tin sản xuất sản phẩm; revision = phiên bản
434,MBD,Traceability,Advanced,"Trong tình huống kỹ thuật này, Traceability tốt nên truy ngược theo chuỗi nào?",Derivative → Master → Customer PN → Customer Revision,Derivative → tên người tạo,File → màu,CNC → dao,A,Chuỗi này giúp chứng minh nguồn gốc và revision.,3D model = mô hình 3D; PMI = thông tin sản xuất sản phẩm; revision = phiên bản
435,MBD,Revision,Advanced,"Trong tình huống kỹ thuật này, Khi customer revision thay đổi, nên làm gì trước?","Xác nhận, cập nhật và đánh giá tác động theo quy trình",PMI và datum,Xóa bản cũ,Bỏ qua,A,Revision change phải được kiểm soát và đánh giá impact.,3D model = mô hình 3D; PMI = thông tin sản xuất sản phẩm; revision = phiên bản
436,MBD,Conversion,Advanced,"Trong tình huống kỹ thuật này, Đổi inch sang mm trong derivative cần kiểm soát gì?","Conversion, rounding, verification và traceability",Chỉ đổi title,Không cần review,PMI và datum,A,Chuyển đổi đơn vị có thể gây sai số và cần kiểm tra.,3D model = mô hình 3D; PMI = thông tin sản xuất sản phẩm; revision = phiên bản
437,MBD,Authority,Advanced,"Trong tình huống kỹ thuật này, Authority data set nghĩa gần nhất là gì?",Bộ dữ liệu được chỉ định là nguồn có thẩm quyền,File tạm,Ảnh minh họa,Bản nháp,A,Authority data là nguồn chính thức được chỉ định cho yêu cầu.,3D model = mô hình 3D; PMI = thông tin sản xuất sản phẩm; revision = phiên bản
438,MBD,3D PDF,Intermediate,"Trong tình huống kỹ thuật này, 3D PDF trong workflow có thể dùng để làm gì?",Xem model và PMI trong tài liệu,Tự động tạo CNC,Tự động đo CMM,Thay QMS,A,3D PDF phù hợp để viewing/documentation theo workflow.,3D model = mô hình 3D; PMI = thông tin sản xuất sản phẩm; revision = phiên bản
439,CNC,Fundamentals,Intermediate,"Trong tình huống kỹ thuật này, CNC là viết tắt của gì?",Computer Numerical Control,Computer Network Control,Central Number Calculation,Control New Cutting,A,CNC là điều khiển số bằng máy tính.,cutting speed = tốc độ cắt; feed rate = lượng chạy dao; workholding = gá đặt
440,CNC,Cutting,Intermediate,"Trong tình huống kỹ thuật này, Trong tình huống kỹ thuật này, Feed rate là gì? (trường hợp thực hành)",Tốc độ tiến dao,Tốc độ trục chính,Độ nhám,Độ cứng,A,Feed rate là tốc độ tiến dao.,cutting speed = tốc độ cắt; feed rate = lượng chạy dao; workholding = gá đặt
441,CNC,Cutting,Intermediate,"Trong tình huống kỹ thuật này, Spindle speed là gì?",Tốc độ quay trục chính,Tốc độ tiến dao,Độ phẳng,Dung sai,A,Spindle speed thường tính bằng rpm.,cutting speed = tốc độ cắt; feed rate = lượng chạy dao; workholding = gá đặt
442,CNC,Tooling,Intermediate,"Trong tình huống kỹ thuật này, Tool offset dùng để làm gì?",Bù sai lệch hình học/chiều dài/bán kính dao,Đổi vật liệu,Đổi revision,Đo độ nhám,A,Tool offset bù vị trí hoặc geometry của tool.,cutting speed = tốc độ cắt; feed rate = lượng chạy dao; workholding = gá đặt
443,Inspection,Measurement,Intermediate,"Trong tình huống kỹ thuật này, Trong tình huống kỹ thuật này, CMM là viết tắt của gì? (trường hợp thực hành)",Coordinate Measuring Machine,Computer Milling Machine,Central Measurement Model,Control Material Method,A,CMM là máy đo tọa độ.,measurement = đo lường; calibration = hiệu chuẩn; uncertainty = độ không đảm bảo đo
444,Inspection,Measurement,Intermediate,"Trong tình huống kỹ thuật này, Gauge R&R đánh giá gì?",Repeatability và reproducibility của hệ thống đo,Độ cứng,Độ nhám,Tool life,A,Gauge R&R đánh giá variation của hệ thống đo.,measurement = đo lường; calibration = hiệu chuẩn; uncertainty = độ không đảm bảo đo
445,Drawing,Control,Intermediate,"Trong tình huống kỹ thuật này, Revision history dùng để làm gì?",Theo dõi thay đổi của tài liệu,Đo đường kính,Tạo toolpath,Đổi vật liệu,A,Revision history giúp truy xuất thay đổi theo phiên bản.,section view = hình cắt; detail view = hình trích; scale = tỷ lệ
446,Drawing,Views,Intermediate,"Trong tình huống kỹ thuật này, Section view dùng để làm gì?",Hiển thị cấu trúc bên trong bằng mặt cắt,Revision và trạng thái phát hành,Tạo CNC,Kích thước và dung sai,A,Section view giúp nhìn các đặc điểm bên trong bị che khuất.,section view = hình cắt; detail view = hình trích; scale = tỷ lệ
447,Drawing,Views,Intermediate,"Trong tình huống kỹ thuật này, Detail view dùng để làm gì?",Phóng to vùng nhỏ để thể hiện chi tiết,Đổi revision,Đo vật liệu,Xóa datum,A,Detail view làm rõ một khu vực nhỏ của drawing.,section view = hình cắt; detail view = hình trích; scale = tỷ lệ
448,Surface,Roughness,Intermediate,"Trong tình huống kỹ thuật này, Ra là tham số gì?",Độ nhám bề mặt,Độ cứng,Đường kính,Position,A,Ra là tham số phổ biến mô tả surface roughness.,surface treatment = xử lý bề mặt; coating = lớp phủ; roughness = độ nhám
449,Surface,Treatment,Intermediate,"Trong tình huống kỹ thuật này, Anodizing nhôm chủ yếu tạo gì?",Lớp oxide trên bề mặt,Lớp thép,Lớp ren,Lớp nhựa,A,Anodizing tạo lớp oxide bảo vệ/bề mặt theo quy trình.,surface treatment = xử lý bề mặt; coating = lớp phủ; roughness = độ nhám
450,Surface,Treatment,Intermediate,"Trong tình huống kỹ thuật này, Passivation thường áp dụng cho vật liệu nào?",Thép không gỉ,Chỉ nhôm,Chỉ nhựa,Độ nhám bề mặt,A,Passivation thường dùng cho stainless steel để cải thiện khả năng chống ăn mòn.,surface treatment = xử lý bề mặt; coating = lớp phủ; roughness = độ nhám
451,Process,Machining,Intermediate,"Trong tình huống kỹ thuật này, Deburring là gì?",Loại bỏ ba via,Tăng độ nhám,Tạo ren,Đổi vật liệu,A,Deburring là công đoạn loại bỏ burr sau gia công.,cutting speed = tốc độ cắt; feed rate = lượng chạy dao; workholding = gá đặt
452,Process,Heat Treatment,Intermediate,"Trong tình huống kỹ thuật này, Heat treatment là gì?",Xử lý nhiệt để thay đổi tính chất vật liệu,Sơn,Đo kích thước,Tốc độ cắt và lượng chạy dao,A,Heat treatment dùng chu trình nhiệt để thay đổi cơ tính/cấu trúc.,cutting speed = tốc độ cắt; feed rate = lượng chạy dao; workholding = gá đặt
453,Process,Machining,Intermediate,"Trong tình huống kỹ thuật này, Milling là gì?",Gia công phay,Gia công tiện,Đo CMM,Xử lý nhiệt,A,Milling dùng dao phay quay để cắt vật liệu.,cutting speed = tốc độ cắt; feed rate = lượng chạy dao; workholding = gá đặt
454,Process,Machining,Intermediate,"Trong tình huống kỹ thuật này, Turning là gì?",Gia công tiện,Gia công phay,Đo độ nhám,Anodizing,A,Turning thường quay phôi và dùng dao tiện.,cutting speed = tốc độ cắt; feed rate = lượng chạy dao; workholding = gá đặt
455,Process,Machining,Intermediate,"Trong tình huống kỹ thuật này, Drilling là gì?",Khoan lỗ,Phay mặt,Đo profile,Đánh bóng,A,Drilling là quá trình tạo lỗ bằng mũi khoan.,cutting speed = tốc độ cắt; feed rate = lượng chạy dao; workholding = gá đặt
456,GD&T,Scenario,Advanced,"Trong tình huống kỹ thuật này, Hole Ø10.00–10.10, position Ø0.05(M), actual Ø10.08. Bonus tolerance?",0.00,0.08,0.05,0.13,B,Bonus = 10.08 − 10.00 = 0.08.,datum = chuẩn; feature control frame = khung dung sai; tolerance zone = vùng dung sai
457,GD&T,Scenario,Advanced,"Trong tình huống kỹ thuật này, Cùng hole trên, total position tolerance khả dụng?",0.05,0.08,0.13,0.03,C,Total = 0.05 + 0.08 = 0.13.,datum = chuẩn; feature control frame = khung dung sai; tolerance zone = vùng dung sai
458,GD&T,Scenario,Advanced,"Trong tình huống kỹ thuật này, Hole Ø10.00–10.20, position Ø0.10(M), actual Ø10.15. Bonus?",0.05,0.10,0.15,0.20,C,Bonus = 10.15 − 10.00 = 0.15.,datum = chuẩn; feature control frame = khung dung sai; tolerance zone = vùng dung sai
459,Tolerance,Scenario,Intermediate,"Trong tình huống kỹ thuật này, Hole min 10.02, shaft max 9.98. Minimum clearance?",0.02,0.04,0.06,0.00,B,10.02 − 9.98 = 0.04.,nominal size = kích thước danh nghĩa; limit = giới hạn; fit = lắp ghép
460,Tolerance,Scenario,Intermediate,"Trong tình huống kỹ thuật này, Hole max 10.08, shaft min 9.96. Maximum clearance?",0.08,0.12,0.14,0.04,B,10.08 − 9.96 = 0.12.,nominal size = kích thước danh nghĩa; limit = giới hạn; fit = lắp ghép
461,Tolerance,Scenario,Intermediate,"Trong tình huống kỹ thuật này, Kích thước 25.00 +0.04/-0.02. Lower limit?",24.98,25.02,25.00,0.06,A,25.00 − 0.02 = 24.98.,nominal size = kích thước danh nghĩa; limit = giới hạn; fit = lắp ghép
462,Tolerance,Scenario,Intermediate,"Trong tình huống kỹ thuật này, Kích thước 25.00 +0.04/-0.02. Total tolerance?",0.02,0.04,0.06,0.08,C,0.04 − (−0.02) = 0.06.,nominal size = kích thước danh nghĩa; limit = giới hạn; fit = lắp ghép
463,GD&T,Scenario,Advanced,"Trong tình huống kỹ thuật này, Position Ø0.20(RFS): feature size thay đổi thì tolerance hình học thế nào?",Tăng tự động,Giảm tự động,Không đổi,Về 0,C,RFS không tạo bonus tolerance theo size.,datum = chuẩn; feature control frame = khung dung sai; tolerance zone = vùng dung sai
464,GD&T,Scenario,Intermediate,"Trong tình huống kỹ thuật này, Flatness 0.10: toàn bộ surface nằm giữa hai mặt phẳng song song cách 0.10. Kết luận?",Đạt yêu cầu flatness,Chắc chắn fail,Cần datum A,Chỉ đạt nếu Ra <0.10,A,Đây là vùng dung sai flatness.,datum = chuẩn; feature control frame = khung dung sai; tolerance zone = vùng dung sai
465,MBD,Scenario,Advanced,"Trong tình huống kỹ thuật này, Customer cung cấp 3D PDF + STEP. STEP và 3D PDF nên được quản lý thế nào?",Theo authority/master và revision; derivative tách riêng,Gộp thành một file,Xóa STEP,Sửa trực tiếp master,A,"Cần duy trì nguồn gốc, revision và phân biệt master/derivative.",3D model = mô hình 3D; PMI = thông tin sản xuất sản phẩm; revision = phiên bản
466,MBD,Scenario,Advanced,"Trong tình huống kỹ thuật này, Customer MBD thiếu section cần cho inspection. Nên làm gì?",Xác nhận yêu cầu hoặc tạo derivative view có kiểm soát,PMI và datum,Tự đoán,Bỏ qua,A,Không tự suy diễn authority customer.,3D model = mô hình 3D; PMI = thông tin sản xuất sản phẩm; revision = phiên bản
467,MBD,Scenario,Advanced,"Trong tình huống kỹ thuật này, Derivative model đổi inch sang mm. Điều nào quan trọng nhất?",Conversion + verification + traceability,Chỉ đổi tên file,PMI và datum,Không cần review,A,Chuyển đổi phải được kiểm soát và xác minh.,3D model = mô hình 3D; PMI = thông tin sản xuất sản phẩm; revision = phiên bản
468,Inspection,Scenario,Intermediate,"Trong tình huống kỹ thuật này, CMM đo position nhưng datum A-B-C chưa được thiết lập đúng. Kết quả có đáng tin không?","Không, phải thiết lập datum reference đúng","Có, luôn đúng",Chỉ phụ thuộc CMM,Chỉ phụ thuộc operator,A,Datum reference frame là cơ sở của phép đánh giá GD&T.,measurement = đo lường; calibration = hiệu chuẩn; uncertainty = độ không đảm bảo đo
469,CNC,Scenario,Intermediate,"Trong tình huống kỹ thuật này, Drawing yêu cầu Ø10 H7 nhưng process tạo lỗ bằng reamer. Việc cần kiểm soát là gì?",Tool/process capability và kết quả kích thước,Tốc độ cắt và lượng chạy dao,Chỉ tên máy,Không cần đo,A,Process phải có khả năng đáp ứng size tolerance và cần kiểm tra.,cutting speed = tốc độ cắt; feed rate = lượng chạy dao; workholding = gá đặt
470,Drawing,Scenario,Intermediate,"Trong tình huống kỹ thuật này, Drawing revision tăng từ Rev.02 lên Rev.03. Cần làm gì với bản Rev.02?","Kiểm soát status/OLD theo quy trình, không ghi đè",Xóa ngay,Dùng song song không kiểm soát,Đổi tên thành Rev.03,A,Revision cũ cần được kiểm soát để tránh dùng nhầm.,section view = hình cắt; detail view = hình trích; scale = tỷ lệ
471,Surface,Scenario,Intermediate,"Trong tình huống kỹ thuật này, Hai lot anodizing có màu khác nhau. Điều tra nên xem gì?","Material, surface condition và process parameters",Độ nhám bề mặt,Chỉ CMM,Lớp phủ bề mặt,A,"Màu anodizing chịu ảnh hưởng bởi vật liệu, bề mặt và điều kiện xử lý.",surface treatment = xử lý bề mặt; coating = lớp phủ; roughness = độ nhám
472,GD&T,Scenario,Advanced,"Trong tình huống kỹ thuật này, Datum A là mặt gá chính, B định hướng bên, C khóa vị trí cuối. Điều này thể hiện gì?",Datum được chọn theo chức năng định vị,Chọn ngẫu nhiên,Chỉ phục vụ vẽ đẹp,Chỉ phục vụ kiểm tra màu,A,Datum system nên phản ánh functional locating scheme.,datum = chuẩn; feature control frame = khung dung sai; tolerance zone = vùng dung sai
473,GD&T,Scenario,Advanced,"Trong tình huống kỹ thuật này, Một surface có parallelism 0.05 | A. Datum nào là tham chiếu?",A,B,C,Không có,A,FCF tham chiếu datum A.,datum = chuẩn; feature control frame = khung dung sai; tolerance zone = vùng dung sai
474,GD&T,Scenario,Advanced,"Trong tình huống kỹ thuật này, Một surface có flatness 0.05. Datum A có bắt buộc không?",Không,Có,Chỉ khi CMM,Chỉ khi nhôm,A,Flatness là form control và không cần datum.,datum = chuẩn; feature control frame = khung dung sai; tolerance zone = vùng dung sai
475,MBD,Scenario,Advanced,"Trong tình huống kỹ thuật này, Nếu master customer bị sửa trực tiếp để thuận tiện gia công thì rủi ro chính là gì?",Mất authority và traceability,Tăng tốc CNC,Giảm dung lượng,Tăng độ chính xác,A,Master data không nên bị thay đổi trái phép.,3D model = mô hình 3D; PMI = thông tin sản xuất sản phẩm; revision = phiên bản
476,GD&T,Scenario,Intermediate,"Trong tình huống kỹ thuật này, Khi một FCF tham chiếu datum A, A đóng vai trò gì?",Chuẩn tham chiếu,Kích thước danh nghĩa,Vật liệu,Tên revision,A,Datum A là chuẩn tham chiếu cho phép đánh giá hình học.,datum = chuẩn; feature control frame = khung dung sai; tolerance zone = vùng dung sai
477,GD&T,Scenario,Intermediate,"Trong tình huống kỹ thuật này, Một control thuộc nhóm form có cần datum reference không?",Thông thường không,Kiểm soát vị trí tương đối của feature,Kiểm soát hướng của feature so với datum,Kiểm soát hình dạng của feature,A,"Form controls như flatness, circularity và cylindricity không cần datum reference.",datum = chuẩn; feature control frame = khung dung sai; tolerance zone = vùng dung sai
478,GD&T,Scenario,Intermediate,"Trong tình huống kỹ thuật này, Position khác size tolerance ở điểm nào?",Position kiểm soát quan hệ hình học/vị trí,Position chỉ kiểm soát đường kính,Size tolerance chỉ kiểm soát datum,Hai loại giống nhau,A,Size tolerance kiểm soát kích thước; position kiểm soát location/orientation theo yêu cầu.,datum = chuẩn; feature control frame = khung dung sai; tolerance zone = vùng dung sai
479,GD&T,Scenario,Intermediate,"Trong tình huống kỹ thuật này, Nếu drawing ghi surface profile nhưng không có datum, điều cần xem là gì?",Yêu cầu profile và tiêu chuẩn áp dụng,Tự chọn datum,Bỏ qua profile,Đổi sang flatness,A,"Cần đọc đúng yêu cầu profile và tiêu chuẩn áp dụng, không tự thêm datum.",datum = chuẩn; feature control frame = khung dung sai; tolerance zone = vùng dung sai
480,GD&T,Scenario,Advanced,"Trong tình huống kỹ thuật này, MMC modifier trên datum feature có thể liên quan đến hiện tượng nào?",Datum shift,Đổi vật liệu,Đổi revision,Đổi màu,A,"Trong điều kiện áp dụng, M trên datum feature có thể cho phép datum shift.",datum = chuẩn; feature control frame = khung dung sai; tolerance zone = vùng dung sai
481,Tolerance,Scenario,Intermediate,"Trong tình huống kỹ thuật này, Kích thước 50.00 ±0.10 có total tolerance là?",0.20,0.10,50.10,49.90,A,0.10 + 0.10 = 0.20.,nominal size = kích thước danh nghĩa; limit = giới hạn; fit = lắp ghép
482,Tolerance,Scenario,Intermediate,"Trong tình huống kỹ thuật này, Hole 20.00–20.05 và shaft 19.95–19.98. Minimum clearance?",0.02,0.05,0.07,0.00,A,20.00 − 19.98 = 0.02.,nominal size = kích thước danh nghĩa; limit = giới hạn; fit = lắp ghép
483,Tolerance,Scenario,Intermediate,"Trong tình huống kỹ thuật này, Hole 20.00–20.05 và shaft 19.95–19.98. Maximum clearance?",0.07,0.05,0.02,0.10,D,20.05 − 19.95 = 0.10.,nominal size = kích thước danh nghĩa; limit = giới hạn; fit = lắp ghép
484,MBD,Scenario,Advanced,"Trong tình huống kỹ thuật này, Khi derivative được tạo từ master, có nên ghi lại nguồn master không?",Có,Không,Chỉ khi khách hỏi,Chỉ với CNC,A,Traceability yêu cầu liên kết derivative với nguồn master.,3D model = mô hình 3D; PMI = thông tin sản xuất sản phẩm; revision = phiên bản
485,MBD,Scenario,Intermediate,"Trong tình huống kỹ thuật này, PMI viết tắt của cụm từ nào?",Product Manufacturing Information,Part Measurement Index,Process Model Input,Production Material Index,A,PMI = Product Manufacturing Information.,3D model = mô hình 3D; PMI = thông tin sản xuất sản phẩm; revision = phiên bản
486,CNC,Scenario,Intermediate,"Trong tình huống kỹ thuật này, Tool life nghĩa là gì?",Tuổi thọ dao,Tốc độ dao,Chiều dài phôi,Độ nhám,A,Tool life là thời gian/khả năng sử dụng hữu ích của dao trước khi thay hoặc phục hồi.,cutting speed = tốc độ cắt; feed rate = lượng chạy dao; workholding = gá đặt
487,Inspection,Scenario,Intermediate,"Trong tình huống kỹ thuật này, Calibration là gì?",Hiệu chuẩn thiết bị đo theo chuẩn tham chiếu,Đo kích thước bằng mắt,Tạo bản vẽ,Đổi revision,A,Calibration xác lập/kiểm tra quan hệ giữa thiết bị đo và chuẩn.,measurement = đo lường; calibration = hiệu chuẩn; uncertainty = độ không đảm bảo đo
488,Drawing,Scenario,Intermediate,"Trong tình huống kỹ thuật này, Revision control giúp ngăn ngừa điều gì?",Sử dụng nhầm phiên bản tài liệu,Sai màu chi tiết,Tăng tốc CNC,Đổi vật liệu,A,Revision control ngăn dùng nhầm dữ liệu cũ hoặc chưa được phê duyệt.,section view = hình cắt; detail view = hình trích; scale = tỷ lệ
489,Surface,Scenario,Intermediate,"Trong tình huống kỹ thuật này, Burr là gì?",Ba via sau gia công,Vết nứt vật liệu,Độ nhám,Lớp oxide,A,Burr là phần vật liệu thừa nhỏ phát sinh sau cắt/gia công.,surface treatment = xử lý bề mặt; coating = lớp phủ; roughness = độ nhám
490,Process,Scenario,Intermediate,"Trong tình huống kỹ thuật này, Process parameter là gì?",Thông số của quá trình,Tên nhân viên,Tên file,Mã vật liệu duy nhất,A,Process parameters là các thông số điều khiển điều kiện quá trình.,cutting speed = tốc độ cắt; feed rate = lượng chạy dao; workholding = gá đặt
491,GD&T,Fundamentals,Intermediate,"Trong tình huống kỹ thuật này, Trong tình huống kỹ thuật này, Trong GD&T, feature nghĩa gần nhất là gì? (trường hợp thực hành)",Đặc tính/đối tượng hình học,Vật liệu,Máy CNC,Người kiểm tra,A,Feature là đối tượng hình học được kiểm soát hoặc tham chiếu.,datum = chuẩn; feature control frame = khung dung sai; tolerance zone = vùng dung sai
492,GD&T,Fundamentals,Intermediate,"Trong tình huống kỹ thuật này, Trong tình huống kỹ thuật này, Tolerance zone là gì? (trường hợp thực hành)",Vùng không gian mà feature phải nằm trong đó,Vùng vật liệu,Vùng gia công,Vùng an toàn,A,Tolerance zone là vùng giới hạn cho phép của yêu cầu hình học.,datum = chuẩn; feature control frame = khung dung sai; tolerance zone = vùng dung sai
493,GD&T,Form,Intermediate,"Trong tình huống kỹ thuật này, Trong tình huống kỹ thuật này, Flatness 0.08 tạo vùng dung sai như thế nào? (trường hợp thực hành)",Hai mặt phẳng song song cách nhau 0.08,Hai mặt phẳng vuông góc,Một hình cầu,Một trụ,A,Flatness tạo vùng gồm hai mặt phẳng song song.,datum = chuẩn; feature control frame = khung dung sai; tolerance zone = vùng dung sai
494,GD&T,Form,Intermediate,"Trong tình huống kỹ thuật này, Trong tình huống kỹ thuật này, Circularity kiểm soát điều gì? (trường hợp thực hành)",Biên dạng tròn của từng tiết diện,Vị trí tâm so với datum,Độ song song,Độ nhám,A,Circularity kiểm soát hình dạng từng tiết diện tròn.,datum = chuẩn; feature control frame = khung dung sai; tolerance zone = vùng dung sai
495,GD&T,Form,Advanced,"Trong tình huống kỹ thuật này, Trong tình huống kỹ thuật này, Cylindricity khác circularity ở điểm nào? (trường hợp thực hành)",Cylindricity kiểm soát toàn bộ bề mặt trụ,Cylindricity chỉ kiểm tra một tiết diện,Circularity luôn cần datum,Hai khái niệm giống nhau,A,Cylindricity kiểm soát toàn bộ bề mặt trụ.,datum = chuẩn; feature control frame = khung dung sai; tolerance zone = vùng dung sai
496,GD&T,Form,Intermediate,"Trong tình huống kỹ thuật này, Trong tình huống kỹ thuật này, Straightness của line element kiểm soát gì? (trường hợp thực hành)",Độ thẳng của phần tử đường,Độ vuông góc với datum,Đường kính,Độ nhám,A,Straightness kiểm soát độ thẳng theo cách áp dụng.,datum = chuẩn; feature control frame = khung dung sai; tolerance zone = vùng dung sai
497,GD&T,Orientation,Intermediate,"Trong tình huống kỹ thuật này, Trong tình huống kỹ thuật này, Perpendicularity của surface kiểm soát gì? (trường hợp thực hành)",Orientation của surface so với datum,Độ nhám,Đường kính,Màu,A,Perpendicularity kiểm soát quan hệ vuông góc với datum.,datum = chuẩn; feature control frame = khung dung sai; tolerance zone = vùng dung sai
498,GD&T,Orientation,Intermediate,"Trong tình huống kỹ thuật này, Trong tình huống kỹ thuật này, Parallelism của surface với datum A yêu cầu gì? (trường hợp thực hành)",Bề mặt nằm trong vùng song song với datum A,Đường kính phải đúng,Không cần datum,Độ cứng,A,Parallelism kiểm soát orientation so với datum.,datum = chuẩn; feature control frame = khung dung sai; tolerance zone = vùng dung sai
499,GD&T,Orientation,Intermediate,"Trong tình huống kỹ thuật này, Trong tình huống kỹ thuật này, Angularity dùng để kiểm soát gì? (trường hợp thực hành)",Orientation theo một góc cơ bản xác định,Đường kính,Độ nhám,Khối lượng,A,Angularity kiểm soát orientation theo góc lý thuyết.,datum = chuẩn; feature control frame = khung dung sai; tolerance zone = vùng dung sai
500,GD&T,Location,Intermediate,"Trong tình huống kỹ thuật này, Trong tình huống kỹ thuật này, Position của lỗ chủ yếu kiểm soát gì? (trường hợp thực hành)",Vị trí và hướng của axis/feature,Độ nhám,Độ cứng,Màu,A,Position là control chính cho location của feature of size.,datum = chuẩn; feature control frame = khung dung sai; tolerance zone = vùng dung sai
501,Gas system,Gasbox / Gas System,Cơ bản,"Trong một Gasbox, van shut-off có chức năng chính nào?",Cô lập dòng khí để bảo trì hoặc xử lý sự cố,Đo độ nhám bề mặt,Thay đổi vật liệu ống,Hiệu chỉnh dung sai bản vẽ,A,Van shut-off dùng để đóng/cô lập dòng khí khi bảo trì hoặc trong tình huống cần cách ly hệ thống.,pressure = áp suất; flow rate = lưu lượng; regulator = bộ điều áp
502,Gas system,Gasbox / Gas System,Cơ bản,Regulator trong hệ thống khí dùng để làm gì?,Giảm và duy trì áp suất đầu ra trong phạm vi cài đặt,Đo trực tiếp độ nhám,Tạo chân không trong mọi trường hợp,Thay đổi kích thước fitting,A,Regulator dùng để giảm áp và duy trì áp suất downstream theo giá trị cài đặt.,pressure = áp suất; flow rate = lưu lượng; regulator = bộ điều áp
503,Gas system,Gasbox / Gas System,Cơ bản,Pressure gauge trong Gasbox dùng để theo dõi đại lượng nào?,Áp suất của dòng khí tại vị trí đo,Lưu lượng khối lượng của mọi nhánh,Độ cứng vật liệu,Độ vuông góc của fitting,A,Pressure gauge hiển thị áp suất tại vị trí lắp đồng hồ.,pressure = áp suất; flow rate = lưu lượng; regulator = bộ điều áp
504,Gas system,Gasbox / Gas System,Cơ bản,Flow meter/flow controller dùng để theo dõi hoặc điều khiển đại lượng nào?,Lưu lượng khí,Độ nhám bề mặt,Độ cứng ống,Góc lắp đặt,A,Flow meter đo lưu lượng; flow controller có thể điều khiển lưu lượng theo setpoint tùy loại thiết bị.,pressure = áp suất; flow rate = lưu lượng; regulator = bộ điều áp
505,Gas system,Gasbox / Gas System,Cơ bản,"Nếu yêu cầu lưu lượng tối thiểu là 25 L/min, kết quả đo 28 L/min được đánh giá thế nào nếu các điều kiện đo phù hợp?",Đạt yêu cầu lưu lượng,Không đạt vì phải đúng 25 L/min,Chưa thể kết luận vì 28 lớn hơn 25,Pressure regulator,A,"Với yêu cầu ≥25 L/min, 28 L/min nằm trên giới hạn tối thiểu và đạt điều kiện lưu lượng.",pressure = áp suất; flow rate = lưu lượng; regulator = bộ điều áp
506,Gas system,Gasbox / Gas System,Cơ bản,"Khi đường kính trong của đoạn ống giảm, trong cùng điều kiện chênh áp và hệ thống, ảnh hưởng nào thường xảy ra?",Tổn thất áp suất có xu hướng tăng,Tổn thất áp suất luôn bằng 0,Lưu lượng luôn tăng vô hạn,Áp suất hai đầu luôn bằng nhau,A,Tiết diện nhỏ làm tăng vận tốc và thường làm tăng tổn thất áp suất của hệ thống.,pressure = áp suất; flow rate = lưu lượng; regulator = bộ điều áp
507,Gas system,Gasbox / Gas System,Cơ bản,Fitting trong hệ thống khí có nhiệm vụ chính nào?,Kết nối các đoạn ống hoặc thiết bị với nhau,Đo độ phẳng của mặt chuẩn,Thay đổi revision bản vẽ,Kiểm tra độ cứng vật liệu,A,Fitting tạo kết nối cơ khí giữa ống và các thiết bị hoặc giữa các đoạn ống.,pressure = áp suất; flow rate = lưu lượng; regulator = bộ điều áp
508,Gas system,Gasbox / Gas System,Cơ bản,Leak test nhằm mục đích chính nào?,Phát hiện và đánh giá rò rỉ của hệ thống,Kiểm tra màu bề mặt,Xác định độ cứng của inox,Kiểm tra vị trí lỗ bằng CMM,A,Leak test được dùng để xác nhận mức độ kín và phát hiện vị trí/đường rò theo phương pháp áp dụng.,pressure = áp suất; flow rate = lưu lượng; regulator = bộ điều áp
509,Gas system,Gasbox / Gas System,Cơ bản,"Nếu mối nối Gasbox bị rò rỉ, hậu quả trực tiếp có thể là gì?","Mất khí, giảm áp suất hoặc không đạt lưu lượng yêu cầu",Tăng độ chính xác của hệ thống,Tự động giảm độ nhám chi tiết,Tự động sửa revision,A,Rò rỉ làm thất thoát khí và có thể khiến áp suất/lưu lượng tại điểm sử dụng không đạt yêu cầu.,pressure = áp suất; flow rate = lưu lượng; regulator = bộ điều áp
510,Gas system,Gasbox / Gas System,Cơ bản,"Khi lựa chọn vật liệu tubing cho khí công nghệ, yếu tố nào cần được xem xét?","Tính tương thích vật liệu với loại khí, áp suất, nhiệt độ và yêu cầu sạch",Pressure regulator,Chỉ chiều dài ống,Chỉ tên nhà cung cấp,A,"Vật liệu tubing phải phù hợp môi trường khí và điều kiện vận hành, đồng thời đáp ứng yêu cầu sạch nếu có.",pressure = áp suất; flow rate = lưu lượng; regulator = bộ điều áp
511,Gas system,Gasbox / Gas System,Cơ bản,Dead volume trong đường khí có thể gây ảnh hưởng gì?,Làm tăng thể tích khí bị giữ và có thể làm chậm đáp ứng hoặc purge,Pressure regulator,Flow rate,Pressure drop,A,Thể tích chết lớn có thể làm tăng thời gian purge và ảnh hưởng đáp ứng của hệ thống khí.,pressure = áp suất; flow rate = lưu lượng; regulator = bộ điều áp
512,Gas system,Gasbox / Gas System,Cơ bản,Purge gas trong hệ thống khí thường dùng để làm gì?,Đẩy khí hoặc tạp chất còn lại ra khỏi đường ống trước/sau một trạng thái vận hành,Tăng độ nhám bề mặt,Tạo dung sai hình học,Đo đường kính ống,A,Purge thay thế hoặc đẩy khí tồn dư ra khỏi hệ thống theo quy trình.,pressure = áp suất; flow rate = lưu lượng; regulator = bộ điều áp
513,Gas system,Gasbox / Gas System,Cơ bản,Check valve có chức năng chính nào?,Cho phép dòng khí theo một chiều và hạn chế dòng ngược,Điều khiển mọi lưu lượng theo PID,Đo áp suất tuyệt đối,Tạo chân không tự động,A,"Check valve là van một chiều, dùng để ngăn hoặc hạn chế dòng chảy ngược.",pressure = áp suất; flow rate = lưu lượng; regulator = bộ điều áp
514,Gas system,Gasbox / Gas System,Cơ bản,Relief valve được dùng chủ yếu để làm gì?,Bảo vệ hệ thống khi áp suất vượt giới hạn cài đặt,Đo lưu lượng chính xác,Giữ áp suất luôn bằng 0,Thay thế flow meter,A,Relief valve mở theo điều kiện thiết kế để bảo vệ thiết bị khỏi quá áp.,pressure = áp suất; flow rate = lưu lượng; regulator = bộ điều áp
515,Gas system,Gasbox / Gas System,Cơ bản,"Khi áp suất upstream ổn định nhưng flow rate downstream dao động lớn, yếu tố nào nên kiểm tra trước?","Regulator/flow controller, van, rò rỉ và điều kiện đường ống",Màu sơn của Gasbox,Dung sai góc của chi tiết cơ khí,Tên file CAD,A,"Dao động lưu lượng có thể liên quan đến bộ điều áp/điều khiển, van, rò rỉ hoặc thay đổi trở lực đường ống.",pressure = áp suất; flow rate = lưu lượng; regulator = bộ điều áp
516,Gas system,Gasbox / Gas System,Cơ bản,Tại sao cần kiểm soát hướng lắp của một số valve trong Gasbox?,Vì hướng dòng thiết kế có thể ảnh hưởng chức năng và tổn thất áp suất,Vì valve luôn thay đổi vật liệu,Vì hướng lắp quyết định độ nhám,Vì valve chỉ hoạt động khi hướng bất kỳ,A,Một số van có hướng dòng quy định; lắp ngược có thể làm sai chức năng hoặc tăng tổn thất áp suất.,pressure = áp suất; flow rate = lưu lượng; regulator = bộ điều áp
517,Gas system,Gasbox / Gas System,Cơ bản,"Nếu fitting có kích thước ren không phù hợp với port của thiết bị, rủi ro chính là gì?",Không lắp được hoặc có nguy cơ rò rỉ khi cố lắp,Lưu lượng luôn tăng,Áp suất tự động ổn định,Độ sạch tự động được cải thiện,A,Sai chuẩn/kích thước ren có thể gây không tương thích cơ khí và rò rỉ.,pressure = áp suất; flow rate = lưu lượng; regulator = bộ điều áp
518,Gas system,Gasbox / Gas System,Cơ bản,"Trong kiểm tra Gasbox, việc ghi lại pressure và flow ở cùng điều kiện vận hành giúp ích gì?",Tạo dữ liệu có thể so sánh và truy xuất khi đánh giá hệ thống,Làm tăng áp suất hệ thống,Thay thế hoàn toàn leak test,Loại bỏ yêu cầu calibration,A,Ghi điều kiện đo giúp so sánh giữa các lần kiểm tra và hỗ trợ truy xuất nguyên nhân khi có bất thường.,pressure = áp suất; flow rate = lưu lượng; regulator = bộ điều áp
519,Gas system,Gasbox / Gas System,Cơ bản,Calibration của pressure gauge/flow instrument nhằm mục đích gì?,Xác nhận và điều chỉnh độ chính xác theo chuẩn tham chiếu,Tăng lưu lượng của hệ thống,Giảm đường kính ống,Thay đổi vật liệu fitting,A,"Calibration xác nhận quan hệ giữa giá trị chỉ thị và chuẩn tham chiếu, và có thể bao gồm điều chỉnh nếu quy trình cho phép.",pressure = áp suất; flow rate = lưu lượng; regulator = bộ điều áp
520,Gas system,Gasbox / Gas System,Cơ bản,"Nếu flow measurement được thực hiện ở áp suất khác với điều kiện spec, tại sao cần chú ý?","Lưu lượng có thể phụ thuộc điều kiện áp suất, nhiệt độ và phương pháp đo",Vì vật liệu sẽ tự đổi,Vì đường ống đổi revision,Vì CMM không hoạt động,A,"Điều kiện đo có thể ảnh hưởng giá trị lưu lượng, nên cần so sánh đúng với điều kiện quy định của spec.",pressure = áp suất; flow rate = lưu lượng; regulator = bộ điều áp
521,Gas system,Gasbox / Gas System,Cơ bản,Một đoạn ống quá dài và nhiều elbow có thể ảnh hưởng thế nào đến hệ thống khí?,Tăng trở lực và có thể làm tăng tổn thất áp suất,Pressure regulator,Flow rate,Không ảnh hưởng trong mọi điều kiện,A,"Chiều dài và phụ kiện làm tăng trở lực dòng, có thể làm tăng pressure drop.",pressure = áp suất; flow rate = lưu lượng; regulator = bộ điều áp
522,Gas system,Gasbox / Gas System,Cơ bản,"Khi cần bảo trì một nhánh Gasbox, biện pháp an toàn cơ bản nào phù hợp?","Cô lập nguồn khí, xả áp theo quy trình và xác nhận trạng thái an toàn trước khi tháo",Chỉ đóng một fitting bất kỳ,Tăng áp suất để kiểm tra,Tháo ngay khi hệ thống đang có áp,A,"Trước bảo trì cần cô lập và xả áp theo quy trình an toàn, sau đó xác nhận hệ thống ở trạng thái phù hợp.",pressure = áp suất; flow rate = lưu lượng; regulator = bộ điều áp
523,Gas system,Gasbox / Gas System,Cơ bản,"Gas system có nhiều nhánh dùng chung nguồn. Nếu một nhánh có lưu lượng quá thấp, điều gì nên kiểm tra?","Van, regulator, tắc nghẽn, rò rỉ và điều kiện áp suất của nhánh",Pressure regulator,Flow rate,Pressure drop,A,"Lưu lượng thấp có thể do hạn chế dòng, tắc nghẽn, van, rò rỉ hoặc áp suất không đủ.",pressure = áp suất; flow rate = lưu lượng; regulator = bộ điều áp
524,Gas system,Gasbox / Gas System,Cơ bản,"Khi thay đổi tubing hoặc fitting sang loại có ID nhỏ hơn, điều gì cần đánh giá lại?",Pressure drop và khả năng đạt flow requirement,Pressure regulator,Flow rate,Chỉ số revision của CMM,A,ID nhỏ hơn thường làm tăng trở lực; cần đánh giá lại pressure drop và khả năng đáp ứng lưu lượng.,pressure = áp suất; flow rate = lưu lượng; regulator = bộ điều áp
525,Gas system,Gasbox / Gas System,Cơ bản,"Nếu hệ thống yêu cầu ≥25 L/min nhưng đo được 22 L/min ở đúng điều kiện test, kết luận phù hợp là gì?",Không đạt yêu cầu lưu lượng,Đạt vì 22 gần 25,Đạt nếu màu tubing đúng,Không cần điều tra,A,22 L/min thấp hơn giới hạn tối thiểu 25 L/min nên không đạt yêu cầu.,pressure = áp suất; flow rate = lưu lượng; regulator = bộ điều áp
526,Gas system,Gasbox / Gas System,Cơ bản,Một pressure regulator đặt ở 0.2 MPa nghĩa là gì nếu đó là set pressure đầu ra?,Mục tiêu áp suất đầu ra được cài đặt là 0.2 MPa,Lưu lượng được cài đặt là 0.2 L/min,Đường kính ống là 0.2 mm,Áp suất đầu vào luôn bằng 0.2 MPa,A,"Nếu 0.2 MPa là set pressure đầu ra, regulator được cài đặt để duy trì áp suất downstream quanh giá trị đó trong điều kiện thiết kế.",pressure = áp suất; flow rate = lưu lượng; regulator = bộ điều áp
527,Gas system,Gasbox / Gas System,Cơ bản,Tại sao cần đặt pressure gauge ở vị trí phù hợp với điểm cần kiểm soát?,Vì áp suất có thể thay đổi theo vị trí và tổn thất trên đường ống,Vì mọi vị trí đều cho cùng một giá trị,Vì gauge quyết định vật liệu,Vì gauge thay thế valve,A,"Áp suất có thể giảm dọc theo đường ống, nên vị trí đo phải phù hợp với yêu cầu kiểm soát.",pressure = áp suất; flow rate = lưu lượng; regulator = bộ điều áp
528,Gas system,Gasbox / Gas System,Cơ bản,"Khi phát hiện lưu lượng thấp hơn spec, bước điều tra đầu tiên nên ưu tiên điều gì?",Xác nhận điều kiện đo và trạng thái thiết bị trước khi thay đổi hệ thống,Thay ngay toàn bộ tubing,Tự tăng áp suất vượt spec,Bỏ qua kết quả đo,A,"Cần xác nhận instrument, calibration, áp suất, van và điều kiện test trước khi kết luận nguyên nhân.",pressure = áp suất; flow rate = lưu lượng; regulator = bộ điều áp
529,Gas system,Gasbox / Gas System,Cơ bản,"Trong hồ sơ kiểm tra Gasbox, thông tin nào giúp truy xuất kết quả tốt nhất?","Thiết bị đo, ngày đo, điều kiện test, pressure/flow và người thực hiện",Chỉ ảnh tổng thể,Chỉ tên sản phẩm,Pressure regulator,A,Thông tin đo và điều kiện đo đầy đủ giúp truy xuất và tái lập việc kiểm tra.,pressure = áp suất; flow rate = lưu lượng; regulator = bộ điều áp
530,Gas system,Gasbox / Gas System,Cơ bản,"Nếu flow meter được lắp sau một regulator, giá trị đo phản ánh điều gì?",Lưu lượng tại vị trí đo downstream của regulator trong điều kiện vận hành đó,Áp suất tại upstream bằng mọi thời điểm,Độ nhám của tubing,Lưu lượng của mọi nhánh trong hệ thống,A,Flow meter đo lưu lượng tại chính vị trí của nó; không thể mặc định đó là lưu lượng của mọi nhánh.,pressure = áp suất; flow rate = lưu lượng; regulator = bộ điều áp
531,A. Kiến thức cơ khí cơ bản,Units,Basic,1 N tương đương gần nhất với đại lượng nào?,áp suất,lực,công suất,nhiệt lượng,B,Lực được đo bằng newton (N).,force = lực; torque = mô-men xoắn; pressure = áp suất
532,A. Kiến thức cơ khí cơ bản,Units,Basic,Đơn vị SI của mô-men xoắn là gì?,N/mm,Pa,W/mm,N·m,D,Mô-men xoắn dùng đơn vị N·m trong SI.,force = lực; torque = mô-men xoắn; pressure = áp suất
533,A. Kiến thức cơ khí cơ bản,Units,Basic,Đơn vị SI của áp suất là gì?,N,J,Pa,W,C,Pascal (Pa) là đơn vị SI của áp suất.,force = lực; torque = mô-men xoắn; pressure = áp suất
534,A. Kiến thức cơ khí cơ bản,Units,Basic,Đơn vị SI của công suất là gì?,W,J,N,Pa,A,Watt (W) là đơn vị SI của công suất.,force = lực; torque = mô-men xoắn; pressure = áp suất
535,A. Kiến thức cơ khí cơ bản,Units,Basic,Đơn vị SI của năng lượng là gì?,W,N·m/s,J,Pa,C,Joule (J) là đơn vị SI của năng lượng.,force = lực; torque = mô-men xoắn; pressure = áp suất
536,A. Kiến thức cơ khí cơ bản,Units,Basic,Đơn vị SI của nhiệt độ tuyệt đối là gì?,K,°F,°C,J,A,Kelvin (K) là đơn vị SI của nhiệt độ nhiệt động.,force = lực; torque = mô-men xoắn; pressure = áp suất
537,A. Kiến thức cơ khí cơ bản,Units,Basic,"Trong bản vẽ cơ khí, 0.1 mm bằng bao nhiêu µm?",10 µm,0.01 µm,100 µm,1000 µm,C,1 mm = 1000 µm nên 0.1 mm = 100 µm.,force = lực; torque = mô-men xoắn; pressure = áp suất
538,A. Kiến thức cơ khí cơ bản,Units,Basic,1 inch bằng bao nhiêu mm theo quy ước cơ khí?,24.5 mm,254 mm,2.54 mm,25.4 mm,D,1 inch được quy đổi chính xác là 25.4 mm.,force = lực; torque = mô-men xoắn; pressure = áp suất
539,A. Kiến thức cơ khí cơ bản,Units,Basic,1 MPa bằng bao nhiêu N/mm²?,0.1 N/mm²,1 N/mm²,10 N/mm²,100 N/mm²,B,1 MPa = 1 N/mm².,force = lực; torque = mô-men xoắn; pressure = áp suất
540,A. Kiến thức cơ khí cơ bản,Units,Basic,1 bar xấp xỉ bằng bao nhiêu kPa?,1000 kPa,1 kPa,100 kPa,10 kPa,C,1 bar xấp xỉ 100 kPa.,force = lực; torque = mô-men xoắn; pressure = áp suất
541,A. Kiến thức cơ khí cơ bản,Units,Basic,"Trong bối cảnh kiểm tra thiết kế cơ khí, 1 N tương đương gần nhất với đại lượng nào?",nhiệt lượng,lực,công suất,áp suất,B,Lực được đo bằng newton (N).,force = lực; torque = mô-men xoắn; pressure = áp suất
542,A. Kiến thức cơ khí cơ bản,Units,Basic,"Trong bối cảnh kiểm tra thiết kế cơ khí, Đơn vị SI của mô-men xoắn là gì?",W/mm,N·m,N/mm,Pa,B,Mô-men xoắn dùng đơn vị N·m trong SI.,force = lực; torque = mô-men xoắn; pressure = áp suất
543,A. Kiến thức cơ khí cơ bản,Units,Basic,"Trong bối cảnh kiểm tra thiết kế cơ khí, Đơn vị SI của áp suất là gì?",N,W,Pa,J,C,Pascal (Pa) là đơn vị SI của áp suất.,force = lực; torque = mô-men xoắn; pressure = áp suất
544,A. Kiến thức cơ khí cơ bản,Units,Basic,"Trong bối cảnh kiểm tra thiết kế cơ khí, Đơn vị SI của công suất là gì?",N,W,J,Pa,B,Watt (W) là đơn vị SI của công suất.,force = lực; torque = mô-men xoắn; pressure = áp suất
545,A. Kiến thức cơ khí cơ bản,Units,Basic,"Trong bối cảnh kiểm tra thiết kế cơ khí, Đơn vị SI của năng lượng là gì?",N·m/s,W,Pa,J,D,Joule (J) là đơn vị SI của năng lượng.,force = lực; torque = mô-men xoắn; pressure = áp suất
546,A. Kiến thức cơ khí cơ bản,Units,Basic,"Trong bối cảnh kiểm tra thiết kế cơ khí, Đơn vị SI của nhiệt độ tuyệt đối là gì?",J,°F,°C,K,D,Kelvin (K) là đơn vị SI của nhiệt độ nhiệt động.,force = lực; torque = mô-men xoắn; pressure = áp suất
547,A. Kiến thức cơ khí cơ bản,Units,Basic,"Trong bối cảnh kiểm tra thiết kế cơ khí, Trong bản vẽ cơ khí, 0.1 mm bằng bao nhiêu µm?",100 µm,10 µm,0.01 µm,1000 µm,A,1 mm = 1000 µm nên 0.1 mm = 100 µm.,force = lực; torque = mô-men xoắn; pressure = áp suất
548,A. Kiến thức cơ khí cơ bản,Units,Basic,"Trong bối cảnh kiểm tra thiết kế cơ khí, 1 inch bằng bao nhiêu mm theo quy ước cơ khí?",25.4 mm,24.5 mm,2.54 mm,254 mm,A,1 inch được quy đổi chính xác là 25.4 mm.,force = lực; torque = mô-men xoắn; pressure = áp suất
549,A. Kiến thức cơ khí cơ bản,Units,Basic,"Trong bối cảnh kiểm tra thiết kế cơ khí, 1 MPa bằng bao nhiêu N/mm²?",1 N/mm²,10 N/mm²,0.1 N/mm²,100 N/mm²,A,1 MPa = 1 N/mm².,force = lực; torque = mô-men xoắn; pressure = áp suất
550,A. Kiến thức cơ khí cơ bản,Mechanics & formulas,Basic,Mô-men xoắn được tính theo công thức cơ bản nào?,M = F / L,M = L / F,M = F + L,M = F × L,D,Mô-men bằng lực nhân với cánh tay đòn vuông góc.,force = lực; torque = mô-men xoắn; pressure = áp suất
551,A. Kiến thức cơ khí cơ bản,Mechanics & formulas,Basic,Áp suất được tính bằng công thức nào?,p = F / A,p = F + A,p = F × A,p = A / F,A,Áp suất bằng lực tác dụng chia cho diện tích.,force = lực; torque = mô-men xoắn; pressure = áp suất
552,A. Kiến thức cơ khí cơ bản,Mechanics & formulas,Basic,Khối lượng riêng được tính bằng công thức nào?,ρ = m + V,ρ = V / m,ρ = m / V,ρ = m × V,C,Khối lượng riêng là khối lượng chia cho thể tích.,force = lực; torque = mô-men xoắn; pressure = áp suất
553,A. Kiến thức cơ khí cơ bản,Mechanics & formulas,Basic,Công cơ học trong trường hợp lực cùng hướng chuyển động được tính gần đúng bằng gì?,W = F × s,W = F / s,W = F + s,W = s / F,A,Công bằng lực nhân quãng đường khi lực cùng hướng chuyển động.,force = lực; torque = mô-men xoắn; pressure = áp suất
554,A. Kiến thức cơ khí cơ bản,Mechanics & formulas,Basic,Công suất cơ học được tính bằng gì?,P = W / t,P = W + t,P = W × t,P = t / W,A,Công suất là công thực hiện trong một đơn vị thời gian.,force = lực; torque = mô-men xoắn; pressure = áp suất
555,A. Kiến thức cơ khí cơ bản,Mechanics & formulas,Basic,Ứng suất kéo trung bình được tính bằng gì?,σ = A / F,σ = F × A,σ = F + A,σ = F / A,D,Ứng suất pháp bằng lực chia diện tích chịu lực.,force = lực; torque = mô-men xoắn; pressure = áp suất
556,A. Kiến thức cơ khí cơ bản,Mechanics & formulas,Basic,Biến dạng tương đối trong kéo được tính bằng gì?,ε = ΔL / L₀,ε = ΔL × L₀,ε = L₀ / ΔL,ε = ΔL + L₀,A,Biến dạng tương đối là độ thay đổi chiều dài chia chiều dài ban đầu.,force = lực; torque = mô-men xoắn; pressure = áp suất
557,A. Kiến thức cơ khí cơ bản,Mechanics & formulas,Basic,Độ cứng Rockwell là một đại lượng dùng chủ yếu để đánh giá gì?,Khả năng chống lại biến dạng lõm,Độ dẫn điện,Độ nhám bề mặt,Khối lượng riêng,A,Rockwell là phương pháp đo độ cứng dựa trên độ sâu vết lõm.,force = lực; torque = mô-men xoắn; pressure = áp suất
558,A. Kiến thức cơ khí cơ bản,Mechanics & formulas,Basic,"Trong bối cảnh kiểm tra thiết kế cơ khí, Mô-men xoắn được tính theo công thức cơ bản nào?",M = F × L,M = L / F,M = F + L,M = F / L,A,Mô-men bằng lực nhân với cánh tay đòn vuông góc.,force = lực; torque = mô-men xoắn; pressure = áp suất
559,A. Kiến thức cơ khí cơ bản,Mechanics & formulas,Basic,"Trong bối cảnh kiểm tra thiết kế cơ khí, Áp suất được tính bằng công thức nào?",p = A / F,p = F × A,p = F / A,p = F + A,C,Áp suất bằng lực tác dụng chia cho diện tích.,force = lực; torque = mô-men xoắn; pressure = áp suất
560,A. Kiến thức cơ khí cơ bản,Mechanics & formulas,Basic,"Trong bối cảnh kiểm tra thiết kế cơ khí, Khối lượng riêng được tính bằng công thức nào?",ρ = V / m,ρ = m × V,ρ = m / V,ρ = m + V,C,Khối lượng riêng là khối lượng chia cho thể tích.,force = lực; torque = mô-men xoắn; pressure = áp suất
561,A. Kiến thức cơ khí cơ bản,Mechanics & formulas,Basic,"Trong bối cảnh kiểm tra thiết kế cơ khí, Công cơ học trong trường hợp lực cùng hướng chuyển động được tính gần đúng bằng gì?",W = F + s,W = s / F,W = F × s,W = F / s,C,Công bằng lực nhân quãng đường khi lực cùng hướng chuyển động.,force = lực; torque = mô-men xoắn; pressure = áp suất
562,A. Kiến thức cơ khí cơ bản,Mechanics & formulas,Basic,"Trong bối cảnh kiểm tra thiết kế cơ khí, Công suất cơ học được tính bằng gì?",P = W + t,P = W × t,P = W / t,P = t / W,C,Công suất là công thực hiện trong một đơn vị thời gian.,force = lực; torque = mô-men xoắn; pressure = áp suất
563,A. Kiến thức cơ khí cơ bản,Mechanics & formulas,Basic,"Trong bối cảnh kiểm tra thiết kế cơ khí, Ứng suất kéo trung bình được tính bằng gì?",σ = F × A,σ = A / F,σ = F + A,σ = F / A,D,Ứng suất pháp bằng lực chia diện tích chịu lực.,force = lực; torque = mô-men xoắn; pressure = áp suất
564,A. Kiến thức cơ khí cơ bản,Mechanics & formulas,Basic,"Trong bối cảnh kiểm tra thiết kế cơ khí, Biến dạng tương đối trong kéo được tính bằng gì?",ε = ΔL / L₀,ε = ΔL + L₀,ε = L₀ / ΔL,ε = ΔL × L₀,A,Biến dạng tương đối là độ thay đổi chiều dài chia chiều dài ban đầu.,force = lực; torque = mô-men xoắn; pressure = áp suất
565,A. Kiến thức cơ khí cơ bản,Mechanics & formulas,Basic,"Trong bối cảnh kiểm tra thiết kế cơ khí, Độ cứng Rockwell là một đại lượng dùng chủ yếu để đánh giá gì?",Độ nhám bề mặt,Khả năng chống lại biến dạng lõm,Khối lượng riêng,Độ dẫn điện,B,Rockwell là phương pháp đo độ cứng dựa trên độ sâu vết lõm.,force = lực; torque = mô-men xoắn; pressure = áp suất
566,A. Kiến thức cơ khí cơ bản,Mechanics & formulas,Basic,"Trong bối cảnh kiểm tra thiết kế cơ khí, Trong bối cảnh kiểm tra thiết kế cơ khí, Mô-men xoắn được tính theo công thức cơ bản nào? (trường hợp thực hành)",M = F + L,M = F × L,M = F / L,M = L / F,B,Mô-men bằng lực nhân với cánh tay đòn vuông góc.,force = lực; torque = mô-men xoắn; pressure = áp suất
567,A. Kiến thức cơ khí cơ bản,Mechanics & formulas,Basic,"Trong bối cảnh kiểm tra thiết kế cơ khí, Trong bối cảnh kiểm tra thiết kế cơ khí, Áp suất được tính bằng công thức nào? (trường hợp thực hành)",p = F × A,p = F / A,p = A / F,p = F + A,B,Áp suất bằng lực tác dụng chia cho diện tích.,force = lực; torque = mô-men xoắn; pressure = áp suất
568,A. Kiến thức cơ khí cơ bản,Mechanics & formulas,Basic,"Trong bối cảnh kiểm tra thiết kế cơ khí, Trong bối cảnh kiểm tra thiết kế cơ khí, Khối lượng riêng được tính bằng công thức nào? (trường hợp thực hành)",ρ = m + V,ρ = m / V,ρ = m × V,ρ = V / m,B,Khối lượng riêng là khối lượng chia cho thể tích.,force = lực; torque = mô-men xoắn; pressure = áp suất
569,A. Kiến thức cơ khí cơ bản,Mechanics & formulas,Basic,"Trong bối cảnh kiểm tra thiết kế cơ khí, Trong bối cảnh kiểm tra thiết kế cơ khí, Công cơ học trong trường hợp lực cùng hướng chuyển động được tính gần đúng bằng gì? (trường hợp thực hành)",W = F / s,W = s / F,W = F + s,W = F × s,D,Công bằng lực nhân quãng đường khi lực cùng hướng chuyển động.,force = lực; torque = mô-men xoắn; pressure = áp suất
570,A. Kiến thức cơ khí cơ bản,Mechanics & formulas,Basic,"Trong bối cảnh kiểm tra thiết kế cơ khí, Trong bối cảnh kiểm tra thiết kế cơ khí, Công suất cơ học được tính bằng gì? (trường hợp thực hành)",P = t / W,P = W + t,P = W × t,P = W / t,D,Công suất là công thực hiện trong một đơn vị thời gian.,force = lực; torque = mô-men xoắn; pressure = áp suất
571,A. Kiến thức cơ khí cơ bản,Mechanics & formulas,Basic,"Trong bối cảnh kiểm tra thiết kế cơ khí, Trong bối cảnh kiểm tra thiết kế cơ khí, Ứng suất kéo trung bình được tính bằng gì? (trường hợp thực hành)",σ = F + A,σ = F / A,σ = A / F,σ = F × A,B,Ứng suất pháp bằng lực chia diện tích chịu lực.,force = lực; torque = mô-men xoắn; pressure = áp suất
572,A. Kiến thức cơ khí cơ bản,Mechanics & formulas,Basic,"Trong bối cảnh kiểm tra thiết kế cơ khí, Trong bối cảnh kiểm tra thiết kế cơ khí, Biến dạng tương đối trong kéo được tính bằng gì? (trường hợp thực hành)",ε = L₀ / ΔL,ε = ΔL / L₀,ε = ΔL × L₀,ε = ΔL + L₀,B,Biến dạng tương đối là độ thay đổi chiều dài chia chiều dài ban đầu.,force = lực; torque = mô-men xoắn; pressure = áp suất
573,A. Kiến thức cơ khí cơ bản,Mechanics & formulas,Basic,"Trong bối cảnh kiểm tra thiết kế cơ khí, Trong bối cảnh kiểm tra thiết kế cơ khí, Độ cứng Rockwell là một đại lượng dùng chủ yếu để đánh giá gì? (trường hợp thực hành)",Độ nhám bề mặt,Khả năng chống lại biến dạng lõm,Khối lượng riêng,Độ dẫn điện,B,Rockwell là phương pháp đo độ cứng dựa trên độ sâu vết lõm.,force = lực; torque = mô-men xoắn; pressure = áp suất
574,A. Kiến thức cơ khí cơ bản,Geometry basics,Basic,Nếu đường kính một trục tăng từ 20 mm lên 22 mm thì bán kính tăng bao nhiêu?,1 mm,2 mm,4 mm,0.5 mm,A,Bán kính bằng một nửa đường kính nên tăng 1 mm.,diameter = đường kính; radius = bán kính; angle = góc
575,A. Kiến thức cơ khí cơ bản,Geometry basics,Basic,Diện tích hình tròn đường kính d được tính bằng công thức nào?,2πd,πd²,πd²/4,πd,C,Diện tích hình tròn bằng πr² = π(d/2)².,diameter = đường kính; radius = bán kính; angle = góc
576,A. Kiến thức cơ khí cơ bản,Geometry basics,Basic,Chu vi hình tròn đường kính d được tính bằng gì?,πd,πd/2,πd²,2πd,A,Chu vi hình tròn là πd.,diameter = đường kính; radius = bán kính; angle = góc
577,A. Kiến thức cơ khí cơ bản,Geometry basics,Basic,Góc vuông có giá trị bao nhiêu?,60°,90°,180°,45°,B,Góc vuông bằng 90°.,diameter = đường kính; radius = bán kính; angle = góc
578,A. Kiến thức cơ khí cơ bản,Geometry basics,Basic,Một lỗ Ø10 mm có bán kính danh nghĩa bằng bao nhiêu?,5 mm,10 mm,20 mm,2.5 mm,A,Bán kính bằng một nửa đường kính.,diameter = đường kính; radius = bán kính; angle = góc
579,A. Kiến thức cơ khí cơ bản,Geometry basics,Basic,"Trong cơ khí, ký hiệu Ø trước một kích thước thường chỉ gì?",Đường kính,Bán kính,Chiều sâu,Độ nhám,A,Ø là ký hiệu đường kính.,diameter = đường kính; radius = bán kính; angle = góc
580,A. Kiến thức cơ khí cơ bản,Geometry basics,Basic,Ký hiệu R trước kích thước cung tròn thường chỉ gì?,Bán kính,Chiều dài,Đường kính,Độ nhám,A,R là ký hiệu bán kính.,diameter = đường kính; radius = bán kính; angle = góc
581,A. Kiến thức cơ khí cơ bản,Geometry basics,Basic,"Khi hai mặt phẳng song song cách nhau không đổi, khoảng cách đó được gọi là gì?",Góc xoắn,Bán kính,Chu vi,Khoảng cách vuông góc giữa hai mặt,D,Khoảng cách giữa hai mặt song song được đo theo phương vuông góc.,diameter = đường kính; radius = bán kính; angle = góc
582,A. Kiến thức cơ khí cơ bản,Geometry basics,Basic,"Trong bối cảnh kiểm tra thiết kế cơ khí, Nếu đường kính một trục tăng từ 20 mm lên 22 mm thì bán kính tăng bao nhiêu?",0.5 mm,2 mm,4 mm,1 mm,D,Bán kính bằng một nửa đường kính nên tăng 1 mm.,diameter = đường kính; radius = bán kính; angle = góc
583,A. Kiến thức cơ khí cơ bản,Geometry basics,Basic,"Trong bối cảnh kiểm tra thiết kế cơ khí, Diện tích hình tròn đường kính d được tính bằng công thức nào?",πd²,2πd,πd,πd²/4,D,Diện tích hình tròn bằng πr² = π(d/2)².,diameter = đường kính; radius = bán kính; angle = góc
584,A. Kiến thức cơ khí cơ bản,Geometry basics,Basic,"Trong bối cảnh kiểm tra thiết kế cơ khí, Chu vi hình tròn đường kính d được tính bằng gì?",πd/2,πd²,2πd,πd,D,Chu vi hình tròn là πd.,diameter = đường kính; radius = bán kính; angle = góc
585,A. Kiến thức cơ khí cơ bản,Geometry basics,Basic,"Trong bối cảnh kiểm tra thiết kế cơ khí, Góc vuông có giá trị bao nhiêu?",90°,45°,180°,60°,A,Góc vuông bằng 90°.,diameter = đường kính; radius = bán kính; angle = góc
586,A. Kiến thức cơ khí cơ bản,Geometry basics,Basic,"Trong bối cảnh kiểm tra thiết kế cơ khí, Một lỗ Ø10 mm có bán kính danh nghĩa bằng bao nhiêu?",5 mm,2.5 mm,10 mm,20 mm,A,Bán kính bằng một nửa đường kính.,diameter = đường kính; radius = bán kính; angle = góc
587,A. Kiến thức cơ khí cơ bản,Geometry basics,Basic,"Trong bối cảnh kiểm tra thiết kế cơ khí, Trong cơ khí, ký hiệu Ø trước một kích thước thường chỉ gì?",Bán kính,Đường kính,Chiều sâu,Độ nhám,B,Ø là ký hiệu đường kính.,diameter = đường kính; radius = bán kính; angle = góc
588,A. Kiến thức cơ khí cơ bản,Geometry basics,Basic,"Trong bối cảnh kiểm tra thiết kế cơ khí, Ký hiệu R trước kích thước cung tròn thường chỉ gì?",Đường kính,Bán kính,Chiều dài,Độ nhám,B,R là ký hiệu bán kính.,diameter = đường kính; radius = bán kính; angle = góc
589,A. Kiến thức cơ khí cơ bản,Geometry basics,Basic,"Trong bối cảnh kiểm tra thiết kế cơ khí, Khi hai mặt phẳng song song cách nhau không đổi, khoảng cách đó được gọi là gì?",Khoảng cách vuông góc giữa hai mặt,Bán kính,Góc xoắn,Chu vi,A,Khoảng cách giữa hai mặt song song được đo theo phương vuông góc.,diameter = đường kính; radius = bán kính; angle = góc
590,A. Kiến thức cơ khí cơ bản,Geometry basics,Basic,"Trong bối cảnh kiểm tra thiết kế cơ khí, Trong bối cảnh kiểm tra thiết kế cơ khí, Nếu đường kính một trục tăng từ 20 mm lên 22 mm thì bán kính tăng bao nhiêu? (trường hợp thực hành)",2 mm,0.5 mm,4 mm,1 mm,D,Bán kính bằng một nửa đường kính nên tăng 1 mm.,diameter = đường kính; radius = bán kính; angle = góc
591,A. Kiến thức cơ khí cơ bản,Geometry basics,Basic,"Trong bối cảnh kiểm tra thiết kế cơ khí, Trong bối cảnh kiểm tra thiết kế cơ khí, Diện tích hình tròn đường kính d được tính bằng công thức nào? (trường hợp thực hành)",πd,πd²,2πd,πd²/4,D,Diện tích hình tròn bằng πr² = π(d/2)².,diameter = đường kính; radius = bán kính; angle = góc
592,A. Kiến thức cơ khí cơ bản,Geometry basics,Basic,"Trong bối cảnh kiểm tra thiết kế cơ khí, Trong bối cảnh kiểm tra thiết kế cơ khí, Chu vi hình tròn đường kính d được tính bằng gì? (trường hợp thực hành)",πd/2,2πd,πd,πd²,C,Chu vi hình tròn là πd.,diameter = đường kính; radius = bán kính; angle = góc
593,A. Kiến thức cơ khí cơ bản,Geometry basics,Basic,"Trong bối cảnh kiểm tra thiết kế cơ khí, Trong bối cảnh kiểm tra thiết kế cơ khí, Góc vuông có giá trị bao nhiêu? (trường hợp thực hành)",60°,45°,90°,180°,C,Góc vuông bằng 90°.,diameter = đường kính; radius = bán kính; angle = góc
594,A. Kiến thức cơ khí cơ bản,Geometry basics,Basic,"Trong bối cảnh kiểm tra thiết kế cơ khí, Trong bối cảnh kiểm tra thiết kế cơ khí, Một lỗ Ø10 mm có bán kính danh nghĩa bằng bao nhiêu? (trường hợp thực hành)",5 mm,10 mm,2.5 mm,20 mm,A,Bán kính bằng một nửa đường kính.,diameter = đường kính; radius = bán kính; angle = góc
595,A. Kiến thức cơ khí cơ bản,Geometry basics,Basic,"Trong bối cảnh kiểm tra thiết kế cơ khí, Trong bối cảnh kiểm tra thiết kế cơ khí, Trong cơ khí, ký hiệu Ø trước một kích thước thường chỉ gì? (trường hợp thực hành)",Độ nhám,Chiều sâu,Bán kính,Đường kính,D,Ø là ký hiệu đường kính.,diameter = đường kính; radius = bán kính; angle = góc
596,A. Kiến thức cơ khí cơ bản,Geometry basics,Basic,"Trong bối cảnh kiểm tra thiết kế cơ khí, Trong bối cảnh kiểm tra thiết kế cơ khí, Ký hiệu R trước kích thước cung tròn thường chỉ gì? (trường hợp thực hành)",Độ nhám,Bán kính,Đường kính,Chiều dài,B,R là ký hiệu bán kính.,diameter = đường kính; radius = bán kính; angle = góc
597,A. Kiến thức cơ khí cơ bản,Geometry basics,Basic,"Trong bối cảnh kiểm tra thiết kế cơ khí, Trong bối cảnh kiểm tra thiết kế cơ khí, Khi hai mặt phẳng song song cách nhau không đổi, khoảng cách đó được gọi là gì? (trường hợp thực hành)",Khoảng cách vuông góc giữa hai mặt,Bán kính,Góc xoắn,Chu vi,A,Khoảng cách giữa hai mặt song song được đo theo phương vuông góc.,diameter = đường kính; radius = bán kính; angle = góc
598,A. Kiến thức cơ khí cơ bản,Threads & fasteners,Basic,Ren M10 có đường kính danh nghĩa xấp xỉ bao nhiêu?,10 mm,1 mm,8 mm,12 mm,A,Số 10 trong M10 biểu thị đường kính danh nghĩa 10 mm.,thread = ren; pitch = bước ren; bolt = bu lông
599,A. Kiến thức cơ khí cơ bản,Threads & fasteners,Basic,"Trong ký hiệu M10×1.5, số 1.5 biểu thị gì?",Bước ren 1.5 mm,Chiều dài bu lông 1.5 mm,Đường kính 1.5 mm,Độ sâu ren 1.5 mm,A,Số sau dấu × là bước ren.,thread = ren; pitch = bước ren; bolt = bu lông
600,A. Kiến thức cơ khí cơ bản,Threads & fasteners,Basic,Mục đích chính của long đen phẳng dưới đầu bu lông là gì?,Tăng đường kính bu lông,Tạo ren mới,Phân bố tải và bảo vệ bề mặt kẹp,Đo mô-men,C,Long đen giúp phân bố lực kẹp lên diện tích lớn hơn.,thread = ren; pitch = bước ren; bolt = bu lông
601,A. Kiến thức cơ khí cơ bản,Threads & fasteners,Basic,Đai ốc tự hãm được dùng chủ yếu để làm gì?,Giảm nguy cơ tự tháo do rung,Đo lực siết,Tăng độ cứng vật liệu,Tạo ren trái,A,Cơ cấu tự hãm giúp hạn chế lỏng mối ghép khi rung.,thread = ren; pitch = bước ren; bolt = bu lông
602,A. Kiến thức cơ khí cơ bản,Threads & fasteners,Basic,"Khi siết bu lông theo mô-men quy định, mục tiêu chính là gì?",Tăng đường kính lỗ,Tạo lực kẹp phù hợp,Làm bu lông dài hơn,Giảm chiều dài ren,B,Mô-men siết được kiểm soát để đạt lực kẹp mong muốn.,thread = ren; pitch = bước ren; bolt = bu lông
603,A. Kiến thức cơ khí cơ bản,Threads & fasteners,Basic,"Trong bối cảnh kiểm tra thiết kế cơ khí, Ren M10 có đường kính danh nghĩa xấp xỉ bao nhiêu?",10 mm,12 mm,1 mm,8 mm,A,Số 10 trong M10 biểu thị đường kính danh nghĩa 10 mm.,thread = ren; pitch = bước ren; bolt = bu lông
604,A. Kiến thức cơ khí cơ bản,Threads & fasteners,Basic,"Trong bối cảnh kiểm tra thiết kế cơ khí, Trong ký hiệu M10×1.5, số 1.5 biểu thị gì?",Đường kính 1.5 mm,Bước ren 1.5 mm,Chiều dài bu lông 1.5 mm,Độ sâu ren 1.5 mm,B,Số sau dấu × là bước ren.,thread = ren; pitch = bước ren; bolt = bu lông
605,A. Kiến thức cơ khí cơ bản,Threads & fasteners,Basic,"Trong bối cảnh kiểm tra thiết kế cơ khí, Mục đích chính của long đen phẳng dưới đầu bu lông là gì?",Phân bố tải và bảo vệ bề mặt kẹp,Đo mô-men,Tăng đường kính bu lông,Tạo ren mới,A,Long đen giúp phân bố lực kẹp lên diện tích lớn hơn.,thread = ren; pitch = bước ren; bolt = bu lông
606,A. Kiến thức cơ khí cơ bản,Threads & fasteners,Basic,"Trong bối cảnh kiểm tra thiết kế cơ khí, Đai ốc tự hãm được dùng chủ yếu để làm gì?",Tăng độ cứng vật liệu,Giảm nguy cơ tự tháo do rung,Tạo ren trái,Đo lực siết,B,Cơ cấu tự hãm giúp hạn chế lỏng mối ghép khi rung.,thread = ren; pitch = bước ren; bolt = bu lông
607,A. Kiến thức cơ khí cơ bản,Threads & fasteners,Basic,"Trong bối cảnh kiểm tra thiết kế cơ khí, Khi siết bu lông theo mô-men quy định, mục tiêu chính là gì?",Tạo lực kẹp phù hợp,Tăng đường kính lỗ,Làm bu lông dài hơn,Giảm chiều dài ren,A,Mô-men siết được kiểm soát để đạt lực kẹp mong muốn.,thread = ren; pitch = bước ren; bolt = bu lông
608,A. Kiến thức cơ khí cơ bản,Threads & fasteners,Basic,"Trong bối cảnh kiểm tra thiết kế cơ khí, Trong bối cảnh kiểm tra thiết kế cơ khí, Ren M10 có đường kính danh nghĩa xấp xỉ bao nhiêu? (trường hợp thực hành)",10 mm,1 mm,12 mm,8 mm,A,Số 10 trong M10 biểu thị đường kính danh nghĩa 10 mm.,thread = ren; pitch = bước ren; bolt = bu lông
609,A. Kiến thức cơ khí cơ bản,Threads & fasteners,Basic,"Trong bối cảnh kiểm tra thiết kế cơ khí, Trong bối cảnh kiểm tra thiết kế cơ khí, Trong ký hiệu M10×1.5, số 1.5 biểu thị gì? (trường hợp thực hành)",Bước ren 1.5 mm,Chiều dài bu lông 1.5 mm,Độ sâu ren 1.5 mm,Đường kính 1.5 mm,A,Số sau dấu × là bước ren.,thread = ren; pitch = bước ren; bolt = bu lông
610,A. Kiến thức cơ khí cơ bản,Threads & fasteners,Basic,"Trong bối cảnh kiểm tra thiết kế cơ khí, Trong bối cảnh kiểm tra thiết kế cơ khí, Mục đích chính của long đen phẳng dưới đầu bu lông là gì? (trường hợp thực hành)",Tạo ren mới,Đo mô-men,Phân bố tải và bảo vệ bề mặt kẹp,Tăng đường kính bu lông,C,Long đen giúp phân bố lực kẹp lên diện tích lớn hơn.,thread = ren; pitch = bước ren; bolt = bu lông
611,A. Kiến thức cơ khí cơ bản,Threads & fasteners,Basic,"Trong bối cảnh kiểm tra thiết kế cơ khí, Trong bối cảnh kiểm tra thiết kế cơ khí, Đai ốc tự hãm được dùng chủ yếu để làm gì? (trường hợp thực hành)",Tạo ren trái,Tăng độ cứng vật liệu,Giảm nguy cơ tự tháo do rung,Đo lực siết,C,Cơ cấu tự hãm giúp hạn chế lỏng mối ghép khi rung.,thread = ren; pitch = bước ren; bolt = bu lông
612,A. Kiến thức cơ khí cơ bản,Threads & fasteners,Basic,"Trong bối cảnh kiểm tra thiết kế cơ khí, Trong bối cảnh kiểm tra thiết kế cơ khí, Khi siết bu lông theo mô-men quy định, mục tiêu chính là gì? (trường hợp thực hành)",Tăng đường kính lỗ,Làm bu lông dài hơn,Tạo lực kẹp phù hợp,Giảm chiều dài ren,C,Mô-men siết được kiểm soát để đạt lực kẹp mong muốn.,thread = ren; pitch = bước ren; bolt = bu lông
613,A. Kiến thức cơ khí cơ bản,Threads & fasteners,Basic,"Trong bối cảnh kiểm tra thiết kế cơ khí, Trong bối cảnh kiểm tra thiết kế cơ khí, Ren M10 có đường kính danh nghĩa xấp xỉ bao nhiêu? (trường hợp thực hành)",10 mm,12 mm,8 mm,1 mm,A,Số 10 trong M10 biểu thị đường kính danh nghĩa 10 mm.,thread = ren; pitch = bước ren; bolt = bu lông
614,A. Kiến thức cơ khí cơ bản,Threads & fasteners,Basic,"Trong bối cảnh kiểm tra thiết kế cơ khí, Trong bối cảnh kiểm tra thiết kế cơ khí, Trong ký hiệu M10×1.5, số 1.5 biểu thị gì? (trường hợp thực hành)",Độ sâu ren 1.5 mm,Chiều dài bu lông 1.5 mm,Bước ren 1.5 mm,Đường kính 1.5 mm,C,Số sau dấu × là bước ren.,thread = ren; pitch = bước ren; bolt = bu lông
615,A. Kiến thức cơ khí cơ bản,Threads & fasteners,Basic,"Trong bối cảnh kiểm tra thiết kế cơ khí, Trong bối cảnh kiểm tra thiết kế cơ khí, Mục đích chính của long đen phẳng dưới đầu bu lông là gì? (trường hợp thực hành)",Đo mô-men,Phân bố tải và bảo vệ bề mặt kẹp,Tạo ren mới,Tăng đường kính bu lông,B,Long đen giúp phân bố lực kẹp lên diện tích lớn hơn.,thread = ren; pitch = bước ren; bolt = bu lông
616,A. Kiến thức cơ khí cơ bản,Materials/process fundamentals,Basic,"Khi nhiệt độ tăng, đa số kim loại có xu hướng gì?",Giãn nở,Biến thành nhựa,Không đổi kích thước tuyệt đối,Co lại,A,Đa số kim loại giãn nở khi nhiệt độ tăng.,thermal expansion = giãn nở nhiệt; burr = bavia; fillet = bo tròn
617,A. Kiến thức cơ khí cơ bản,Materials/process fundamentals,Basic,Nhiệt độ ảnh hưởng đến phép đo kích thước chính xác vì lý do nào?,Nhiệt độ làm mất chuẩn datum,Nhiệt độ đổi đơn vị mm,Chi tiết và dụng cụ có thể giãn nở/co lại,Nhiệt độ tạo ren mới,C,Biến dạng nhiệt có thể làm thay đổi kích thước đo được.,thermal expansion = giãn nở nhiệt; burr = bavia; fillet = bo tròn
618,A. Kiến thức cơ khí cơ bản,Materials/process fundamentals,Basic,Hệ số ma sát tăng thường làm lực ma sát thay đổi thế nào khi tải pháp tuyến giữ nguyên?,Giảm,Không liên quan,Bằng 0,Tăng,D,"Lực ma sát xấp xỉ μN, nên tăng μ làm tăng lực ma sát.",thermal expansion = giãn nở nhiệt; burr = bavia; fillet = bo tròn
619,A. Kiến thức cơ khí cơ bản,Materials/process fundamentals,Basic,Mục đích của dầu cắt khi gia công thường gồm gì?,Thay đổi vật liệu phôi,Làm mát và bôi trơn,Tăng độ cứng phôi,Tạo ren tự động,B,"Dung dịch cắt có thể làm mát, bôi trơn và hỗ trợ thoát phoi.",thermal expansion = giãn nở nhiệt; burr = bavia; fillet = bo tròn
620,A. Kiến thức cơ khí cơ bản,Materials/process fundamentals,Basic,Bavia là gì?,Vết nứt bên trong,Lớp phủ bảo vệ,Sai số máy đo,Phần vật liệu dư sắc còn lại sau gia công,D,Bavia là phần vật liệu dư thường xuất hiện ở mép sau gia công.,thermal expansion = giãn nở nhiệt; burr = bavia; fillet = bo tròn
621,A. Kiến thức cơ khí cơ bản,Materials/process fundamentals,Basic,Mục đích chính của vát mép là gì?,Tăng độ nhám,Tạo lỗ ren,Tạo mép chuyển tiếp và giảm cạnh sắc,Đo độ cứng,C,Vát mép giúp loại cạnh sắc và hỗ trợ lắp ráp.,thermal expansion = giãn nở nhiệt; burr = bavia; fillet = bo tròn
622,A. Kiến thức cơ khí cơ bản,Materials/process fundamentals,Basic,Bo R trên cạnh thường có tác dụng gì?,Giảm tập trung ứng suất và loại cạnh sắc,Đổi vật liệu,Tăng độ dài chi tiết,Tạo ren,A,Bo tròn có thể giảm tập trung ứng suất tại góc.,thermal expansion = giãn nở nhiệt; burr = bavia; fillet = bo tròn
623,A. Kiến thức cơ khí cơ bản,Materials/process fundamentals,Basic,"Trong bối cảnh kiểm tra thiết kế cơ khí, Khi nhiệt độ tăng, đa số kim loại có xu hướng gì?",Biến thành nhựa,Co lại,Không đổi kích thước tuyệt đối,Giãn nở,D,Đa số kim loại giãn nở khi nhiệt độ tăng.,thermal expansion = giãn nở nhiệt; burr = bavia; fillet = bo tròn
624,A. Kiến thức cơ khí cơ bản,Materials/process fundamentals,Basic,"Trong bối cảnh kiểm tra thiết kế cơ khí, Nhiệt độ ảnh hưởng đến phép đo kích thước chính xác vì lý do nào?",Nhiệt độ đổi đơn vị mm,Chi tiết và dụng cụ có thể giãn nở/co lại,Nhiệt độ làm mất chuẩn datum,Nhiệt độ tạo ren mới,B,Biến dạng nhiệt có thể làm thay đổi kích thước đo được.,thermal expansion = giãn nở nhiệt; burr = bavia; fillet = bo tròn
625,A. Kiến thức cơ khí cơ bản,Materials/process fundamentals,Basic,"Trong bối cảnh kiểm tra thiết kế cơ khí, Hệ số ma sát tăng thường làm lực ma sát thay đổi thế nào khi tải pháp tuyến giữ nguyên?",Giảm,Không liên quan,Bằng 0,Tăng,D,"Lực ma sát xấp xỉ μN, nên tăng μ làm tăng lực ma sát.",thermal expansion = giãn nở nhiệt; burr = bavia; fillet = bo tròn
626,A. Kiến thức cơ khí cơ bản,Materials/process fundamentals,Basic,"Trong bối cảnh kiểm tra thiết kế cơ khí, Mục đích của dầu cắt khi gia công thường gồm gì?",Làm mát và bôi trơn,Thay đổi vật liệu phôi,Tăng độ cứng phôi,Tạo ren tự động,A,"Dung dịch cắt có thể làm mát, bôi trơn và hỗ trợ thoát phoi.",thermal expansion = giãn nở nhiệt; burr = bavia; fillet = bo tròn
627,A. Kiến thức cơ khí cơ bản,Materials/process fundamentals,Basic,"Trong bối cảnh kiểm tra thiết kế cơ khí, Bavia là gì?",Vết nứt bên trong,Sai số máy đo,Lớp phủ bảo vệ,Phần vật liệu dư sắc còn lại sau gia công,D,Bavia là phần vật liệu dư thường xuất hiện ở mép sau gia công.,thermal expansion = giãn nở nhiệt; burr = bavia; fillet = bo tròn
628,A. Kiến thức cơ khí cơ bản,Materials/process fundamentals,Basic,"Trong bối cảnh kiểm tra thiết kế cơ khí, Mục đích chính của vát mép là gì?",Tạo lỗ ren,Tăng độ nhám,Tạo mép chuyển tiếp và giảm cạnh sắc,Đo độ cứng,C,Vát mép giúp loại cạnh sắc và hỗ trợ lắp ráp.,thermal expansion = giãn nở nhiệt; burr = bavia; fillet = bo tròn
629,A. Kiến thức cơ khí cơ bản,Materials/process fundamentals,Basic,"Trong bối cảnh kiểm tra thiết kế cơ khí, Bo R trên cạnh thường có tác dụng gì?",Tăng độ dài chi tiết,Giảm tập trung ứng suất và loại cạnh sắc,Tạo ren,Đổi vật liệu,B,Bo tròn có thể giảm tập trung ứng suất tại góc.,thermal expansion = giãn nở nhiệt; burr = bavia; fillet = bo tròn
630,A. Kiến thức cơ khí cơ bản,Materials/process fundamentals,Basic,"Trong bối cảnh kiểm tra thiết kế cơ khí, Trong bối cảnh kiểm tra thiết kế cơ khí, Khi nhiệt độ tăng, đa số kim loại có xu hướng gì? (trường hợp thực hành)",Biến thành nhựa,Giãn nở,Không đổi kích thước tuyệt đối,Co lại,B,Đa số kim loại giãn nở khi nhiệt độ tăng.,thermal expansion = giãn nở nhiệt; burr = bavia; fillet = bo tròn
631,A. Kiến thức cơ khí cơ bản,Materials/process fundamentals,Basic,"Trong bối cảnh kiểm tra thiết kế cơ khí, Trong bối cảnh kiểm tra thiết kế cơ khí, Nhiệt độ ảnh hưởng đến phép đo kích thước chính xác vì lý do nào? (trường hợp thực hành)",Chi tiết và dụng cụ có thể giãn nở/co lại,Nhiệt độ làm mất chuẩn datum,Nhiệt độ đổi đơn vị mm,Nhiệt độ tạo ren mới,A,Biến dạng nhiệt có thể làm thay đổi kích thước đo được.,thermal expansion = giãn nở nhiệt; burr = bavia; fillet = bo tròn
632,A. Kiến thức cơ khí cơ bản,Materials/process fundamentals,Basic,"Trong bối cảnh kiểm tra thiết kế cơ khí, Trong bối cảnh kiểm tra thiết kế cơ khí, Hệ số ma sát tăng thường làm lực ma sát thay đổi thế nào khi tải pháp tuyến giữ nguyên? (trường hợp thực hành)",Không liên quan,Giảm,Bằng 0,Tăng,D,"Lực ma sát xấp xỉ μN, nên tăng μ làm tăng lực ma sát.",thermal expansion = giãn nở nhiệt; burr = bavia; fillet = bo tròn
633,A. Kiến thức cơ khí cơ bản,Materials/process fundamentals,Basic,"Trong bối cảnh kiểm tra thiết kế cơ khí, Trong bối cảnh kiểm tra thiết kế cơ khí, Mục đích của dầu cắt khi gia công thường gồm gì? (trường hợp thực hành)",Tăng độ cứng phôi,Làm mát và bôi trơn,Thay đổi vật liệu phôi,Tạo ren tự động,B,"Dung dịch cắt có thể làm mát, bôi trơn và hỗ trợ thoát phoi.",thermal expansion = giãn nở nhiệt; burr = bavia; fillet = bo tròn
634,A. Kiến thức cơ khí cơ bản,Materials/process fundamentals,Basic,"Trong bối cảnh kiểm tra thiết kế cơ khí, Trong bối cảnh kiểm tra thiết kế cơ khí, Bavia là gì? (trường hợp thực hành)",Sai số máy đo,Lớp phủ bảo vệ,Vết nứt bên trong,Phần vật liệu dư sắc còn lại sau gia công,D,Bavia là phần vật liệu dư thường xuất hiện ở mép sau gia công.,thermal expansion = giãn nở nhiệt; burr = bavia; fillet = bo tròn
635,A. Kiến thức cơ khí cơ bản,Materials/process fundamentals,Basic,"Trong bối cảnh kiểm tra thiết kế cơ khí, Trong bối cảnh kiểm tra thiết kế cơ khí, Mục đích chính của vát mép là gì? (trường hợp thực hành)",Tăng độ nhám,Tạo lỗ ren,Đo độ cứng,Tạo mép chuyển tiếp và giảm cạnh sắc,D,Vát mép giúp loại cạnh sắc và hỗ trợ lắp ráp.,thermal expansion = giãn nở nhiệt; burr = bavia; fillet = bo tròn
636,A. Kiến thức cơ khí cơ bản,Materials/process fundamentals,Basic,"Trong bối cảnh kiểm tra thiết kế cơ khí, Trong bối cảnh kiểm tra thiết kế cơ khí, Bo R trên cạnh thường có tác dụng gì? (trường hợp thực hành)",Tăng độ dài chi tiết,Giảm tập trung ứng suất và loại cạnh sắc,Tạo ren,Đổi vật liệu,B,Bo tròn có thể giảm tập trung ứng suất tại góc.,thermal expansion = giãn nở nhiệt; burr = bavia; fillet = bo tròn
637,A. Kiến thức cơ khí cơ bản,Materials/process fundamentals,Basic,"Trong bối cảnh kiểm tra thiết kế cơ khí, Trong bối cảnh kiểm tra thiết kế cơ khí, Khi nhiệt độ tăng, đa số kim loại có xu hướng gì? (trường hợp thực hành)",Co lại,Biến thành nhựa,Không đổi kích thước tuyệt đối,Giãn nở,D,Đa số kim loại giãn nở khi nhiệt độ tăng.,thermal expansion = giãn nở nhiệt; burr = bavia; fillet = bo tròn
638,A. Kiến thức cơ khí cơ bản,Materials/process fundamentals,Basic,"Trong bối cảnh kiểm tra thiết kế cơ khí, Trong bối cảnh kiểm tra thiết kế cơ khí, Nhiệt độ ảnh hưởng đến phép đo kích thước chính xác vì lý do nào? (trường hợp thực hành)",Chi tiết và dụng cụ có thể giãn nở/co lại,Nhiệt độ đổi đơn vị mm,Nhiệt độ tạo ren mới,Nhiệt độ làm mất chuẩn datum,A,Biến dạng nhiệt có thể làm thay đổi kích thước đo được.,thermal expansion = giãn nở nhiệt; burr = bavia; fillet = bo tròn
639,A. Kiến thức cơ khí cơ bản,Materials/process fundamentals,Basic,"Trong bối cảnh kiểm tra thiết kế cơ khí, Trong bối cảnh kiểm tra thiết kế cơ khí, Hệ số ma sát tăng thường làm lực ma sát thay đổi thế nào khi tải pháp tuyến giữ nguyên? (trường hợp thực hành)",Bằng 0,Tăng,Giảm,Không liên quan,B,"Lực ma sát xấp xỉ μN, nên tăng μ làm tăng lực ma sát.",thermal expansion = giãn nở nhiệt; burr = bavia; fillet = bo tròn
640,A. Kiến thức cơ khí cơ bản,Materials/process fundamentals,Basic,"Trong bối cảnh kiểm tra thiết kế cơ khí, Trong bối cảnh kiểm tra thiết kế cơ khí, Mục đích của dầu cắt khi gia công thường gồm gì? (trường hợp thực hành)",Thay đổi vật liệu phôi,Tạo ren tự động,Tăng độ cứng phôi,Làm mát và bôi trơn,D,"Dung dịch cắt có thể làm mát, bôi trơn và hỗ trợ thoát phoi.",thermal expansion = giãn nở nhiệt; burr = bavia; fillet = bo tròn
641,A. Kiến thức cơ khí cơ bản,Applied basics,Intermediate,Một lực 100 N tác dụng vuông góc tại cánh tay đòn 0.10 m. Mô-men xấp xỉ bằng bao nhiêu?,100.0 N·m,100.1 N·m,10.0 N·m,1000.0 N·m,C,M = F × L khi lực vuông góc với cánh tay đòn.,thermal expansion = giãn nở nhiệt; nominal = danh nghĩa; pitch = bước ren
642,A. Kiến thức cơ khí cơ bản,Applied basics,Intermediate,Một lực 1100 N phân bố đều trên diện tích 110 mm². Ứng suất trung bình là bao nhiêu?,0.100 N/mm²,10.0 N/mm²,1.00 N/mm²,121000 N/mm²,B,Ứng suất = lực / diện tích.,thermal expansion = giãn nở nhiệt; nominal = danh nghĩa; pitch = bước ren
643,A. Kiến thức cơ khí cơ bản,Applied basics,Intermediate,Một chi tiết có khối lượng 4 kg và thể tích 0.7 L. Khối lượng riêng là bao nhiêu kg/L?,5.7 kg/L,0.57 kg/L,0.17 kg/L,2.8 kg/L,A,Khối lượng riêng = khối lượng / thể tích.,thermal expansion = giãn nở nhiệt; nominal = danh nghĩa; pitch = bước ren
644,A. Kiến thức cơ khí cơ bản,Applied basics,Intermediate,Một lỗ có đường kính danh nghĩa Ø13 mm. Bán kính danh nghĩa là bao nhiêu?,13 mm,26 mm,6.5 mm,3.25 mm,C,Bán kính bằng một nửa đường kính.,thermal expansion = giãn nở nhiệt; nominal = danh nghĩa; pitch = bước ren
645,A. Kiến thức cơ khí cơ bản,Applied basics,Intermediate,0.45 inch tương đương khoảng bao nhiêu mm?,1.14 mm,11.43 mm,114.30 mm,4.50 mm,B,Quy đổi theo 1 inch = 25.4 mm.,thermal expansion = giãn nở nhiệt; nominal = danh nghĩa; pitch = bước ren
646,A. Kiến thức cơ khí cơ bản,Applied basics,Intermediate,0.07 mm tương đương bao nhiêu µm?,7 µm,0.07 µm,700 µm,70 µm,D,1 mm = 1000 µm.,thermal expansion = giãn nở nhiệt; nominal = danh nghĩa; pitch = bước ren
647,A. Kiến thức cơ khí cơ bản,Applied basics,Intermediate,Một ren M12×3. Kích thước 3 mm trong ký hiệu này là gì?,Chiều dài bu lông 2 mm,Bước ren 3 mm,Độ sâu lỗ 2 mm,Đường kính ren 2 mm,B,"Trong ký hiệu M12×p, p là bước ren.",thermal expansion = giãn nở nhiệt; nominal = danh nghĩa; pitch = bước ren
648,A. Kiến thức cơ khí cơ bản,Applied basics,Intermediate,"Một thanh dài 1000 mm tăng nhiệt thêm 27 °C. Với hệ số giãn nở tuyến tính 23×10⁻⁶/°C, độ dài tăng xấp xỉ bao nhiêu?",27.000 mm,6.210 mm,0.062 mm,0.621 mm,D,ΔL = αL₀ΔT.,thermal expansion = giãn nở nhiệt; nominal = danh nghĩa; pitch = bước ren
649,A. Kiến thức cơ khí cơ bản,Applied basics,Intermediate,Một lực 180 N tác dụng vuông góc tại cánh tay đòn 0.13 m. Mô-men xấp xỉ bằng bao nhiêu?,180.1 N·m,23.4 N·m,234.0 N·m,1384.6 N·m,B,M = F × L khi lực vuông góc với cánh tay đòn.,thermal expansion = giãn nở nhiệt; nominal = danh nghĩa; pitch = bước ren
650,A. Kiến thức cơ khí cơ bản,Applied basics,Intermediate,Một lực 1900 N phân bố đều trên diện tích 140 mm². Ứng suất trung bình là bao nhiêu?,266000 N/mm²,13.6 N/mm²,1.36 N/mm²,0.074 N/mm²,B,Ứng suất = lực / diện tích.,thermal expansion = giãn nở nhiệt; nominal = danh nghĩa; pitch = bước ren
651,A. Kiến thức cơ khí cơ bản,Applied basics,Intermediate,Một chi tiết có khối lượng 6 kg và thể tích 0.5 L. Khối lượng riêng là bao nhiêu kg/L?,12.0 kg/L,0.08 kg/L,3.0 kg/L,1.20 kg/L,A,Khối lượng riêng = khối lượng / thể tích.,thermal expansion = giãn nở nhiệt; nominal = danh nghĩa; pitch = bước ren
652,A. Kiến thức cơ khí cơ bản,Applied basics,Intermediate,Một lỗ có đường kính danh nghĩa Ø14 mm. Bán kính danh nghĩa là bao nhiêu?,7 mm,3.5 mm,28 mm,14 mm,A,Bán kính bằng một nửa đường kính.,thermal expansion = giãn nở nhiệt; nominal = danh nghĩa; pitch = bước ren
653,A. Kiến thức cơ khí cơ bản,Applied basics,Intermediate,0.25 inch tương đương khoảng bao nhiêu mm?,0.64 mm,6.35 mm,63.50 mm,2.50 mm,B,Quy đổi theo 1 inch = 25.4 mm.,thermal expansion = giãn nở nhiệt; nominal = danh nghĩa; pitch = bước ren
654,A. Kiến thức cơ khí cơ bản,Applied basics,Intermediate,"Trong bối cảnh kiểm tra thiết kế cơ khí, 0.07 mm tương đương bao nhiêu µm?",7 µm,0.07 µm,70 µm,700 µm,C,1 mm = 1000 µm.,thermal expansion = giãn nở nhiệt; nominal = danh nghĩa; pitch = bước ren
655,A. Kiến thức cơ khí cơ bản,Applied basics,Intermediate,Một ren M12×6. Kích thước 6 mm trong ký hiệu này là gì?,Chiều dài bu lông 2 mm,Đường kính ren 2 mm,Độ sâu lỗ 2 mm,Bước ren 6 mm,D,"Trong ký hiệu M12×p, p là bước ren.",thermal expansion = giãn nở nhiệt; nominal = danh nghĩa; pitch = bước ren
656,A. Kiến thức cơ khí cơ bản,Applied basics,Intermediate,"Một thanh dài 1000 mm tăng nhiệt thêm 25 °C. Với hệ số giãn nở tuyến tính 23×10⁻⁶/°C, độ dài tăng xấp xỉ bao nhiêu?",25.000 mm,5.750 mm,0.575 mm,0.057 mm,C,ΔL = αL₀ΔT.,thermal expansion = giãn nở nhiệt; nominal = danh nghĩa; pitch = bước ren
657,A. Kiến thức cơ khí cơ bản,Applied basics,Intermediate,Một lực 260 N tác dụng vuông góc tại cánh tay đòn 0.11 m. Mô-men xấp xỉ bằng bao nhiêu?,286.0 N·m,2363.6 N·m,28.6 N·m,260.1 N·m,C,M = F × L khi lực vuông góc với cánh tay đòn.,thermal expansion = giãn nở nhiệt; nominal = danh nghĩa; pitch = bước ren
658,A. Kiến thức cơ khí cơ bản,Applied basics,Intermediate,Một lực 2700 N phân bố đều trên diện tích 120 mm². Ứng suất trung bình là bao nhiêu?,0.044 N/mm²,22.5 N/mm²,324000 N/mm²,2.25 N/mm²,B,Ứng suất = lực / diện tích.,thermal expansion = giãn nở nhiệt; nominal = danh nghĩa; pitch = bước ren
659,A. Kiến thức cơ khí cơ bản,Applied basics,Intermediate,Một chi tiết có khối lượng 2 kg và thể tích 0.8 L. Khối lượng riêng là bao nhiêu kg/L?,2.5 kg/L,0.40 kg/L,0.25 kg/L,1.6 kg/L,A,Khối lượng riêng = khối lượng / thể tích.,thermal expansion = giãn nở nhiệt; nominal = danh nghĩa; pitch = bước ren
660,A. Kiến thức cơ khí cơ bản,Applied basics,Intermediate,Một lỗ có đường kính danh nghĩa Ø15 mm. Bán kính danh nghĩa là bao nhiêu?,7.5 mm,30 mm,3.75 mm,15 mm,A,Bán kính bằng một nửa đường kính.,thermal expansion = giãn nở nhiệt; nominal = danh nghĩa; pitch = bước ren
661,A. Kiến thức cơ khí cơ bản,Applied basics,Intermediate,0.35 inch tương đương khoảng bao nhiêu mm?,0.89 mm,88.90 mm,8.89 mm,3.50 mm,C,Quy đổi theo 1 inch = 25.4 mm.,thermal expansion = giãn nở nhiệt; nominal = danh nghĩa; pitch = bước ren
662,A. Kiến thức cơ khí cơ bản,Applied basics,Intermediate,"Trong bối cảnh kiểm tra thiết kế cơ khí, Trong bối cảnh kiểm tra thiết kế cơ khí, 0.07 mm tương đương bao nhiêu µm? (trường hợp thực hành)",0.07 µm,700 µm,7 µm,70 µm,D,1 mm = 1000 µm.,thermal expansion = giãn nở nhiệt; nominal = danh nghĩa; pitch = bước ren
663,A. Kiến thức cơ khí cơ bản,Applied basics,Intermediate,Một ren M12×4. Kích thước 4 mm trong ký hiệu này là gì?,Độ sâu lỗ 2 mm,Bước ren 4 mm,Chiều dài bu lông 2 mm,Đường kính ren 2 mm,B,"Trong ký hiệu M12×p, p là bước ren.",thermal expansion = giãn nở nhiệt; nominal = danh nghĩa; pitch = bước ren
664,A. Kiến thức cơ khí cơ bản,Applied basics,Intermediate,"Một thanh dài 1000 mm tăng nhiệt thêm 23 °C. Với hệ số giãn nở tuyến tính 23×10⁻⁶/°C, độ dài tăng xấp xỉ bao nhiêu?",0.053 mm,0.529 mm,23.000 mm,5.290 mm,B,ΔL = αL₀ΔT.,thermal expansion = giãn nở nhiệt; nominal = danh nghĩa; pitch = bước ren
665,A. Kiến thức cơ khí cơ bản,Applied basics,Intermediate,Một lực 340 N tác dụng vuông góc tại cánh tay đòn 0.14 m. Mô-men xấp xỉ bằng bao nhiêu?,2428.6 N·m,476.0 N·m,340.1 N·m,47.6 N·m,D,M = F × L khi lực vuông góc với cánh tay đòn.,thermal expansion = giãn nở nhiệt; nominal = danh nghĩa; pitch = bước ren
666,A. Kiến thức cơ khí cơ bản,Applied basics,Intermediate,Một lực 3500 N phân bố đều trên diện tích 100 mm². Ứng suất trung bình là bao nhiêu?,35.0 N/mm²,350000 N/mm²,3.50 N/mm²,0.029 N/mm²,A,Ứng suất = lực / diện tích.,thermal expansion = giãn nở nhiệt; nominal = danh nghĩa; pitch = bước ren
667,A. Kiến thức cơ khí cơ bản,Applied basics,Intermediate,Một chi tiết có khối lượng 4 kg và thể tích 0.6 L. Khối lượng riêng là bao nhiêu kg/L?,0.67 kg/L,6.7 kg/L,0.15 kg/L,2.4 kg/L,B,Khối lượng riêng = khối lượng / thể tích.,thermal expansion = giãn nở nhiệt; nominal = danh nghĩa; pitch = bước ren
668,A. Kiến thức cơ khí cơ bản,Applied basics,Intermediate,Một lỗ có đường kính danh nghĩa Ø16 mm. Bán kính danh nghĩa là bao nhiêu?,8 mm,4 mm,16 mm,32 mm,A,Bán kính bằng một nửa đường kính.,thermal expansion = giãn nở nhiệt; nominal = danh nghĩa; pitch = bước ren
669,A. Kiến thức cơ khí cơ bản,Applied basics,Intermediate,"Trong bối cảnh kiểm tra thiết kế cơ khí, 0.45 inch tương đương khoảng bao nhiêu mm?",4.50 mm,11.43 mm,1.14 mm,114.30 mm,B,Quy đổi theo 1 inch = 25.4 mm.,thermal expansion = giãn nở nhiệt; nominal = danh nghĩa; pitch = bước ren
670,A. Kiến thức cơ khí cơ bản,Applied basics,Intermediate,"Trong bối cảnh kiểm tra thiết kế cơ khí, Trong bối cảnh kiểm tra thiết kế cơ khí, 0.07 mm tương đương bao nhiêu µm? (trường hợp thực hành)",7 µm,0.07 µm,70 µm,700 µm,C,1 mm = 1000 µm.,thermal expansion = giãn nở nhiệt; nominal = danh nghĩa; pitch = bước ren
671,A. Kiến thức cơ khí cơ bản,Applied basics,Intermediate,Một ren M12×2. Kích thước 2 mm trong ký hiệu này là gì?,Độ sâu lỗ 2 mm,Chiều dài bu lông 2 mm,Đường kính ren 2 mm,Bước ren 2 mm,D,"Trong ký hiệu M12×p, p là bước ren.",thermal expansion = giãn nở nhiệt; nominal = danh nghĩa; pitch = bước ren
672,A. Kiến thức cơ khí cơ bản,Applied basics,Intermediate,"Một thanh dài 1000 mm tăng nhiệt thêm 21 °C. Với hệ số giãn nở tuyến tính 23×10⁻⁶/°C, độ dài tăng xấp xỉ bao nhiêu?",0.048 mm,4.830 mm,21.000 mm,0.483 mm,D,ΔL = αL₀ΔT.,thermal expansion = giãn nở nhiệt; nominal = danh nghĩa; pitch = bước ren
673,A. Kiến thức cơ khí cơ bản,Applied basics,Intermediate,Một lực 420 N tác dụng vuông góc tại cánh tay đòn 0.12 m. Mô-men xấp xỉ bằng bao nhiêu?,50.4 N·m,3500.0 N·m,504.0 N·m,420.1 N·m,A,M = F × L khi lực vuông góc với cánh tay đòn.,thermal expansion = giãn nở nhiệt; nominal = danh nghĩa; pitch = bước ren
674,A. Kiến thức cơ khí cơ bản,Applied basics,Intermediate,Một lực 4300 N phân bố đều trên diện tích 130 mm². Ứng suất trung bình là bao nhiêu?,3.31 N/mm²,0.030 N/mm²,33.1 N/mm²,559000 N/mm²,C,Ứng suất = lực / diện tích.,thermal expansion = giãn nở nhiệt; nominal = danh nghĩa; pitch = bước ren
675,A. Kiến thức cơ khí cơ bản,Applied basics,Intermediate,Một chi tiết có khối lượng 6 kg và thể tích 0.9 L. Khối lượng riêng là bao nhiêu kg/L?,5.4 kg/L,6.7 kg/L,0.67 kg/L,0.15 kg/L,B,Khối lượng riêng = khối lượng / thể tích.,thermal expansion = giãn nở nhiệt; nominal = danh nghĩa; pitch = bước ren
676,A. Kiến thức cơ khí cơ bản,Applied basics,Intermediate,Một lỗ có đường kính danh nghĩa Ø10 mm. Bán kính danh nghĩa là bao nhiêu?,10 mm,5 mm,2.5 mm,20 mm,B,Bán kính bằng một nửa đường kính.,thermal expansion = giãn nở nhiệt; nominal = danh nghĩa; pitch = bước ren
677,A. Kiến thức cơ khí cơ bản,Applied basics,Intermediate,"Trong bối cảnh kiểm tra thiết kế cơ khí, 0.25 inch tương đương khoảng bao nhiêu mm?",2.50 mm,63.50 mm,0.64 mm,6.35 mm,D,Quy đổi theo 1 inch = 25.4 mm.,thermal expansion = giãn nở nhiệt; nominal = danh nghĩa; pitch = bước ren
678,A. Kiến thức cơ khí cơ bản,Applied basics,Intermediate,"Trong bối cảnh kiểm tra thiết kế cơ khí, Trong bối cảnh kiểm tra thiết kế cơ khí, 0.07 mm tương đương bao nhiêu µm? (trường hợp thực hành)",70 µm,7 µm,0.07 µm,700 µm,A,1 mm = 1000 µm.,thermal expansion = giãn nở nhiệt; nominal = danh nghĩa; pitch = bước ren
679,A. Kiến thức cơ khí cơ bản,Applied basics,Intermediate,Một ren M12×5. Kích thước 5 mm trong ký hiệu này là gì?,Đường kính ren 2 mm,Bước ren 5 mm,Độ sâu lỗ 2 mm,Chiều dài bu lông 2 mm,B,"Trong ký hiệu M12×p, p là bước ren.",thermal expansion = giãn nở nhiệt; nominal = danh nghĩa; pitch = bước ren
680,A. Kiến thức cơ khí cơ bản,Applied basics,Intermediate,"Một thanh dài 1000 mm tăng nhiệt thêm 29 °C. Với hệ số giãn nở tuyến tính 23×10⁻⁶/°C, độ dài tăng xấp xỉ bao nhiêu?",29.000 mm,0.067 mm,6.670 mm,0.667 mm,D,ΔL = αL₀ΔT.,thermal expansion = giãn nở nhiệt; nominal = danh nghĩa; pitch = bước ren
681,A. Kiến thức cơ khí cơ bản,Applied basics,Intermediate,Một lực 500 N tác dụng vuông góc tại cánh tay đòn 0.10 m. Mô-men xấp xỉ bằng bao nhiêu?,5000.0 N·m,500.0 N·m,500.1 N·m,50.0 N·m,D,M = F × L khi lực vuông góc với cánh tay đòn.,thermal expansion = giãn nở nhiệt; nominal = danh nghĩa; pitch = bước ren
682,A. Kiến thức cơ khí cơ bản,Applied basics,Intermediate,Một lực 5100 N phân bố đều trên diện tích 110 mm². Ứng suất trung bình là bao nhiêu?,46.4 N/mm²,561000 N/mm²,4.64 N/mm²,0.022 N/mm²,A,Ứng suất = lực / diện tích.,thermal expansion = giãn nở nhiệt; nominal = danh nghĩa; pitch = bước ren
683,A. Kiến thức cơ khí cơ bản,Applied basics,Intermediate,Một chi tiết có khối lượng 2 kg và thể tích 0.7 L. Khối lượng riêng là bao nhiêu kg/L?,1.4 kg/L,2.9 kg/L,0.29 kg/L,0.35 kg/L,B,Khối lượng riêng = khối lượng / thể tích.,thermal expansion = giãn nở nhiệt; nominal = danh nghĩa; pitch = bước ren
684,A. Kiến thức cơ khí cơ bản,Applied basics,Intermediate,Một lỗ có đường kính danh nghĩa Ø11 mm. Bán kính danh nghĩa là bao nhiêu?,22 mm,2.75 mm,11 mm,5.5 mm,D,Bán kính bằng một nửa đường kính.,thermal expansion = giãn nở nhiệt; nominal = danh nghĩa; pitch = bước ren
685,A. Kiến thức cơ khí cơ bản,Applied basics,Intermediate,"Trong bối cảnh kiểm tra thiết kế cơ khí, 0.35 inch tương đương khoảng bao nhiêu mm?",3.50 mm,8.89 mm,88.90 mm,0.89 mm,B,Quy đổi theo 1 inch = 25.4 mm.,thermal expansion = giãn nở nhiệt; nominal = danh nghĩa; pitch = bước ren
686,A. Kiến thức cơ khí cơ bản,Applied basics,Intermediate,"Trong bối cảnh kiểm tra thiết kế cơ khí, Trong bối cảnh kiểm tra thiết kế cơ khí, 0.07 mm tương đương bao nhiêu µm? (trường hợp thực hành)",700 µm,70 µm,0.07 µm,7 µm,B,1 mm = 1000 µm.,thermal expansion = giãn nở nhiệt; nominal = danh nghĩa; pitch = bước ren
687,A. Kiến thức cơ khí cơ bản,Applied basics,Intermediate,"Trong bối cảnh kiểm tra thiết kế cơ khí, Một ren M12×3. Kích thước 3 mm trong ký hiệu này là gì?",Bước ren 3 mm,Chiều dài bu lông 2 mm,Độ sâu lỗ 2 mm,Đường kính ren 2 mm,A,"Trong ký hiệu M12×p, p là bước ren.",thermal expansion = giãn nở nhiệt; nominal = danh nghĩa; pitch = bước ren
688,A. Kiến thức cơ khí cơ bản,Applied basics,Intermediate,"Trong bối cảnh kiểm tra thiết kế cơ khí, Một thanh dài 1000 mm tăng nhiệt thêm 27 °C. Với hệ số giãn nở tuyến tính 23×10⁻⁶/°C, độ dài tăng xấp xỉ bao nhiêu?",27.000 mm,0.062 mm,6.210 mm,0.621 mm,D,ΔL = αL₀ΔT.,thermal expansion = giãn nở nhiệt; nominal = danh nghĩa; pitch = bước ren
689,A. Kiến thức cơ khí cơ bản,Applied basics,Intermediate,Một lực 580 N tác dụng vuông góc tại cánh tay đòn 0.13 m. Mô-men xấp xỉ bằng bao nhiêu?,754.0 N·m,75.4 N·m,4461.5 N·m,580.1 N·m,B,M = F × L khi lực vuông góc với cánh tay đòn.,thermal expansion = giãn nở nhiệt; nominal = danh nghĩa; pitch = bước ren
690,A. Kiến thức cơ khí cơ bản,Applied basics,Intermediate,Một lực 5900 N phân bố đều trên diện tích 140 mm². Ứng suất trung bình là bao nhiêu?,4.21 N/mm²,0.024 N/mm²,42.1 N/mm²,826000 N/mm²,C,Ứng suất = lực / diện tích.,thermal expansion = giãn nở nhiệt; nominal = danh nghĩa; pitch = bước ren
691,A. Kiến thức cơ khí cơ bản,Applied basics,Intermediate,Một chi tiết có khối lượng 4 kg và thể tích 0.5 L. Khối lượng riêng là bao nhiêu kg/L?,2.0 kg/L,0.80 kg/L,0.12 kg/L,8.0 kg/L,D,Khối lượng riêng = khối lượng / thể tích.,thermal expansion = giãn nở nhiệt; nominal = danh nghĩa; pitch = bước ren
692,A. Kiến thức cơ khí cơ bản,Applied basics,Intermediate,Một lỗ có đường kính danh nghĩa Ø12 mm. Bán kính danh nghĩa là bao nhiêu?,6 mm,3 mm,24 mm,12 mm,A,Bán kính bằng một nửa đường kính.,thermal expansion = giãn nở nhiệt; nominal = danh nghĩa; pitch = bước ren
693,A. Kiến thức cơ khí cơ bản,Applied basics,Intermediate,"Trong bối cảnh kiểm tra thiết kế cơ khí, Trong bối cảnh kiểm tra thiết kế cơ khí, 0.45 inch tương đương khoảng bao nhiêu mm? (trường hợp thực hành)",114.30 mm,11.43 mm,4.50 mm,1.14 mm,B,Quy đổi theo 1 inch = 25.4 mm.,thermal expansion = giãn nở nhiệt; nominal = danh nghĩa; pitch = bước ren
694,A. Kiến thức cơ khí cơ bản,Applied basics,Intermediate,"Trong bối cảnh kiểm tra thiết kế cơ khí, Trong bối cảnh kiểm tra thiết kế cơ khí, 0.07 mm tương đương bao nhiêu µm? (trường hợp thực hành)",7 µm,70 µm,0.07 µm,700 µm,B,1 mm = 1000 µm.,thermal expansion = giãn nở nhiệt; nominal = danh nghĩa; pitch = bước ren
695,A. Kiến thức cơ khí cơ bản,Applied basics,Intermediate,"Trong bối cảnh kiểm tra thiết kế cơ khí, Một ren M12×6. Kích thước 6 mm trong ký hiệu này là gì?",Đường kính ren 2 mm,Chiều dài bu lông 2 mm,Bước ren 6 mm,Độ sâu lỗ 2 mm,C,"Trong ký hiệu M12×p, p là bước ren.",thermal expansion = giãn nở nhiệt; nominal = danh nghĩa; pitch = bước ren
696,A. Kiến thức cơ khí cơ bản,Applied basics,Intermediate,"Trong bối cảnh kiểm tra thiết kế cơ khí, Một thanh dài 1000 mm tăng nhiệt thêm 25 °C. Với hệ số giãn nở tuyến tính 23×10⁻⁶/°C, độ dài tăng xấp xỉ bao nhiêu?",5.750 mm,0.575 mm,25.000 mm,0.057 mm,B,ΔL = αL₀ΔT.,thermal expansion = giãn nở nhiệt; nominal = danh nghĩa; pitch = bước ren
697,A. Kiến thức cơ khí cơ bản,Applied basics,Intermediate,Một lực 660 N tác dụng vuông góc tại cánh tay đòn 0.11 m. Mô-men xấp xỉ bằng bao nhiêu?,72.6 N·m,660.1 N·m,726.0 N·m,6000.0 N·m,A,M = F × L khi lực vuông góc với cánh tay đòn.,thermal expansion = giãn nở nhiệt; nominal = danh nghĩa; pitch = bước ren
698,A. Kiến thức cơ khí cơ bản,Applied basics,Intermediate,Một lực 6700 N phân bố đều trên diện tích 120 mm². Ứng suất trung bình là bao nhiêu?,5.58 N/mm²,804000 N/mm²,0.018 N/mm²,55.8 N/mm²,D,Ứng suất = lực / diện tích.,thermal expansion = giãn nở nhiệt; nominal = danh nghĩa; pitch = bước ren
699,A. Kiến thức cơ khí cơ bản,Applied basics,Intermediate,Một chi tiết có khối lượng 6 kg và thể tích 0.8 L. Khối lượng riêng là bao nhiêu kg/L?,0.13 kg/L,0.75 kg/L,7.5 kg/L,4.8 kg/L,C,Khối lượng riêng = khối lượng / thể tích.,thermal expansion = giãn nở nhiệt; nominal = danh nghĩa; pitch = bước ren
700,A. Kiến thức cơ khí cơ bản,Applied basics,Intermediate,"Trong bối cảnh kiểm tra thiết kế cơ khí, Một lỗ có đường kính danh nghĩa Ø13 mm. Bán kính danh nghĩa là bao nhiêu?",6.5 mm,26 mm,13 mm,3.25 mm,A,Bán kính bằng một nửa đường kính.,thermal expansion = giãn nở nhiệt; nominal = danh nghĩa; pitch = bước ren
701,A. Kiến thức cơ khí cơ bản,Applied basics,Intermediate,"Trong bối cảnh kiểm tra thiết kế cơ khí, Trong bối cảnh kiểm tra thiết kế cơ khí, 0.25 inch tương đương khoảng bao nhiêu mm? (trường hợp thực hành)",0.64 mm,6.35 mm,63.50 mm,2.50 mm,B,Quy đổi theo 1 inch = 25.4 mm.,thermal expansion = giãn nở nhiệt; nominal = danh nghĩa; pitch = bước ren
702,A. Kiến thức cơ khí cơ bản,Applied basics,Intermediate,"Trong bối cảnh kiểm tra thiết kế cơ khí, Trong bối cảnh kiểm tra thiết kế cơ khí, 0.07 mm tương đương bao nhiêu µm? (trường hợp thực hành)",700 µm,70 µm,0.07 µm,7 µm,B,1 mm = 1000 µm.,thermal expansion = giãn nở nhiệt; nominal = danh nghĩa; pitch = bước ren
703,A. Kiến thức cơ khí cơ bản,Applied basics,Intermediate,"Trong bối cảnh kiểm tra thiết kế cơ khí, Một ren M12×4. Kích thước 4 mm trong ký hiệu này là gì?",Bước ren 4 mm,Độ sâu lỗ 2 mm,Đường kính ren 2 mm,Chiều dài bu lông 2 mm,A,"Trong ký hiệu M12×p, p là bước ren.",thermal expansion = giãn nở nhiệt; nominal = danh nghĩa; pitch = bước ren
704,A. Kiến thức cơ khí cơ bản,Applied basics,Intermediate,"Trong bối cảnh kiểm tra thiết kế cơ khí, Một thanh dài 1000 mm tăng nhiệt thêm 23 °C. Với hệ số giãn nở tuyến tính 23×10⁻⁶/°C, độ dài tăng xấp xỉ bao nhiêu?",0.529 mm,5.290 mm,23.000 mm,0.053 mm,A,ΔL = αL₀ΔT.,thermal expansion = giãn nở nhiệt; nominal = danh nghĩa; pitch = bước ren
705,A. Kiến thức cơ khí cơ bản,Applied basics,Intermediate,Một lực 740 N tác dụng vuông góc tại cánh tay đòn 0.14 m. Mô-men xấp xỉ bằng bao nhiêu?,740.1 N·m,5285.7 N·m,1036.0 N·m,103.6 N·m,D,M = F × L khi lực vuông góc với cánh tay đòn.,thermal expansion = giãn nở nhiệt; nominal = danh nghĩa; pitch = bước ren
706,A. Kiến thức cơ khí cơ bản,Applied basics,Intermediate,Một lực 7500 N phân bố đều trên diện tích 100 mm². Ứng suất trung bình là bao nhiêu?,75.0 N/mm²,750000 N/mm²,7.50 N/mm²,0.013 N/mm²,A,Ứng suất = lực / diện tích.,thermal expansion = giãn nở nhiệt; nominal = danh nghĩa; pitch = bước ren
707,A. Kiến thức cơ khí cơ bản,Applied basics,Intermediate,Một chi tiết có khối lượng 2 kg và thể tích 0.6 L. Khối lượng riêng là bao nhiêu kg/L?,1.2 kg/L,0.33 kg/L,0.30 kg/L,3.3 kg/L,D,Khối lượng riêng = khối lượng / thể tích.,thermal expansion = giãn nở nhiệt; nominal = danh nghĩa; pitch = bước ren
708,A. Kiến thức cơ khí cơ bản,Applied basics,Intermediate,"Trong bối cảnh kiểm tra thiết kế cơ khí, Một lỗ có đường kính danh nghĩa Ø14 mm. Bán kính danh nghĩa là bao nhiêu?",14 mm,28 mm,3.5 mm,7 mm,D,Bán kính bằng một nửa đường kính.,thermal expansion = giãn nở nhiệt; nominal = danh nghĩa; pitch = bước ren
709,A. Kiến thức cơ khí cơ bản,Applied basics,Intermediate,"Trong bối cảnh kiểm tra thiết kế cơ khí, Trong bối cảnh kiểm tra thiết kế cơ khí, 0.35 inch tương đương khoảng bao nhiêu mm? (trường hợp thực hành)",88.90 mm,8.89 mm,0.89 mm,3.50 mm,B,Quy đổi theo 1 inch = 25.4 mm.,thermal expansion = giãn nở nhiệt; nominal = danh nghĩa; pitch = bước ren
710,A. Kiến thức cơ khí cơ bản,Applied basics,Intermediate,"Trong bối cảnh kiểm tra thiết kế cơ khí, Trong bối cảnh kiểm tra thiết kế cơ khí, 0.07 mm tương đương bao nhiêu µm? (trường hợp thực hành)",700 µm,70 µm,7 µm,0.07 µm,B,1 mm = 1000 µm.,thermal expansion = giãn nở nhiệt; nominal = danh nghĩa; pitch = bước ren
711,E. Vật liệu cơ khí,Material identification & selection,Basic,AISI 304 thuộc nhóm vật liệu nào?,Đồng nguyên chất,Hợp kim nhôm,Thép không gỉ austenit,Gang xám,C,304 là thép không gỉ austenit phổ biến.,alloy = hợp kim; hardness = độ cứng; tensile strength = độ bền kéo
712,E. Vật liệu cơ khí,Material identification & selection,Basic,AISI 316 khác 304 nổi bật ở nguyên tố nào giúp tăng khả năng chống ăn mòn rỗ?,Pb,Sn,Zn,Mo (molypden),D,"316 chứa molypden, giúp cải thiện chống ăn mòn rỗ.",alloy = hợp kim; hardness = độ cứng; tensile strength = độ bền kéo
713,E. Vật liệu cơ khí,Material identification & selection,Basic,"Khi lựa chọn vật liệu cho chi tiết, A5052 là nhóm vật liệu nào?",Titan nguyên chất,Thép cacbon,Đồng thau,Hợp kim nhôm,D,A5052 là hợp kim nhôm thường dùng cho tấm và chi tiết gia công.,alloy = hợp kim; hardness = độ cứng; tensile strength = độ bền kéo
714,E. Vật liệu cơ khí,Material identification & selection,Basic,A6061 thường được chọn vì đặc tính nào?,Độ cứng cực cao như carbide,Không thể anodize,Nhiệt độ nóng chảy thấp như thiếc,Khả năng gia công tốt và độ bền tương đối cao,D,"6061 có độ bền, khả năng gia công và xử lý bề mặt tốt.",alloy = hợp kim; hardness = độ cứng; tensile strength = độ bền kéo
715,E. Vật liệu cơ khí,Material identification & selection,Basic,C1100 là vật liệu gì?,Nhôm đúc,Titan,Thép không gỉ,Đồng thương mại có độ tinh khiết cao,D,"C1100 là đồng điện phân, có độ dẫn điện và nhiệt tốt.",alloy = hợp kim; hardness = độ cứng; tensile strength = độ bền kéo
716,E. Vật liệu cơ khí,Material identification & selection,Basic,Đồng thau chủ yếu là hợp kim của những nguyên tố nào?,Fe và C,Al và Mg,Cu và Zn,Ni và Cr,C,Brass chủ yếu gồm đồng và kẽm.,alloy = hợp kim; hardness = độ cứng; tensile strength = độ bền kéo
717,E. Vật liệu cơ khí,Material identification & selection,Basic,Đồng thiếc (bronze) thường chứa nguyên tố hợp kim chính nào với Cu?,Zn,Cr,Sn,Mo,C,Bronze truyền thống là hợp kim đồng-thiếc.,alloy = hợp kim; hardness = độ cứng; tensile strength = độ bền kéo
718,E. Vật liệu cơ khí,Material identification & selection,Basic,Thép cacbon được phân biệt chủ yếu theo hàm lượng nào?,Silicon בלבד,Carbon,Helium,Oxygen,B,Hàm lượng carbon ảnh hưởng mạnh đến cơ tính của thép cacbon.,alloy = hợp kim; hardness = độ cứng; tensile strength = độ bền kéo
719,E. Vật liệu cơ khí,Material identification & selection,Basic,"Gang có hàm lượng carbon thường cao hơn thép, dẫn đến đặc tính nào?",Dễ đúc và giòn hơn thép,Không chứa carbon,Không thể gia công,Luôn dẻo hơn thép,A,Gang thường có carbon cao và tính đúc tốt nhưng giòn hơn.,alloy = hợp kim; hardness = độ cứng; tensile strength = độ bền kéo
720,E. Vật liệu cơ khí,Material identification & selection,Basic,Titan được dùng trong môi trường yêu cầu tỷ số bền/khối lượng cao vì lý do nào?,Vì rất nặng,Khối lượng riêng thấp nhưng độ bền riêng cao,Vì không phản ứng với mọi hóa chất,Vì dễ nóng chảy,B,Titan có tỷ số bền/khối lượng tốt và chống ăn mòn.,alloy = hợp kim; hardness = độ cứng; tensile strength = độ bền kéo
721,E. Vật liệu cơ khí,Material identification & selection,Basic,Inconel thuộc nhóm vật liệu nào?,Hợp kim nền niken chịu nhiệt,Đồng nguyên chất,Polymer,Nhôm nguyên chất,A,Inconel là họ hợp kim nền Ni dùng ở nhiệt độ cao.,alloy = hợp kim; hardness = độ cứng; tensile strength = độ bền kéo
722,E. Vật liệu cơ khí,Material identification & selection,Basic,PTFE nổi bật ở tính chất nào?,Dẫn điện rất cao,Ma sát thấp và kháng hóa chất tốt,Nhiệt độ nóng chảy như thép,Độ cứng như carbide,B,PTFE có hệ số ma sát thấp và khả năng kháng hóa chất tốt.,alloy = hợp kim; hardness = độ cứng; tensile strength = độ bền kéo
723,E. Vật liệu cơ khí,Material identification & selection,Basic,PEEK thường được dùng khi cần gì?,Làm vật liệu mài carbide,Độ dẫn điện cao hơn đồng,Vật liệu từ tính mạnh,Polymer kỹ thuật chịu nhiệt và hóa chất tương đối tốt,D,PEEK là polymer kỹ thuật hiệu năng cao.,alloy = hợp kim; hardness = độ cứng; tensile strength = độ bền kéo
724,E. Vật liệu cơ khí,Material identification & selection,Basic,Ceramic alumina có ưu điểm nào?,Dẫn điện cao như đồng,Dễ uốn dẻo như cao su,Độ cứng và khả năng chịu mài mòn cao,Dễ hàn như thép,C,Alumina ceramic có độ cứng và chống mài mòn tốt.,alloy = hợp kim; hardness = độ cứng; tensile strength = độ bền kéo
725,E. Vật liệu cơ khí,Material identification & selection,Basic,Carbide WC-Co thường được dùng làm gì?,Dụng cụ cắt và chi tiết chống mài mòn,Lò xo mềm,Tấm cách nhiệt bằng giấy,Gioăng cao su,A,WC-Co là vật liệu cứng dùng cho dụng cụ cắt.,alloy = hợp kim; hardness = độ cứng; tensile strength = độ bền kéo
726,E. Vật liệu cơ khí,Material identification & selection,Basic,"Khi lựa chọn vật liệu cho chi tiết, AISI 304 thuộc nhóm vật liệu nào?",Hợp kim nhôm,Gang xám,Đồng nguyên chất,Thép không gỉ austenit,D,304 là thép không gỉ austenit phổ biến.,alloy = hợp kim; hardness = độ cứng; tensile strength = độ bền kéo
727,E. Vật liệu cơ khí,Material identification & selection,Basic,"Khi lựa chọn vật liệu cho chi tiết, AISI 316 khác 304 nổi bật ở nguyên tố nào giúp tăng khả năng chống ăn mòn rỗ?",Mo (molypden),Zn,Pb,Sn,A,"316 chứa molypden, giúp cải thiện chống ăn mòn rỗ.",alloy = hợp kim; hardness = độ cứng; tensile strength = độ bền kéo
728,E. Vật liệu cơ khí,Material identification & selection,Basic,"Khi lựa chọn vật liệu cho chi tiết, Khi lựa chọn vật liệu cho chi tiết, A5052 là nhóm vật liệu nào? (trường hợp thực hành)",Hợp kim nhôm,Đồng thau,Titan nguyên chất,Thép cacbon,A,A5052 là hợp kim nhôm thường dùng cho tấm và chi tiết gia công.,alloy = hợp kim; hardness = độ cứng; tensile strength = độ bền kéo
729,E. Vật liệu cơ khí,Material identification & selection,Basic,"Khi lựa chọn vật liệu cho chi tiết, A6061 thường được chọn vì đặc tính nào?",Nhiệt độ nóng chảy thấp như thiếc,Không thể anodize,Khả năng gia công tốt và độ bền tương đối cao,Độ cứng cực cao như carbide,C,"6061 có độ bền, khả năng gia công và xử lý bề mặt tốt.",alloy = hợp kim; hardness = độ cứng; tensile strength = độ bền kéo
730,E. Vật liệu cơ khí,Material identification & selection,Basic,"Khi lựa chọn vật liệu cho chi tiết, C1100 là vật liệu gì?",Thép không gỉ,Titan,Đồng thương mại có độ tinh khiết cao,Nhôm đúc,C,"C1100 là đồng điện phân, có độ dẫn điện và nhiệt tốt.",alloy = hợp kim; hardness = độ cứng; tensile strength = độ bền kéo
731,E. Vật liệu cơ khí,Material identification & selection,Basic,"Khi lựa chọn vật liệu cho chi tiết, Đồng thau chủ yếu là hợp kim của những nguyên tố nào?",Cu và Zn,Ni và Cr,Al và Mg,Fe và C,A,Brass chủ yếu gồm đồng và kẽm.,alloy = hợp kim; hardness = độ cứng; tensile strength = độ bền kéo
732,E. Vật liệu cơ khí,Material identification & selection,Basic,"Khi lựa chọn vật liệu cho chi tiết, Đồng thiếc (bronze) thường chứa nguyên tố hợp kim chính nào với Cu?",Sn,Zn,Cr,Mo,A,Bronze truyền thống là hợp kim đồng-thiếc.,alloy = hợp kim; hardness = độ cứng; tensile strength = độ bền kéo
733,E. Vật liệu cơ khí,Material identification & selection,Basic,"Khi lựa chọn vật liệu cho chi tiết, Thép cacbon được phân biệt chủ yếu theo hàm lượng nào?",Carbon,Silicon בלבד,Oxygen,Helium,A,Hàm lượng carbon ảnh hưởng mạnh đến cơ tính của thép cacbon.,alloy = hợp kim; hardness = độ cứng; tensile strength = độ bền kéo
734,E. Vật liệu cơ khí,Material identification & selection,Basic,"Khi lựa chọn vật liệu cho chi tiết, Gang có hàm lượng carbon thường cao hơn thép, dẫn đến đặc tính nào?",Dễ đúc và giòn hơn thép,Luôn dẻo hơn thép,Không thể gia công,Không chứa carbon,A,Gang thường có carbon cao và tính đúc tốt nhưng giòn hơn.,alloy = hợp kim; hardness = độ cứng; tensile strength = độ bền kéo
735,E. Vật liệu cơ khí,Material identification & selection,Basic,"Khi lựa chọn vật liệu cho chi tiết, Titan được dùng trong môi trường yêu cầu tỷ số bền/khối lượng cao vì lý do nào?",Vì dễ nóng chảy,Vì rất nặng,Khối lượng riêng thấp nhưng độ bền riêng cao,Vì không phản ứng với mọi hóa chất,C,Titan có tỷ số bền/khối lượng tốt và chống ăn mòn.,alloy = hợp kim; hardness = độ cứng; tensile strength = độ bền kéo
736,E. Vật liệu cơ khí,Material identification & selection,Basic,"Khi lựa chọn vật liệu cho chi tiết, Inconel thuộc nhóm vật liệu nào?",Polymer,Nhôm nguyên chất,Đồng nguyên chất,Hợp kim nền niken chịu nhiệt,D,Inconel là họ hợp kim nền Ni dùng ở nhiệt độ cao.,alloy = hợp kim; hardness = độ cứng; tensile strength = độ bền kéo
737,E. Vật liệu cơ khí,Material identification & selection,Basic,"Khi lựa chọn vật liệu cho chi tiết, PTFE nổi bật ở tính chất nào?",Dẫn điện rất cao,Nhiệt độ nóng chảy như thép,Độ cứng như carbide,Ma sát thấp và kháng hóa chất tốt,D,PTFE có hệ số ma sát thấp và khả năng kháng hóa chất tốt.,alloy = hợp kim; hardness = độ cứng; tensile strength = độ bền kéo
738,E. Vật liệu cơ khí,Material identification & selection,Basic,"Khi lựa chọn vật liệu cho chi tiết, PEEK thường được dùng khi cần gì?",Độ dẫn điện cao hơn đồng,Làm vật liệu mài carbide,Vật liệu từ tính mạnh,Polymer kỹ thuật chịu nhiệt và hóa chất tương đối tốt,D,PEEK là polymer kỹ thuật hiệu năng cao.,alloy = hợp kim; hardness = độ cứng; tensile strength = độ bền kéo
739,E. Vật liệu cơ khí,Material identification & selection,Basic,"Khi lựa chọn vật liệu cho chi tiết, Ceramic alumina có ưu điểm nào?",Dễ uốn dẻo như cao su,Dễ hàn như thép,Độ cứng và khả năng chịu mài mòn cao,Dẫn điện cao như đồng,C,Alumina ceramic có độ cứng và chống mài mòn tốt.,alloy = hợp kim; hardness = độ cứng; tensile strength = độ bền kéo
740,E. Vật liệu cơ khí,Material identification & selection,Basic,"Khi lựa chọn vật liệu cho chi tiết, Carbide WC-Co thường được dùng làm gì?",Gioăng cao su,Dụng cụ cắt và chi tiết chống mài mòn,Lò xo mềm,Tấm cách nhiệt bằng giấy,B,WC-Co là vật liệu cứng dùng cho dụng cụ cắt.,alloy = hợp kim; hardness = độ cứng; tensile strength = độ bền kéo
741,E. Vật liệu cơ khí,Material identification & selection,Basic,"Khi lựa chọn vật liệu cho chi tiết, Khi lựa chọn vật liệu cho chi tiết, AISI 304 thuộc nhóm vật liệu nào? (trường hợp thực hành)",Thép không gỉ austenit,Gang xám,Hợp kim nhôm,Đồng nguyên chất,A,304 là thép không gỉ austenit phổ biến.,alloy = hợp kim; hardness = độ cứng; tensile strength = độ bền kéo
742,E. Vật liệu cơ khí,Material identification & selection,Basic,"Khi lựa chọn vật liệu cho chi tiết, Khi lựa chọn vật liệu cho chi tiết, AISI 316 khác 304 nổi bật ở nguyên tố nào giúp tăng khả năng chống ăn mòn rỗ? (trường hợp thực hành)",Mo (molypden),Pb,Sn,Zn,A,"316 chứa molypden, giúp cải thiện chống ăn mòn rỗ.",alloy = hợp kim; hardness = độ cứng; tensile strength = độ bền kéo
743,E. Vật liệu cơ khí,Material identification & selection,Basic,"Khi lựa chọn vật liệu cho chi tiết, Khi lựa chọn vật liệu cho chi tiết, A5052 là nhóm vật liệu nào? (trường hợp thực hành)",Titan nguyên chất,Thép cacbon,Đồng thau,Hợp kim nhôm,D,A5052 là hợp kim nhôm thường dùng cho tấm và chi tiết gia công.,alloy = hợp kim; hardness = độ cứng; tensile strength = độ bền kéo
744,E. Vật liệu cơ khí,Material identification & selection,Basic,"Khi lựa chọn vật liệu cho chi tiết, Khi lựa chọn vật liệu cho chi tiết, A6061 thường được chọn vì đặc tính nào? (trường hợp thực hành)",Độ cứng cực cao như carbide,Nhiệt độ nóng chảy thấp như thiếc,Khả năng gia công tốt và độ bền tương đối cao,Không thể anodize,C,"6061 có độ bền, khả năng gia công và xử lý bề mặt tốt.",alloy = hợp kim; hardness = độ cứng; tensile strength = độ bền kéo
745,E. Vật liệu cơ khí,Material identification & selection,Basic,"Khi lựa chọn vật liệu cho chi tiết, Khi lựa chọn vật liệu cho chi tiết, C1100 là vật liệu gì? (trường hợp thực hành)",Titan,Thép không gỉ,Nhôm đúc,Đồng thương mại có độ tinh khiết cao,D,"C1100 là đồng điện phân, có độ dẫn điện và nhiệt tốt.",alloy = hợp kim; hardness = độ cứng; tensile strength = độ bền kéo
746,E. Vật liệu cơ khí,Material identification & selection,Basic,"Khi lựa chọn vật liệu cho chi tiết, Khi lựa chọn vật liệu cho chi tiết, Đồng thau chủ yếu là hợp kim của những nguyên tố nào? (trường hợp thực hành)",Fe và C,Ni và Cr,Cu và Zn,Al và Mg,C,Brass chủ yếu gồm đồng và kẽm.,alloy = hợp kim; hardness = độ cứng; tensile strength = độ bền kéo
747,E. Vật liệu cơ khí,Material identification & selection,Basic,"Khi lựa chọn vật liệu cho chi tiết, Khi lựa chọn vật liệu cho chi tiết, Đồng thiếc (bronze) thường chứa nguyên tố hợp kim chính nào với Cu? (trường hợp thực hành)",Mo,Zn,Cr,Sn,D,Bronze truyền thống là hợp kim đồng-thiếc.,alloy = hợp kim; hardness = độ cứng; tensile strength = độ bền kéo
748,E. Vật liệu cơ khí,Material identification & selection,Basic,"Khi lựa chọn vật liệu cho chi tiết, Khi lựa chọn vật liệu cho chi tiết, Thép cacbon được phân biệt chủ yếu theo hàm lượng nào? (trường hợp thực hành)",Oxygen,Carbon,Silicon בלבד,Helium,B,Hàm lượng carbon ảnh hưởng mạnh đến cơ tính của thép cacbon.,alloy = hợp kim; hardness = độ cứng; tensile strength = độ bền kéo
749,E. Vật liệu cơ khí,Material identification & selection,Basic,"Khi lựa chọn vật liệu cho chi tiết, Khi lựa chọn vật liệu cho chi tiết, Gang có hàm lượng carbon thường cao hơn thép, dẫn đến đặc tính nào? (trường hợp thực hành)",Không thể gia công,Không chứa carbon,Luôn dẻo hơn thép,Dễ đúc và giòn hơn thép,D,Gang thường có carbon cao và tính đúc tốt nhưng giòn hơn.,alloy = hợp kim; hardness = độ cứng; tensile strength = độ bền kéo
750,E. Vật liệu cơ khí,Material identification & selection,Basic,"Khi lựa chọn vật liệu cho chi tiết, Khi lựa chọn vật liệu cho chi tiết, Titan được dùng trong môi trường yêu cầu tỷ số bền/khối lượng cao vì lý do nào? (trường hợp thực hành)",Vì rất nặng,Khối lượng riêng thấp nhưng độ bền riêng cao,Vì dễ nóng chảy,Vì không phản ứng với mọi hóa chất,B,Titan có tỷ số bền/khối lượng tốt và chống ăn mòn.,alloy = hợp kim; hardness = độ cứng; tensile strength = độ bền kéo
751,E. Vật liệu cơ khí,Material identification & selection,Basic,"Khi lựa chọn vật liệu cho chi tiết, Khi lựa chọn vật liệu cho chi tiết, Inconel thuộc nhóm vật liệu nào? (trường hợp thực hành)",Hợp kim nền niken chịu nhiệt,Nhôm nguyên chất,Đồng nguyên chất,Polymer,A,Inconel là họ hợp kim nền Ni dùng ở nhiệt độ cao.,alloy = hợp kim; hardness = độ cứng; tensile strength = độ bền kéo
752,E. Vật liệu cơ khí,Material identification & selection,Basic,"Khi lựa chọn vật liệu cho chi tiết, Khi lựa chọn vật liệu cho chi tiết, PTFE nổi bật ở tính chất nào? (trường hợp thực hành)",Nhiệt độ nóng chảy như thép,Dẫn điện rất cao,Độ cứng như carbide,Ma sát thấp và kháng hóa chất tốt,D,PTFE có hệ số ma sát thấp và khả năng kháng hóa chất tốt.,alloy = hợp kim; hardness = độ cứng; tensile strength = độ bền kéo
753,E. Vật liệu cơ khí,Material identification & selection,Basic,"Khi lựa chọn vật liệu cho chi tiết, Khi lựa chọn vật liệu cho chi tiết, PEEK thường được dùng khi cần gì? (trường hợp thực hành)",Vật liệu từ tính mạnh,Polymer kỹ thuật chịu nhiệt và hóa chất tương đối tốt,Làm vật liệu mài carbide,Độ dẫn điện cao hơn đồng,B,PEEK là polymer kỹ thuật hiệu năng cao.,alloy = hợp kim; hardness = độ cứng; tensile strength = độ bền kéo
754,E. Vật liệu cơ khí,Material identification & selection,Basic,"Khi lựa chọn vật liệu cho chi tiết, Khi lựa chọn vật liệu cho chi tiết, Ceramic alumina có ưu điểm nào? (trường hợp thực hành)",Dễ uốn dẻo như cao su,Độ cứng và khả năng chịu mài mòn cao,Dẫn điện cao như đồng,Dễ hàn như thép,B,Alumina ceramic có độ cứng và chống mài mòn tốt.,alloy = hợp kim; hardness = độ cứng; tensile strength = độ bền kéo
755,E. Vật liệu cơ khí,Material identification & selection,Basic,"Khi lựa chọn vật liệu cho chi tiết, Khi lựa chọn vật liệu cho chi tiết, Carbide WC-Co thường được dùng làm gì? (trường hợp thực hành)",Tấm cách nhiệt bằng giấy,Lò xo mềm,Gioăng cao su,Dụng cụ cắt và chi tiết chống mài mòn,D,WC-Co là vật liệu cứng dùng cho dụng cụ cắt.,alloy = hợp kim; hardness = độ cứng; tensile strength = độ bền kéo
756,E. Vật liệu cơ khí,Material identification & selection,Basic,"Khi lựa chọn vật liệu cho chi tiết, Khi lựa chọn vật liệu cho chi tiết, AISI 304 thuộc nhóm vật liệu nào? (trường hợp thực hành)",Đồng nguyên chất,Thép không gỉ austenit,Gang xám,Hợp kim nhôm,B,304 là thép không gỉ austenit phổ biến.,alloy = hợp kim; hardness = độ cứng; tensile strength = độ bền kéo
757,E. Vật liệu cơ khí,Material identification & selection,Basic,"Khi lựa chọn vật liệu cho chi tiết, Khi lựa chọn vật liệu cho chi tiết, AISI 316 khác 304 nổi bật ở nguyên tố nào giúp tăng khả năng chống ăn mòn rỗ? (trường hợp thực hành)",Mo (molypden),Zn,Pb,Sn,A,"316 chứa molypden, giúp cải thiện chống ăn mòn rỗ.",alloy = hợp kim; hardness = độ cứng; tensile strength = độ bền kéo
758,E. Vật liệu cơ khí,Material identification & selection,Basic,"Khi lựa chọn vật liệu cho chi tiết, Khi lựa chọn vật liệu cho chi tiết, A5052 là nhóm vật liệu nào? (trường hợp thực hành)",Đồng thau,Hợp kim nhôm,Titan nguyên chất,Thép cacbon,B,A5052 là hợp kim nhôm thường dùng cho tấm và chi tiết gia công.,alloy = hợp kim; hardness = độ cứng; tensile strength = độ bền kéo
759,E. Vật liệu cơ khí,Material identification & selection,Basic,"Khi lựa chọn vật liệu cho chi tiết, Khi lựa chọn vật liệu cho chi tiết, A6061 thường được chọn vì đặc tính nào? (trường hợp thực hành)",Khả năng gia công tốt và độ bền tương đối cao,Không thể anodize,Độ cứng cực cao như carbide,Nhiệt độ nóng chảy thấp như thiếc,A,"6061 có độ bền, khả năng gia công và xử lý bề mặt tốt.",alloy = hợp kim; hardness = độ cứng; tensile strength = độ bền kéo
760,E. Vật liệu cơ khí,Material identification & selection,Basic,"Khi lựa chọn vật liệu cho chi tiết, Khi lựa chọn vật liệu cho chi tiết, C1100 là vật liệu gì? (trường hợp thực hành)",Titan,Nhôm đúc,Đồng thương mại có độ tinh khiết cao,Thép không gỉ,C,"C1100 là đồng điện phân, có độ dẫn điện và nhiệt tốt.",alloy = hợp kim; hardness = độ cứng; tensile strength = độ bền kéo
761,E. Vật liệu cơ khí,Material identification & selection,Basic,"Khi lựa chọn vật liệu cho chi tiết, Khi lựa chọn vật liệu cho chi tiết, Đồng thau chủ yếu là hợp kim của những nguyên tố nào? (trường hợp thực hành)",Ni và Cr,Fe và C,Cu và Zn,Al và Mg,C,Brass chủ yếu gồm đồng và kẽm.,alloy = hợp kim; hardness = độ cứng; tensile strength = độ bền kéo
762,E. Vật liệu cơ khí,Material identification & selection,Basic,"Khi lựa chọn vật liệu cho chi tiết, Khi lựa chọn vật liệu cho chi tiết, Đồng thiếc (bronze) thường chứa nguyên tố hợp kim chính nào với Cu? (trường hợp thực hành)",Sn,Cr,Mo,Zn,A,Bronze truyền thống là hợp kim đồng-thiếc.,alloy = hợp kim; hardness = độ cứng; tensile strength = độ bền kéo
763,E. Vật liệu cơ khí,Material identification & selection,Basic,"Khi lựa chọn vật liệu cho chi tiết, Khi lựa chọn vật liệu cho chi tiết, Thép cacbon được phân biệt chủ yếu theo hàm lượng nào? (trường hợp thực hành)",Carbon,Oxygen,Silicon בלבד,Helium,A,Hàm lượng carbon ảnh hưởng mạnh đến cơ tính của thép cacbon.,alloy = hợp kim; hardness = độ cứng; tensile strength = độ bền kéo
764,E. Vật liệu cơ khí,Material identification & selection,Basic,"Khi lựa chọn vật liệu cho chi tiết, Khi lựa chọn vật liệu cho chi tiết, Gang có hàm lượng carbon thường cao hơn thép, dẫn đến đặc tính nào? (trường hợp thực hành)",Dễ đúc và giòn hơn thép,Luôn dẻo hơn thép,Không chứa carbon,Không thể gia công,A,Gang thường có carbon cao và tính đúc tốt nhưng giòn hơn.,alloy = hợp kim; hardness = độ cứng; tensile strength = độ bền kéo
765,E. Vật liệu cơ khí,Material identification & selection,Basic,"Khi lựa chọn vật liệu cho chi tiết, Khi lựa chọn vật liệu cho chi tiết, Titan được dùng trong môi trường yêu cầu tỷ số bền/khối lượng cao vì lý do nào? (trường hợp thực hành)",Vì không phản ứng với mọi hóa chất,Khối lượng riêng thấp nhưng độ bền riêng cao,Vì dễ nóng chảy,Vì rất nặng,B,Titan có tỷ số bền/khối lượng tốt và chống ăn mòn.,alloy = hợp kim; hardness = độ cứng; tensile strength = độ bền kéo
766,E. Vật liệu cơ khí,Material identification & selection,Basic,"Khi lựa chọn vật liệu cho chi tiết, Khi lựa chọn vật liệu cho chi tiết, Inconel thuộc nhóm vật liệu nào? (trường hợp thực hành)",Đồng nguyên chất,Hợp kim nền niken chịu nhiệt,Polymer,Nhôm nguyên chất,B,Inconel là họ hợp kim nền Ni dùng ở nhiệt độ cao.,alloy = hợp kim; hardness = độ cứng; tensile strength = độ bền kéo
767,E. Vật liệu cơ khí,Material identification & selection,Basic,"Khi lựa chọn vật liệu cho chi tiết, Khi lựa chọn vật liệu cho chi tiết, PTFE nổi bật ở tính chất nào? (trường hợp thực hành)",Ma sát thấp và kháng hóa chất tốt,Độ cứng như carbide,Nhiệt độ nóng chảy như thép,Dẫn điện rất cao,A,PTFE có hệ số ma sát thấp và khả năng kháng hóa chất tốt.,alloy = hợp kim; hardness = độ cứng; tensile strength = độ bền kéo
768,E. Vật liệu cơ khí,Material identification & selection,Basic,"Khi lựa chọn vật liệu cho chi tiết, Khi lựa chọn vật liệu cho chi tiết, PEEK thường được dùng khi cần gì? (trường hợp thực hành)",Độ dẫn điện cao hơn đồng,Polymer kỹ thuật chịu nhiệt và hóa chất tương đối tốt,Vật liệu từ tính mạnh,Làm vật liệu mài carbide,B,PEEK là polymer kỹ thuật hiệu năng cao.,alloy = hợp kim; hardness = độ cứng; tensile strength = độ bền kéo
769,E. Vật liệu cơ khí,Material identification & selection,Basic,"Khi lựa chọn vật liệu cho chi tiết, Khi lựa chọn vật liệu cho chi tiết, Ceramic alumina có ưu điểm nào? (trường hợp thực hành)",Dễ hàn như thép,Dẫn điện cao như đồng,Độ cứng và khả năng chịu mài mòn cao,Dễ uốn dẻo như cao su,C,Alumina ceramic có độ cứng và chống mài mòn tốt.,alloy = hợp kim; hardness = độ cứng; tensile strength = độ bền kéo
770,E. Vật liệu cơ khí,Material identification & selection,Basic,"Khi lựa chọn vật liệu cho chi tiết, Khi lựa chọn vật liệu cho chi tiết, Carbide WC-Co thường được dùng làm gì? (trường hợp thực hành)",Gioăng cao su,Lò xo mềm,Dụng cụ cắt và chi tiết chống mài mòn,Tấm cách nhiệt bằng giấy,C,WC-Co là vật liệu cứng dùng cho dụng cụ cắt.,alloy = hợp kim; hardness = độ cứng; tensile strength = độ bền kéo
771,E. Vật liệu cơ khí,Mechanical properties & heat treatment,Intermediate,Độ cứng tăng thường làm khả năng chống xước thay đổi thế nào?,Luôn làm vật liệu dẻo hơn,Tăng,Giảm về 0,Không liên quan,B,Độ cứng cao thường cải thiện khả năng chống biến dạng cục bộ và xước.,yield strength = giới hạn chảy; ductility = độ dẻo; hardness = độ cứng
772,E. Vật liệu cơ khí,Mechanical properties & heat treatment,Intermediate,Độ dẻo (ductility) mô tả khả năng nào?,Chịu nhiệt tuyệt đối,Biến dạng dẻo đáng kể trước khi đứt,Chống từ hóa,Dẫn điện,B,Ductility liên quan khả năng biến dạng dẻo trước phá hủy.,yield strength = giới hạn chảy; ductility = độ dẻo; hardness = độ cứng
773,E. Vật liệu cơ khí,Mechanical properties & heat treatment,Intermediate,Độ dai va đập thể hiện khả năng nào?,Chống xước,Hấp thụ năng lượng khi chịu tải va đập trước khi gãy,Giảm khối lượng,Dẫn nhiệt,B,Độ dai va đập liên quan khả năng hấp thụ năng lượng khi va đập.,yield strength = giới hạn chảy; ductility = độ dẻo; hardness = độ cứng
774,E. Vật liệu cơ khí,Mechanical properties & heat treatment,Intermediate,Modul đàn hồi Young biểu thị điều gì?,Độ dẫn điện,Độ nhám,Khối lượng riêng,Độ cứng đàn hồi của vật liệu theo kéo/nén,D,E là tỷ số ứng suất/biến dạng trong vùng đàn hồi tuyến tính.,yield strength = giới hạn chảy; ductility = độ dẻo; hardness = độ cứng
775,E. Vật liệu cơ khí,Mechanical properties & heat treatment,Intermediate,Giới hạn chảy là mốc liên quan đến gì?,Bắt đầu từ hóa,Bắt đầu xuất hiện biến dạng dẻo đáng kể,Bắt đầu ăn mòn,Bắt đầu nóng chảy,B,Yield strength đánh dấu vùng bắt đầu biến dạng dẻo theo quy ước.,yield strength = giới hạn chảy; ductility = độ dẻo; hardness = độ cứng
776,E. Vật liệu cơ khí,Mechanical properties & heat treatment,Intermediate,Độ bền kéo cực đại (UTS) là gì?,Ứng suất kéo lớn nhất trên đường cong engineering stress-strain trước khi giảm tải theo tiết diện,Khối lượng riêng,Nhiệt độ sôi,Độ nhám lớn nhất,A,UTS là ứng suất engineering cao nhất đạt được trong phép kéo.,yield strength = giới hạn chảy; ductility = độ dẻo; hardness = độ cứng
777,E. Vật liệu cơ khí,Mechanical properties & heat treatment,Intermediate,Tôi (quenching) thép thường nhằm mục đích gì?,Làm mềm tuyệt đối,Tạo tổ chức cứng như martensite bằng làm nguội nhanh phù hợp,Tăng độ nhám,Tạo lớp anodize,B,Tôi nhanh thép phù hợp có thể tạo martensite và tăng độ cứng.,yield strength = giới hạn chảy; ductility = độ dẻo; hardness = độ cứng
778,E. Vật liệu cơ khí,Mechanical properties & heat treatment,Intermediate,Ram (tempering) thép sau tôi thường nhằm mục đích gì?,Tăng carbon bằng sơn,Loại hoàn toàn biến dạng nhiệt,Tạo ren,Giảm giòn và điều chỉnh cơ tính,D,"Ram giúp giảm ứng suất và độ giòn sau tôi, điều chỉnh độ cứng/dai.",yield strength = giới hạn chảy; ductility = độ dẻo; hardness = độ cứng
779,E. Vật liệu cơ khí,Mechanical properties & heat treatment,Intermediate,Ủ (annealing) thường được dùng để làm gì?,Tăng độ nhám có kiểm soát,Tăng độ cứng tối đa,"Giảm độ cứng, giảm ứng suất và cải thiện khả năng gia công",Tạo lớp CrN,C,Ủ thường làm mềm vật liệu và giảm ứng suất.,yield strength = giới hạn chảy; ductility = độ dẻo; hardness = độ cứng
780,E. Vật liệu cơ khí,Mechanical properties & heat treatment,Intermediate,Normalizing thép thường nhằm mục đích gì?,Tinh chỉnh tổ chức và cải thiện tính đồng đều cơ tính,Tạo lớp anodize,Làm vật liệu thành nhựa,Tăng hàm lượng Zn,A,Thường hóa tạo tổ chức tương đối đồng đều và tinh hạt.,yield strength = giới hạn chảy; ductility = độ dẻo; hardness = độ cứng
781,E. Vật liệu cơ khí,Mechanical properties & heat treatment,Intermediate,"Khi lựa chọn vật liệu cho chi tiết, Độ cứng tăng thường làm khả năng chống xước thay đổi thế nào?",Không liên quan,Giảm về 0,Luôn làm vật liệu dẻo hơn,Tăng,D,Độ cứng cao thường cải thiện khả năng chống biến dạng cục bộ và xước.,yield strength = giới hạn chảy; ductility = độ dẻo; hardness = độ cứng
782,E. Vật liệu cơ khí,Mechanical properties & heat treatment,Intermediate,"Khi lựa chọn vật liệu cho chi tiết, Độ dẻo (ductility) mô tả khả năng nào?",Biến dạng dẻo đáng kể trước khi đứt,Chống từ hóa,Chịu nhiệt tuyệt đối,Dẫn điện,A,Ductility liên quan khả năng biến dạng dẻo trước phá hủy.,yield strength = giới hạn chảy; ductility = độ dẻo; hardness = độ cứng
783,E. Vật liệu cơ khí,Mechanical properties & heat treatment,Intermediate,"Khi lựa chọn vật liệu cho chi tiết, Độ dai va đập thể hiện khả năng nào?",Giảm khối lượng,Dẫn nhiệt,Chống xước,Hấp thụ năng lượng khi chịu tải va đập trước khi gãy,D,Độ dai va đập liên quan khả năng hấp thụ năng lượng khi va đập.,yield strength = giới hạn chảy; ductility = độ dẻo; hardness = độ cứng
784,E. Vật liệu cơ khí,Mechanical properties & heat treatment,Intermediate,"Khi lựa chọn vật liệu cho chi tiết, Modul đàn hồi Young biểu thị điều gì?",Độ dẫn điện,Khối lượng riêng,Độ nhám,Độ cứng đàn hồi của vật liệu theo kéo/nén,D,E là tỷ số ứng suất/biến dạng trong vùng đàn hồi tuyến tính.,yield strength = giới hạn chảy; ductility = độ dẻo; hardness = độ cứng
785,E. Vật liệu cơ khí,Mechanical properties & heat treatment,Intermediate,"Khi lựa chọn vật liệu cho chi tiết, Giới hạn chảy là mốc liên quan đến gì?",Bắt đầu ăn mòn,Bắt đầu từ hóa,Bắt đầu xuất hiện biến dạng dẻo đáng kể,Bắt đầu nóng chảy,C,Yield strength đánh dấu vùng bắt đầu biến dạng dẻo theo quy ước.,yield strength = giới hạn chảy; ductility = độ dẻo; hardness = độ cứng
786,E. Vật liệu cơ khí,Mechanical properties & heat treatment,Intermediate,"Khi lựa chọn vật liệu cho chi tiết, Độ bền kéo cực đại (UTS) là gì?",Ứng suất kéo lớn nhất trên đường cong engineering stress-strain trước khi giảm tải theo tiết diện,Độ nhám lớn nhất,Khối lượng riêng,Nhiệt độ sôi,A,UTS là ứng suất engineering cao nhất đạt được trong phép kéo.,yield strength = giới hạn chảy; ductility = độ dẻo; hardness = độ cứng
787,E. Vật liệu cơ khí,Mechanical properties & heat treatment,Intermediate,"Khi lựa chọn vật liệu cho chi tiết, Tôi (quenching) thép thường nhằm mục đích gì?",Tạo lớp anodize,Tạo tổ chức cứng như martensite bằng làm nguội nhanh phù hợp,Tăng độ nhám,Làm mềm tuyệt đối,B,Tôi nhanh thép phù hợp có thể tạo martensite và tăng độ cứng.,yield strength = giới hạn chảy; ductility = độ dẻo; hardness = độ cứng
788,E. Vật liệu cơ khí,Mechanical properties & heat treatment,Intermediate,"Khi lựa chọn vật liệu cho chi tiết, Ram (tempering) thép sau tôi thường nhằm mục đích gì?",Giảm giòn và điều chỉnh cơ tính,Tạo ren,Loại hoàn toàn biến dạng nhiệt,Tăng carbon bằng sơn,A,"Ram giúp giảm ứng suất và độ giòn sau tôi, điều chỉnh độ cứng/dai.",yield strength = giới hạn chảy; ductility = độ dẻo; hardness = độ cứng
789,E. Vật liệu cơ khí,Mechanical properties & heat treatment,Intermediate,"Khi lựa chọn vật liệu cho chi tiết, Ủ (annealing) thường được dùng để làm gì?",Tạo lớp CrN,"Giảm độ cứng, giảm ứng suất và cải thiện khả năng gia công",Tăng độ cứng tối đa,Tăng độ nhám có kiểm soát,B,Ủ thường làm mềm vật liệu và giảm ứng suất.,yield strength = giới hạn chảy; ductility = độ dẻo; hardness = độ cứng
790,E. Vật liệu cơ khí,Mechanical properties & heat treatment,Intermediate,"Khi lựa chọn vật liệu cho chi tiết, Normalizing thép thường nhằm mục đích gì?",Làm vật liệu thành nhựa,Tinh chỉnh tổ chức và cải thiện tính đồng đều cơ tính,Tăng hàm lượng Zn,Tạo lớp anodize,B,Thường hóa tạo tổ chức tương đối đồng đều và tinh hạt.,yield strength = giới hạn chảy; ductility = độ dẻo; hardness = độ cứng
791,E. Vật liệu cơ khí,Mechanical properties & heat treatment,Intermediate,"Khi lựa chọn vật liệu cho chi tiết, Khi lựa chọn vật liệu cho chi tiết, Độ cứng tăng thường làm khả năng chống xước thay đổi thế nào? (trường hợp thực hành)",Giảm về 0,Không liên quan,Tăng,Luôn làm vật liệu dẻo hơn,C,Độ cứng cao thường cải thiện khả năng chống biến dạng cục bộ và xước.,yield strength = giới hạn chảy; ductility = độ dẻo; hardness = độ cứng
792,E. Vật liệu cơ khí,Mechanical properties & heat treatment,Intermediate,"Khi lựa chọn vật liệu cho chi tiết, Khi lựa chọn vật liệu cho chi tiết, Độ dẻo (ductility) mô tả khả năng nào? (trường hợp thực hành)",Dẫn điện,Chống từ hóa,Biến dạng dẻo đáng kể trước khi đứt,Chịu nhiệt tuyệt đối,C,Ductility liên quan khả năng biến dạng dẻo trước phá hủy.,yield strength = giới hạn chảy; ductility = độ dẻo; hardness = độ cứng
793,E. Vật liệu cơ khí,Mechanical properties & heat treatment,Intermediate,"Khi lựa chọn vật liệu cho chi tiết, Khi lựa chọn vật liệu cho chi tiết, Độ dai va đập thể hiện khả năng nào? (trường hợp thực hành)",Dẫn nhiệt,Hấp thụ năng lượng khi chịu tải va đập trước khi gãy,Chống xước,Giảm khối lượng,B,Độ dai va đập liên quan khả năng hấp thụ năng lượng khi va đập.,yield strength = giới hạn chảy; ductility = độ dẻo; hardness = độ cứng
794,E. Vật liệu cơ khí,Mechanical properties & heat treatment,Intermediate,"Khi lựa chọn vật liệu cho chi tiết, Khi lựa chọn vật liệu cho chi tiết, Modul đàn hồi Young biểu thị điều gì? (trường hợp thực hành)",Khối lượng riêng,Độ nhám,Độ cứng đàn hồi của vật liệu theo kéo/nén,Độ dẫn điện,C,E là tỷ số ứng suất/biến dạng trong vùng đàn hồi tuyến tính.,yield strength = giới hạn chảy; ductility = độ dẻo; hardness = độ cứng
795,E. Vật liệu cơ khí,Mechanical properties & heat treatment,Intermediate,"Khi lựa chọn vật liệu cho chi tiết, Khi lựa chọn vật liệu cho chi tiết, Giới hạn chảy là mốc liên quan đến gì? (trường hợp thực hành)",Bắt đầu nóng chảy,Bắt đầu ăn mòn,Bắt đầu từ hóa,Bắt đầu xuất hiện biến dạng dẻo đáng kể,D,Yield strength đánh dấu vùng bắt đầu biến dạng dẻo theo quy ước.,yield strength = giới hạn chảy; ductility = độ dẻo; hardness = độ cứng
796,E. Vật liệu cơ khí,Mechanical properties & heat treatment,Intermediate,"Khi lựa chọn vật liệu cho chi tiết, Khi lựa chọn vật liệu cho chi tiết, Độ bền kéo cực đại (UTS) là gì? (trường hợp thực hành)",Độ nhám lớn nhất,Ứng suất kéo lớn nhất trên đường cong engineering stress-strain trước khi giảm tải theo tiết diện,Khối lượng riêng,Nhiệt độ sôi,B,UTS là ứng suất engineering cao nhất đạt được trong phép kéo.,yield strength = giới hạn chảy; ductility = độ dẻo; hardness = độ cứng
797,E. Vật liệu cơ khí,Mechanical properties & heat treatment,Intermediate,"Khi lựa chọn vật liệu cho chi tiết, Khi lựa chọn vật liệu cho chi tiết, Tôi (quenching) thép thường nhằm mục đích gì? (trường hợp thực hành)",Tăng độ nhám,Tạo lớp anodize,Tạo tổ chức cứng như martensite bằng làm nguội nhanh phù hợp,Làm mềm tuyệt đối,C,Tôi nhanh thép phù hợp có thể tạo martensite và tăng độ cứng.,yield strength = giới hạn chảy; ductility = độ dẻo; hardness = độ cứng
798,E. Vật liệu cơ khí,Mechanical properties & heat treatment,Intermediate,"Khi lựa chọn vật liệu cho chi tiết, Khi lựa chọn vật liệu cho chi tiết, Ram (tempering) thép sau tôi thường nhằm mục đích gì? (trường hợp thực hành)",Loại hoàn toàn biến dạng nhiệt,Tăng carbon bằng sơn,Tạo ren,Giảm giòn và điều chỉnh cơ tính,D,"Ram giúp giảm ứng suất và độ giòn sau tôi, điều chỉnh độ cứng/dai.",yield strength = giới hạn chảy; ductility = độ dẻo; hardness = độ cứng
799,E. Vật liệu cơ khí,Mechanical properties & heat treatment,Intermediate,"Khi lựa chọn vật liệu cho chi tiết, Khi lựa chọn vật liệu cho chi tiết, Ủ (annealing) thường được dùng để làm gì? (trường hợp thực hành)",Tạo lớp CrN,Tăng độ cứng tối đa,Tăng độ nhám có kiểm soát,"Giảm độ cứng, giảm ứng suất và cải thiện khả năng gia công",D,Ủ thường làm mềm vật liệu và giảm ứng suất.,yield strength = giới hạn chảy; ductility = độ dẻo; hardness = độ cứng
800,E. Vật liệu cơ khí,Mechanical properties & heat treatment,Intermediate,"Khi lựa chọn vật liệu cho chi tiết, Khi lựa chọn vật liệu cho chi tiết, Normalizing thép thường nhằm mục đích gì? (trường hợp thực hành)",Tinh chỉnh tổ chức và cải thiện tính đồng đều cơ tính,Làm vật liệu thành nhựa,Tăng hàm lượng Zn,Tạo lớp anodize,A,Thường hóa tạo tổ chức tương đối đồng đều và tinh hạt.,yield strength = giới hạn chảy; ductility = độ dẻo; hardness = độ cứng
801,E. Vật liệu cơ khí,Mechanical properties & heat treatment,Intermediate,"Khi lựa chọn vật liệu cho chi tiết, Khi lựa chọn vật liệu cho chi tiết, Độ cứng tăng thường làm khả năng chống xước thay đổi thế nào? (trường hợp thực hành)",Không liên quan,Tăng,Luôn làm vật liệu dẻo hơn,Giảm về 0,B,Độ cứng cao thường cải thiện khả năng chống biến dạng cục bộ và xước.,yield strength = giới hạn chảy; ductility = độ dẻo; hardness = độ cứng
802,E. Vật liệu cơ khí,Mechanical properties & heat treatment,Intermediate,"Khi lựa chọn vật liệu cho chi tiết, Khi lựa chọn vật liệu cho chi tiết, Độ dẻo (ductility) mô tả khả năng nào? (trường hợp thực hành)",Biến dạng dẻo đáng kể trước khi đứt,Chịu nhiệt tuyệt đối,Dẫn điện,Chống từ hóa,A,Ductility liên quan khả năng biến dạng dẻo trước phá hủy.,yield strength = giới hạn chảy; ductility = độ dẻo; hardness = độ cứng
803,E. Vật liệu cơ khí,Mechanical properties & heat treatment,Intermediate,"Khi lựa chọn vật liệu cho chi tiết, Khi lựa chọn vật liệu cho chi tiết, Độ dai va đập thể hiện khả năng nào? (trường hợp thực hành)",Chống xước,Dẫn nhiệt,Hấp thụ năng lượng khi chịu tải va đập trước khi gãy,Giảm khối lượng,C,Độ dai va đập liên quan khả năng hấp thụ năng lượng khi va đập.,yield strength = giới hạn chảy; ductility = độ dẻo; hardness = độ cứng
804,E. Vật liệu cơ khí,Mechanical properties & heat treatment,Intermediate,"Khi lựa chọn vật liệu cho chi tiết, Khi lựa chọn vật liệu cho chi tiết, Modul đàn hồi Young biểu thị điều gì? (trường hợp thực hành)",Độ dẫn điện,Khối lượng riêng,Độ nhám,Độ cứng đàn hồi của vật liệu theo kéo/nén,D,E là tỷ số ứng suất/biến dạng trong vùng đàn hồi tuyến tính.,yield strength = giới hạn chảy; ductility = độ dẻo; hardness = độ cứng
805,E. Vật liệu cơ khí,Mechanical properties & heat treatment,Intermediate,"Khi lựa chọn vật liệu cho chi tiết, Khi lựa chọn vật liệu cho chi tiết, Giới hạn chảy là mốc liên quan đến gì? (trường hợp thực hành)",Bắt đầu xuất hiện biến dạng dẻo đáng kể,Bắt đầu ăn mòn,Bắt đầu nóng chảy,Bắt đầu từ hóa,A,Yield strength đánh dấu vùng bắt đầu biến dạng dẻo theo quy ước.,yield strength = giới hạn chảy; ductility = độ dẻo; hardness = độ cứng
806,E. Vật liệu cơ khí,Mechanical properties & heat treatment,Intermediate,"Khi lựa chọn vật liệu cho chi tiết, Khi lựa chọn vật liệu cho chi tiết, Độ bền kéo cực đại (UTS) là gì? (trường hợp thực hành)",Độ nhám lớn nhất,Nhiệt độ sôi,Khối lượng riêng,Ứng suất kéo lớn nhất trên đường cong engineering stress-strain trước khi giảm tải theo tiết diện,D,UTS là ứng suất engineering cao nhất đạt được trong phép kéo.,yield strength = giới hạn chảy; ductility = độ dẻo; hardness = độ cứng
807,E. Vật liệu cơ khí,Mechanical properties & heat treatment,Intermediate,"Khi lựa chọn vật liệu cho chi tiết, Khi lựa chọn vật liệu cho chi tiết, Tôi (quenching) thép thường nhằm mục đích gì? (trường hợp thực hành)",Tăng độ nhám,Tạo lớp anodize,Tạo tổ chức cứng như martensite bằng làm nguội nhanh phù hợp,Làm mềm tuyệt đối,C,Tôi nhanh thép phù hợp có thể tạo martensite và tăng độ cứng.,yield strength = giới hạn chảy; ductility = độ dẻo; hardness = độ cứng
808,E. Vật liệu cơ khí,Mechanical properties & heat treatment,Intermediate,"Khi lựa chọn vật liệu cho chi tiết, Khi lựa chọn vật liệu cho chi tiết, Ram (tempering) thép sau tôi thường nhằm mục đích gì? (trường hợp thực hành)",Giảm giòn và điều chỉnh cơ tính,Loại hoàn toàn biến dạng nhiệt,Tăng carbon bằng sơn,Tạo ren,A,"Ram giúp giảm ứng suất và độ giòn sau tôi, điều chỉnh độ cứng/dai.",yield strength = giới hạn chảy; ductility = độ dẻo; hardness = độ cứng
809,E. Vật liệu cơ khí,Mechanical properties & heat treatment,Intermediate,"Khi lựa chọn vật liệu cho chi tiết, Khi lựa chọn vật liệu cho chi tiết, Ủ (annealing) thường được dùng để làm gì? (trường hợp thực hành)","Giảm độ cứng, giảm ứng suất và cải thiện khả năng gia công",Tăng độ nhám có kiểm soát,Tăng độ cứng tối đa,Tạo lớp CrN,A,Ủ thường làm mềm vật liệu và giảm ứng suất.,yield strength = giới hạn chảy; ductility = độ dẻo; hardness = độ cứng
810,E. Vật liệu cơ khí,Mechanical properties & heat treatment,Intermediate,"Khi lựa chọn vật liệu cho chi tiết, Khi lựa chọn vật liệu cho chi tiết, Normalizing thép thường nhằm mục đích gì? (trường hợp thực hành)",Tăng hàm lượng Zn,Tinh chỉnh tổ chức và cải thiện tính đồng đều cơ tính,Làm vật liệu thành nhựa,Tạo lớp anodize,B,Thường hóa tạo tổ chức tương đối đồng đều và tinh hạt.,yield strength = giới hạn chảy; ductility = độ dẻo; hardness = độ cứng
811,E. Vật liệu cơ khí,Corrosion & material selection,Intermediate,Thép không gỉ chống ăn mòn chủ yếu nhờ cơ chế nào?,Lớp sơn bắt buộc,Lớp dầu luôn tồn tại,Màng oxit giàu Cr tự hình thành và tái tạo,Carbon hòa tan hoàn toàn,C,Cr giúp hình thành màng thụ động bảo vệ bề mặt.,corrosion = ăn mòn; compatibility = tương thích; galvanic = điện hóa
812,E. Vật liệu cơ khí,Corrosion & material selection,Intermediate,Ăn mòn galvanic dễ xảy ra khi nào?,Chỉ trong chân không,Hai kim loại khác nhau tiếp xúc điện trong môi trường điện ly,Chỉ khi cả hai cùng vật liệu,Hai vật cách điện hoàn toàn,B,Ăn mòn điện hóa có thể xảy ra giữa các kim loại khác nhau trong điện ly.,corrosion = ăn mòn; compatibility = tương thích; galvanic = điện hóa
813,E. Vật liệu cơ khí,Corrosion & material selection,Intermediate,"Khi chọn vật liệu cho chân không, đặc tính nào quan trọng?",Độ ngọt,Màu sơn bất kỳ,Khả năng hút nước cao,Outgassing thấp và phù hợp môi trường chân không,D,Vật liệu chân không cần hạn chế thoát khí và nhiễm bẩn.,corrosion = ăn mòn; compatibility = tương thích; galvanic = điện hóa
814,E. Vật liệu cơ khí,Corrosion & material selection,Intermediate,"Khi chọn vật liệu tiếp xúc với khí ăn mòn, ưu tiên điều gì?",Khả năng tương thích hóa học và chống ăn mòn,Chỉ xét màu,Chỉ xét độ bóng,Chỉ xét khối lượng,A,Tương thích hóa học là yếu tố quan trọng với khí ăn mòn.,corrosion = ăn mòn; compatibility = tương thích; galvanic = điện hóa
815,E. Vật liệu cơ khí,Corrosion & material selection,Intermediate,"Khi lựa chọn vật liệu cho chi tiết, Thép không gỉ chống ăn mòn chủ yếu nhờ cơ chế nào?",Carbon hòa tan hoàn toàn,Lớp dầu luôn tồn tại,Lớp sơn bắt buộc,Màng oxit giàu Cr tự hình thành và tái tạo,D,Cr giúp hình thành màng thụ động bảo vệ bề mặt.,corrosion = ăn mòn; compatibility = tương thích; galvanic = điện hóa
816,E. Vật liệu cơ khí,Corrosion & material selection,Intermediate,"Khi lựa chọn vật liệu cho chi tiết, Ăn mòn galvanic dễ xảy ra khi nào?",Chỉ khi cả hai cùng vật liệu,Hai vật cách điện hoàn toàn,Chỉ trong chân không,Hai kim loại khác nhau tiếp xúc điện trong môi trường điện ly,D,Ăn mòn điện hóa có thể xảy ra giữa các kim loại khác nhau trong điện ly.,corrosion = ăn mòn; compatibility = tương thích; galvanic = điện hóa
817,E. Vật liệu cơ khí,Corrosion & material selection,Intermediate,"Khi lựa chọn vật liệu cho chi tiết, Khi chọn vật liệu cho chân không, đặc tính nào quan trọng?",Outgassing thấp và phù hợp môi trường chân không,Độ ngọt,Màu sơn bất kỳ,Khả năng hút nước cao,A,Vật liệu chân không cần hạn chế thoát khí và nhiễm bẩn.,corrosion = ăn mòn; compatibility = tương thích; galvanic = điện hóa
818,E. Vật liệu cơ khí,Corrosion & material selection,Intermediate,"Khi lựa chọn vật liệu cho chi tiết, Khi chọn vật liệu tiếp xúc với khí ăn mòn, ưu tiên điều gì?",Chỉ xét độ bóng,Khả năng tương thích hóa học và chống ăn mòn,Chỉ xét màu,Chỉ xét khối lượng,B,Tương thích hóa học là yếu tố quan trọng với khí ăn mòn.,corrosion = ăn mòn; compatibility = tương thích; galvanic = điện hóa
819,E. Vật liệu cơ khí,Corrosion & material selection,Intermediate,"Khi lựa chọn vật liệu cho chi tiết, Khi lựa chọn vật liệu cho chi tiết, Thép không gỉ chống ăn mòn chủ yếu nhờ cơ chế nào? (trường hợp thực hành)",Lớp dầu luôn tồn tại,Carbon hòa tan hoàn toàn,Lớp sơn bắt buộc,Màng oxit giàu Cr tự hình thành và tái tạo,D,Cr giúp hình thành màng thụ động bảo vệ bề mặt.,corrosion = ăn mòn; compatibility = tương thích; galvanic = điện hóa
820,E. Vật liệu cơ khí,Corrosion & material selection,Intermediate,"Khi lựa chọn vật liệu cho chi tiết, Khi lựa chọn vật liệu cho chi tiết, Ăn mòn galvanic dễ xảy ra khi nào? (trường hợp thực hành)",Chỉ khi cả hai cùng vật liệu,Hai vật cách điện hoàn toàn,Chỉ trong chân không,Hai kim loại khác nhau tiếp xúc điện trong môi trường điện ly,D,Ăn mòn điện hóa có thể xảy ra giữa các kim loại khác nhau trong điện ly.,corrosion = ăn mòn; compatibility = tương thích; galvanic = điện hóa
821,E. Vật liệu cơ khí,Corrosion & material selection,Intermediate,"Khi lựa chọn vật liệu cho chi tiết, Khi lựa chọn vật liệu cho chi tiết, Khi chọn vật liệu cho chân không, đặc tính nào quan trọng? (trường hợp thực hành)",Khả năng hút nước cao,Màu sơn bất kỳ,Độ ngọt,Outgassing thấp và phù hợp môi trường chân không,D,Vật liệu chân không cần hạn chế thoát khí và nhiễm bẩn.,corrosion = ăn mòn; compatibility = tương thích; galvanic = điện hóa
822,E. Vật liệu cơ khí,Corrosion & material selection,Intermediate,"Khi lựa chọn vật liệu cho chi tiết, Khi lựa chọn vật liệu cho chi tiết, Khi chọn vật liệu tiếp xúc với khí ăn mòn, ưu tiên điều gì? (trường hợp thực hành)",Chỉ xét độ bóng,Chỉ xét màu,Chỉ xét khối lượng,Khả năng tương thích hóa học và chống ăn mòn,D,Tương thích hóa học là yếu tố quan trọng với khí ăn mòn.,corrosion = ăn mòn; compatibility = tương thích; galvanic = điện hóa
823,E. Vật liệu cơ khí,Corrosion & material selection,Intermediate,"Khi lựa chọn vật liệu cho chi tiết, Khi lựa chọn vật liệu cho chi tiết, Thép không gỉ chống ăn mòn chủ yếu nhờ cơ chế nào? (trường hợp thực hành)",Carbon hòa tan hoàn toàn,Lớp sơn bắt buộc,Màng oxit giàu Cr tự hình thành và tái tạo,Lớp dầu luôn tồn tại,C,Cr giúp hình thành màng thụ động bảo vệ bề mặt.,corrosion = ăn mòn; compatibility = tương thích; galvanic = điện hóa
824,E. Vật liệu cơ khí,Corrosion & material selection,Intermediate,"Khi lựa chọn vật liệu cho chi tiết, Khi lựa chọn vật liệu cho chi tiết, Ăn mòn galvanic dễ xảy ra khi nào? (trường hợp thực hành)",Hai kim loại khác nhau tiếp xúc điện trong môi trường điện ly,Hai vật cách điện hoàn toàn,Chỉ khi cả hai cùng vật liệu,Chỉ trong chân không,A,Ăn mòn điện hóa có thể xảy ra giữa các kim loại khác nhau trong điện ly.,corrosion = ăn mòn; compatibility = tương thích; galvanic = điện hóa
825,E. Vật liệu cơ khí,Corrosion & material selection,Intermediate,"Khi lựa chọn vật liệu cho chi tiết, Khi lựa chọn vật liệu cho chi tiết, Khi chọn vật liệu cho chân không, đặc tính nào quan trọng? (trường hợp thực hành)",Outgassing thấp và phù hợp môi trường chân không,Độ ngọt,Khả năng hút nước cao,Màu sơn bất kỳ,A,Vật liệu chân không cần hạn chế thoát khí và nhiễm bẩn.,corrosion = ăn mòn; compatibility = tương thích; galvanic = điện hóa
826,E. Vật liệu cơ khí,Corrosion & material selection,Intermediate,"Khi lựa chọn vật liệu cho chi tiết, Khi lựa chọn vật liệu cho chi tiết, Khi chọn vật liệu tiếp xúc với khí ăn mòn, ưu tiên điều gì? (trường hợp thực hành)",Chỉ xét độ bóng,Khả năng tương thích hóa học và chống ăn mòn,Chỉ xét khối lượng,Chỉ xét màu,B,Tương thích hóa học là yếu tố quan trọng với khí ăn mòn.,corrosion = ăn mòn; compatibility = tương thích; galvanic = điện hóa
827,E. Vật liệu cơ khí,Corrosion & material selection,Intermediate,"Khi lựa chọn vật liệu cho chi tiết, Khi lựa chọn vật liệu cho chi tiết, Thép không gỉ chống ăn mòn chủ yếu nhờ cơ chế nào? (trường hợp thực hành)",Lớp sơn bắt buộc,Lớp dầu luôn tồn tại,Màng oxit giàu Cr tự hình thành và tái tạo,Carbon hòa tan hoàn toàn,C,Cr giúp hình thành màng thụ động bảo vệ bề mặt.,corrosion = ăn mòn; compatibility = tương thích; galvanic = điện hóa
828,E. Vật liệu cơ khí,Corrosion & material selection,Intermediate,"Khi lựa chọn vật liệu cho chi tiết, Khi lựa chọn vật liệu cho chi tiết, Ăn mòn galvanic dễ xảy ra khi nào? (trường hợp thực hành)",Chỉ trong chân không,Hai kim loại khác nhau tiếp xúc điện trong môi trường điện ly,Chỉ khi cả hai cùng vật liệu,Hai vật cách điện hoàn toàn,B,Ăn mòn điện hóa có thể xảy ra giữa các kim loại khác nhau trong điện ly.,corrosion = ăn mòn; compatibility = tương thích; galvanic = điện hóa
829,E. Vật liệu cơ khí,Corrosion & material selection,Intermediate,"Khi lựa chọn vật liệu cho chi tiết, Khi lựa chọn vật liệu cho chi tiết, Khi chọn vật liệu cho chân không, đặc tính nào quan trọng? (trường hợp thực hành)",Khả năng hút nước cao,Màu sơn bất kỳ,Độ ngọt,Outgassing thấp và phù hợp môi trường chân không,D,Vật liệu chân không cần hạn chế thoát khí và nhiễm bẩn.,corrosion = ăn mòn; compatibility = tương thích; galvanic = điện hóa
830,E. Vật liệu cơ khí,Corrosion & material selection,Intermediate,"Khi lựa chọn vật liệu cho chi tiết, Khi lựa chọn vật liệu cho chi tiết, Khi chọn vật liệu tiếp xúc với khí ăn mòn, ưu tiên điều gì? (trường hợp thực hành)",Chỉ xét màu,Chỉ xét khối lượng,Chỉ xét độ bóng,Khả năng tương thích hóa học và chống ăn mòn,D,Tương thích hóa học là yếu tố quan trọng với khí ăn mòn.,corrosion = ăn mòn; compatibility = tương thích; galvanic = điện hóa
831,H. Xử lý bề mặt,Surface treatment & finishing,Basic,Anodizing nhôm tạo lớp bảo vệ chủ yếu trên bề mặt bằng cách nào?,Tôi thép,Tạo lớp oxit nhôm có kiểm soát bằng quá trình điện hóa,Phun cát tạo vật liệu mới,Mạ kẽm nóng,B,Anodizing tạo lớp oxide trên nhôm bằng quá trình điện hóa.,surface treatment = xử lý bề mặt; coating = lớp phủ; roughness = độ nhám
832,H. Xử lý bề mặt,Surface treatment & finishing,Basic,White anodize khác màu anodize chủ yếu ở yếu tố nào?,Màu/hoàn thiện bề mặt của lớp anodize,Thay đổi đường kính danh nghĩa,Tạo ren mới,Đổi vật liệu nền thành thép,A,"Màu là đặc tính hoàn thiện, không đồng nghĩa thay đổi vật liệu nền.",surface treatment = xử lý bề mặt; coating = lớp phủ; roughness = độ nhám
833,H. Xử lý bề mặt,Surface treatment & finishing,Basic,Passivation inox nhằm mục đích chính gì?,Tăng khả năng hình thành/duy trì màng thụ động và loại nhiễm sắt tự do phù hợp quy trình,Tạo ren,Tạo lớp nhựa,Tăng độ cứng gấp đôi,A,Passivation hỗ trợ khả năng chống ăn mòn của inox khi thực hiện đúng quy trình.,surface treatment = xử lý bề mặt; coating = lớp phủ; roughness = độ nhám
834,H. Xử lý bề mặt,Surface treatment & finishing,Basic,Electropolishing thường làm gì với bề mặt kim loại?,Tạo ren sâu,Loại vật liệu vi mô có chọn lọc để làm bề mặt sạch và nhẵn hơn,Tăng bavia,Tăng độ dày nền lớn,B,Electropolishing có thể làm giảm nhám và cải thiện độ sạch bề mặt.,surface treatment = xử lý bề mặt; coating = lớp phủ; roughness = độ nhám
835,H. Xử lý bề mặt,Surface treatment & finishing,Basic,Bead blasting thường được dùng để làm gì?,Tạo lỗ xuyên,Tạo/điều chỉnh texture bề mặt và làm sạch theo yêu cầu,Tăng kích thước danh nghĩa,Tăng hàm lượng carbon,B,Hạt phun tạo texture và có thể làm sạch bề mặt.,surface treatment = xử lý bề mặt; coating = lớp phủ; roughness = độ nhám
836,H. Xử lý bề mặt,Surface treatment & finishing,Basic,Polishing khác grinding ở điểm nào?,Grinding không dùng hạt mài,Polishing là xử lý nhiệt,Polishing luôn bóc vật liệu nhiều hơn grinding,Polishing thường hướng tới hoàn thiện bề mặt mịn hơn với lượng bóc vật liệu nhỏ hơn,D,Polishing thường là bước hoàn thiện với mục tiêu nhám thấp.,surface treatment = xử lý bề mặt; coating = lớp phủ; roughness = độ nhám
837,H. Xử lý bề mặt,Surface treatment & finishing,Basic,Ra trong độ nhám bề mặt là gì?,Độ cứng,Độ tròn,Đường kính,Một tham số biểu diễn độ nhám trung bình số học theo biên dạng đo,D,Ra là tham số độ nhám phổ biến.,surface treatment = xử lý bề mặt; coating = lớp phủ; roughness = độ nhám
838,H. Xử lý bề mặt,Surface treatment & finishing,Basic,Vết xước định hướng sau gia công có thể ảnh hưởng gì?,Độ nhám và chức năng tiếp xúc của bề mặt,Đơn vị bản vẽ,Mã vật liệu,Số revision,A,"Texture và nhám có thể ảnh hưởng làm kín, ma sát và tiếp xúc.",surface treatment = xử lý bề mặt; coating = lớp phủ; roughness = độ nhám
839,H. Xử lý bề mặt,Surface treatment & finishing,Basic,Coating PVD thường có mục đích nào?,Tạo lỗ ren,Tạo lớp phủ mỏng tăng khả năng chống mài mòn/điều chỉnh tính bề mặt,Tăng khối lượng chi tiết gấp 10 lần,Thay thế hoàn toàn vật liệu nền,B,PVD tạo lớp phủ mỏng trên bề mặt để cải thiện tính năng.,surface treatment = xử lý bề mặt; coating = lớp phủ; roughness = độ nhám
840,H. Xử lý bề mặt,Surface treatment & finishing,Basic,Mạ niken thường được dùng để cải thiện gì?,"Chống ăn mòn, chống mài mòn hoặc tạo tính chất bề mặt tùy hệ mạ",Giảm độ dày về 0,Tạo vật liệu ceramic bên trong,Đổi kích thước danh nghĩa tự động,A,Nickel plating có nhiều mục tiêu tùy quy trình và hệ vật liệu.,surface treatment = xử lý bề mặt; coating = lớp phủ; roughness = độ nhám
841,H. Xử lý bề mặt,Surface treatment & finishing,Basic,Mạ kẽm trên thép thường giúp gì?,Bảo vệ thép khỏi ăn mòn bằng lớp kẽm hi sinh/bảo vệ,Tăng độ dẫn nhiệt của thép lên vô hạn,Làm thép thành inox,Tạo anodize,A,Kẽm có tác dụng bảo vệ thép chống ăn mòn.,surface treatment = xử lý bề mặt; coating = lớp phủ; roughness = độ nhám
842,H. Xử lý bề mặt,Surface treatment & finishing,Basic,Black oxide trên thép chủ yếu là gì?,Tôi toàn bộ chi tiết,Lớp chuyển hóa bề mặt màu đen giúp bảo vệ nhẹ và giảm phản xạ khi kết hợp dầu phù hợp,Lớp PTFE dày,Lớp nhôm nguyên chất,B,"Black oxide là lớp chuyển hóa, thường cần dầu bảo vệ tùy yêu cầu.",surface treatment = xử lý bề mặt; coating = lớp phủ; roughness = độ nhám
843,H. Xử lý bề mặt,Surface treatment & finishing,Basic,Shot peening khác blasting làm sạch ở mục tiêu chính nào?,Tạo anodize,Tạo ren,Tạo ứng suất dư nén bề mặt để cải thiện khả năng chống mỏi,Đo độ nhám,C,Shot peening được dùng để tạo ứng suất nén dư bề mặt.,surface treatment = xử lý bề mặt; coating = lớp phủ; roughness = độ nhám
844,H. Xử lý bề mặt,Surface treatment & finishing,Basic,Deburring là công đoạn gì?,Tạo dung sai mới,Loại bỏ bavia và cạnh sắc không mong muốn,Đổi vật liệu,Đo độ cứng,B,Deburring loại bỏ phần vật liệu dư sắc.,surface treatment = xử lý bề mặt; coating = lớp phủ; roughness = độ nhám
845,H. Xử lý bề mặt,Surface treatment & finishing,Basic,Cleaning trước xử lý bề mặt quan trọng vì sao?,Làm tăng đường kính,Tăng khối lượng riêng,Tạo ren tự động,"Dầu, bụi và chất bẩn có thể làm giảm độ bám hoặc gây lỗi lớp xử lý",D,Bề mặt sạch giúp quá trình xử lý ổn định và bám tốt hơn.,surface treatment = xử lý bề mặt; coating = lớp phủ; roughness = độ nhám
846,H. Xử lý bề mặt,Surface treatment & finishing,Basic,"Trong kiểm soát hoàn thiện bề mặt, Anodizing nhôm tạo lớp bảo vệ chủ yếu trên bề mặt bằng cách nào?",Mạ kẽm nóng,Phun cát tạo vật liệu mới,Tạo lớp oxit nhôm có kiểm soát bằng quá trình điện hóa,Tôi thép,C,Anodizing tạo lớp oxide trên nhôm bằng quá trình điện hóa.,surface treatment = xử lý bề mặt; coating = lớp phủ; roughness = độ nhám
847,H. Xử lý bề mặt,Surface treatment & finishing,Basic,"Trong kiểm soát hoàn thiện bề mặt, White anodize khác màu anodize chủ yếu ở yếu tố nào?",Tạo ren mới,Thay đổi đường kính danh nghĩa,Màu/hoàn thiện bề mặt của lớp anodize,Đổi vật liệu nền thành thép,C,"Màu là đặc tính hoàn thiện, không đồng nghĩa thay đổi vật liệu nền.",surface treatment = xử lý bề mặt; coating = lớp phủ; roughness = độ nhám
848,H. Xử lý bề mặt,Surface treatment & finishing,Basic,"Trong kiểm soát hoàn thiện bề mặt, Passivation inox nhằm mục đích chính gì?",Tăng độ cứng gấp đôi,Tạo lớp nhựa,Tăng khả năng hình thành/duy trì màng thụ động và loại nhiễm sắt tự do phù hợp quy trình,Tạo ren,C,Passivation hỗ trợ khả năng chống ăn mòn của inox khi thực hiện đúng quy trình.,surface treatment = xử lý bề mặt; coating = lớp phủ; roughness = độ nhám
849,H. Xử lý bề mặt,Surface treatment & finishing,Basic,"Trong kiểm soát hoàn thiện bề mặt, Electropolishing thường làm gì với bề mặt kim loại?",Tăng bavia,Tạo ren sâu,Loại vật liệu vi mô có chọn lọc để làm bề mặt sạch và nhẵn hơn,Tăng độ dày nền lớn,C,Electropolishing có thể làm giảm nhám và cải thiện độ sạch bề mặt.,surface treatment = xử lý bề mặt; coating = lớp phủ; roughness = độ nhám
850,H. Xử lý bề mặt,Surface treatment & finishing,Basic,"Trong kiểm soát hoàn thiện bề mặt, Bead blasting thường được dùng để làm gì?",Tăng hàm lượng carbon,Tạo/điều chỉnh texture bề mặt và làm sạch theo yêu cầu,Tăng kích thước danh nghĩa,Tạo lỗ xuyên,B,Hạt phun tạo texture và có thể làm sạch bề mặt.,surface treatment = xử lý bề mặt; coating = lớp phủ; roughness = độ nhám
851,H. Xử lý bề mặt,Surface treatment & finishing,Basic,"Trong kiểm soát hoàn thiện bề mặt, Polishing khác grinding ở điểm nào?",Polishing thường hướng tới hoàn thiện bề mặt mịn hơn với lượng bóc vật liệu nhỏ hơn,Polishing là xử lý nhiệt,Polishing luôn bóc vật liệu nhiều hơn grinding,Grinding không dùng hạt mài,A,Polishing thường là bước hoàn thiện với mục tiêu nhám thấp.,surface treatment = xử lý bề mặt; coating = lớp phủ; roughness = độ nhám
852,H. Xử lý bề mặt,Surface treatment & finishing,Basic,"Trong kiểm soát hoàn thiện bề mặt, Ra trong độ nhám bề mặt là gì?",Độ tròn,Đường kính,Độ cứng,Một tham số biểu diễn độ nhám trung bình số học theo biên dạng đo,D,Ra là tham số độ nhám phổ biến.,surface treatment = xử lý bề mặt; coating = lớp phủ; roughness = độ nhám
853,H. Xử lý bề mặt,Surface treatment & finishing,Basic,"Trong kiểm soát hoàn thiện bề mặt, Vết xước định hướng sau gia công có thể ảnh hưởng gì?",Mã vật liệu,Số revision,Độ nhám và chức năng tiếp xúc của bề mặt,Đơn vị bản vẽ,C,"Texture và nhám có thể ảnh hưởng làm kín, ma sát và tiếp xúc.",surface treatment = xử lý bề mặt; coating = lớp phủ; roughness = độ nhám
854,H. Xử lý bề mặt,Surface treatment & finishing,Basic,"Trong kiểm soát hoàn thiện bề mặt, Coating PVD thường có mục đích nào?",Tạo lớp phủ mỏng tăng khả năng chống mài mòn/điều chỉnh tính bề mặt,Tăng khối lượng chi tiết gấp 10 lần,Thay thế hoàn toàn vật liệu nền,Tạo lỗ ren,A,PVD tạo lớp phủ mỏng trên bề mặt để cải thiện tính năng.,surface treatment = xử lý bề mặt; coating = lớp phủ; roughness = độ nhám
855,H. Xử lý bề mặt,Surface treatment & finishing,Basic,"Trong kiểm soát hoàn thiện bề mặt, Mạ niken thường được dùng để cải thiện gì?",Đổi kích thước danh nghĩa tự động,"Chống ăn mòn, chống mài mòn hoặc tạo tính chất bề mặt tùy hệ mạ",Tạo vật liệu ceramic bên trong,Giảm độ dày về 0,B,Nickel plating có nhiều mục tiêu tùy quy trình và hệ vật liệu.,surface treatment = xử lý bề mặt; coating = lớp phủ; roughness = độ nhám
856,H. Xử lý bề mặt,Surface treatment & finishing,Basic,"Trong kiểm soát hoàn thiện bề mặt, Mạ kẽm trên thép thường giúp gì?",Làm thép thành inox,Tăng độ dẫn nhiệt của thép lên vô hạn,Tạo anodize,Bảo vệ thép khỏi ăn mòn bằng lớp kẽm hi sinh/bảo vệ,D,Kẽm có tác dụng bảo vệ thép chống ăn mòn.,surface treatment = xử lý bề mặt; coating = lớp phủ; roughness = độ nhám
857,H. Xử lý bề mặt,Surface treatment & finishing,Basic,"Trong kiểm soát hoàn thiện bề mặt, Black oxide trên thép chủ yếu là gì?",Lớp chuyển hóa bề mặt màu đen giúp bảo vệ nhẹ và giảm phản xạ khi kết hợp dầu phù hợp,Tôi toàn bộ chi tiết,Lớp PTFE dày,Lớp nhôm nguyên chất,A,"Black oxide là lớp chuyển hóa, thường cần dầu bảo vệ tùy yêu cầu.",surface treatment = xử lý bề mặt; coating = lớp phủ; roughness = độ nhám
858,H. Xử lý bề mặt,Surface treatment & finishing,Basic,"Trong kiểm soát hoàn thiện bề mặt, Shot peening khác blasting làm sạch ở mục tiêu chính nào?",Tạo ứng suất dư nén bề mặt để cải thiện khả năng chống mỏi,Tạo anodize,Đo độ nhám,Tạo ren,A,Shot peening được dùng để tạo ứng suất nén dư bề mặt.,surface treatment = xử lý bề mặt; coating = lớp phủ; roughness = độ nhám
859,H. Xử lý bề mặt,Surface treatment & finishing,Basic,"Trong kiểm soát hoàn thiện bề mặt, Deburring là công đoạn gì?",Đổi vật liệu,Đo độ cứng,Loại bỏ bavia và cạnh sắc không mong muốn,Tạo dung sai mới,C,Deburring loại bỏ phần vật liệu dư sắc.,surface treatment = xử lý bề mặt; coating = lớp phủ; roughness = độ nhám
860,H. Xử lý bề mặt,Surface treatment & finishing,Basic,"Trong kiểm soát hoàn thiện bề mặt, Cleaning trước xử lý bề mặt quan trọng vì sao?",Tạo ren tự động,Tăng khối lượng riêng,"Dầu, bụi và chất bẩn có thể làm giảm độ bám hoặc gây lỗi lớp xử lý",Làm tăng đường kính,C,Bề mặt sạch giúp quá trình xử lý ổn định và bám tốt hơn.,surface treatment = xử lý bề mặt; coating = lớp phủ; roughness = độ nhám
861,H. Xử lý bề mặt,Surface treatment & finishing,Basic,"Trong kiểm soát hoàn thiện bề mặt, Trong kiểm soát hoàn thiện bề mặt, Anodizing nhôm tạo lớp bảo vệ chủ yếu trên bề mặt bằng cách nào? (trường hợp thực hành)",Tôi thép,Tạo lớp oxit nhôm có kiểm soát bằng quá trình điện hóa,Phun cát tạo vật liệu mới,Mạ kẽm nóng,B,Anodizing tạo lớp oxide trên nhôm bằng quá trình điện hóa.,surface treatment = xử lý bề mặt; coating = lớp phủ; roughness = độ nhám
862,H. Xử lý bề mặt,Surface treatment & finishing,Basic,"Trong kiểm soát hoàn thiện bề mặt, Trong kiểm soát hoàn thiện bề mặt, White anodize khác màu anodize chủ yếu ở yếu tố nào? (trường hợp thực hành)",Đổi vật liệu nền thành thép,Màu/hoàn thiện bề mặt của lớp anodize,Thay đổi đường kính danh nghĩa,Tạo ren mới,B,"Màu là đặc tính hoàn thiện, không đồng nghĩa thay đổi vật liệu nền.",surface treatment = xử lý bề mặt; coating = lớp phủ; roughness = độ nhám
863,H. Xử lý bề mặt,Surface treatment & finishing,Basic,"Trong kiểm soát hoàn thiện bề mặt, Trong kiểm soát hoàn thiện bề mặt, Passivation inox nhằm mục đích chính gì? (trường hợp thực hành)",Tạo lớp nhựa,Tạo ren,Tăng khả năng hình thành/duy trì màng thụ động và loại nhiễm sắt tự do phù hợp quy trình,Tăng độ cứng gấp đôi,C,Passivation hỗ trợ khả năng chống ăn mòn của inox khi thực hiện đúng quy trình.,surface treatment = xử lý bề mặt; coating = lớp phủ; roughness = độ nhám
864,H. Xử lý bề mặt,Surface treatment & finishing,Basic,"Trong kiểm soát hoàn thiện bề mặt, Trong kiểm soát hoàn thiện bề mặt, Electropolishing thường làm gì với bề mặt kim loại? (trường hợp thực hành)",Tạo ren sâu,Loại vật liệu vi mô có chọn lọc để làm bề mặt sạch và nhẵn hơn,Tăng bavia,Tăng độ dày nền lớn,B,Electropolishing có thể làm giảm nhám và cải thiện độ sạch bề mặt.,surface treatment = xử lý bề mặt; coating = lớp phủ; roughness = độ nhám
865,H. Xử lý bề mặt,Surface treatment & finishing,Basic,"Trong kiểm soát hoàn thiện bề mặt, Trong kiểm soát hoàn thiện bề mặt, Bead blasting thường được dùng để làm gì? (trường hợp thực hành)",Tăng hàm lượng carbon,Tạo/điều chỉnh texture bề mặt và làm sạch theo yêu cầu,Tăng kích thước danh nghĩa,Tạo lỗ xuyên,B,Hạt phun tạo texture và có thể làm sạch bề mặt.,surface treatment = xử lý bề mặt; coating = lớp phủ; roughness = độ nhám
866,H. Xử lý bề mặt,Surface treatment & finishing,Basic,"Trong kiểm soát hoàn thiện bề mặt, Trong kiểm soát hoàn thiện bề mặt, Polishing khác grinding ở điểm nào? (trường hợp thực hành)",Grinding không dùng hạt mài,Polishing thường hướng tới hoàn thiện bề mặt mịn hơn với lượng bóc vật liệu nhỏ hơn,Polishing luôn bóc vật liệu nhiều hơn grinding,Polishing là xử lý nhiệt,B,Polishing thường là bước hoàn thiện với mục tiêu nhám thấp.,surface treatment = xử lý bề mặt; coating = lớp phủ; roughness = độ nhám
867,H. Xử lý bề mặt,Surface treatment & finishing,Basic,"Trong kiểm soát hoàn thiện bề mặt, Trong kiểm soát hoàn thiện bề mặt, Ra trong độ nhám bề mặt là gì? (trường hợp thực hành)",Độ tròn,Độ cứng,Một tham số biểu diễn độ nhám trung bình số học theo biên dạng đo,Đường kính,C,Ra là tham số độ nhám phổ biến.,surface treatment = xử lý bề mặt; coating = lớp phủ; roughness = độ nhám
868,H. Xử lý bề mặt,Surface treatment & finishing,Basic,"Trong kiểm soát hoàn thiện bề mặt, Trong kiểm soát hoàn thiện bề mặt, Vết xước định hướng sau gia công có thể ảnh hưởng gì? (trường hợp thực hành)",Mã vật liệu,Số revision,Độ nhám và chức năng tiếp xúc của bề mặt,Đơn vị bản vẽ,C,"Texture và nhám có thể ảnh hưởng làm kín, ma sát và tiếp xúc.",surface treatment = xử lý bề mặt; coating = lớp phủ; roughness = độ nhám
869,H. Xử lý bề mặt,Surface treatment & finishing,Basic,"Trong kiểm soát hoàn thiện bề mặt, Trong kiểm soát hoàn thiện bề mặt, Coating PVD thường có mục đích nào? (trường hợp thực hành)",Tạo lỗ ren,Thay thế hoàn toàn vật liệu nền,Tạo lớp phủ mỏng tăng khả năng chống mài mòn/điều chỉnh tính bề mặt,Tăng khối lượng chi tiết gấp 10 lần,C,PVD tạo lớp phủ mỏng trên bề mặt để cải thiện tính năng.,surface treatment = xử lý bề mặt; coating = lớp phủ; roughness = độ nhám
870,H. Xử lý bề mặt,Surface treatment & finishing,Basic,"Trong kiểm soát hoàn thiện bề mặt, Trong kiểm soát hoàn thiện bề mặt, Mạ niken thường được dùng để cải thiện gì? (trường hợp thực hành)",Tạo vật liệu ceramic bên trong,Giảm độ dày về 0,Đổi kích thước danh nghĩa tự động,"Chống ăn mòn, chống mài mòn hoặc tạo tính chất bề mặt tùy hệ mạ",D,Nickel plating có nhiều mục tiêu tùy quy trình và hệ vật liệu.,surface treatment = xử lý bề mặt; coating = lớp phủ; roughness = độ nhám
871,H. Xử lý bề mặt,Surface treatment & finishing,Basic,"Trong kiểm soát hoàn thiện bề mặt, Trong kiểm soát hoàn thiện bề mặt, Mạ kẽm trên thép thường giúp gì? (trường hợp thực hành)",Làm thép thành inox,Tạo anodize,Bảo vệ thép khỏi ăn mòn bằng lớp kẽm hi sinh/bảo vệ,Tăng độ dẫn nhiệt của thép lên vô hạn,C,Kẽm có tác dụng bảo vệ thép chống ăn mòn.,surface treatment = xử lý bề mặt; coating = lớp phủ; roughness = độ nhám
872,H. Xử lý bề mặt,Surface treatment & finishing,Basic,"Trong kiểm soát hoàn thiện bề mặt, Trong kiểm soát hoàn thiện bề mặt, Black oxide trên thép chủ yếu là gì? (trường hợp thực hành)",Lớp PTFE dày,Lớp nhôm nguyên chất,Tôi toàn bộ chi tiết,Lớp chuyển hóa bề mặt màu đen giúp bảo vệ nhẹ và giảm phản xạ khi kết hợp dầu phù hợp,D,"Black oxide là lớp chuyển hóa, thường cần dầu bảo vệ tùy yêu cầu.",surface treatment = xử lý bề mặt; coating = lớp phủ; roughness = độ nhám
873,H. Xử lý bề mặt,Surface treatment & finishing,Basic,"Trong kiểm soát hoàn thiện bề mặt, Trong kiểm soát hoàn thiện bề mặt, Shot peening khác blasting làm sạch ở mục tiêu chính nào? (trường hợp thực hành)",Đo độ nhám,Tạo ren,Tạo ứng suất dư nén bề mặt để cải thiện khả năng chống mỏi,Tạo anodize,C,Shot peening được dùng để tạo ứng suất nén dư bề mặt.,surface treatment = xử lý bề mặt; coating = lớp phủ; roughness = độ nhám
874,H. Xử lý bề mặt,Surface treatment & finishing,Basic,"Trong kiểm soát hoàn thiện bề mặt, Trong kiểm soát hoàn thiện bề mặt, Deburring là công đoạn gì? (trường hợp thực hành)",Đổi vật liệu,Loại bỏ bavia và cạnh sắc không mong muốn,Tạo dung sai mới,Đo độ cứng,B,Deburring loại bỏ phần vật liệu dư sắc.,surface treatment = xử lý bề mặt; coating = lớp phủ; roughness = độ nhám
875,H. Xử lý bề mặt,Surface treatment & finishing,Basic,"Trong kiểm soát hoàn thiện bề mặt, Trong kiểm soát hoàn thiện bề mặt, Cleaning trước xử lý bề mặt quan trọng vì sao? (trường hợp thực hành)",Làm tăng đường kính,"Dầu, bụi và chất bẩn có thể làm giảm độ bám hoặc gây lỗi lớp xử lý",Tạo ren tự động,Tăng khối lượng riêng,B,Bề mặt sạch giúp quá trình xử lý ổn định và bám tốt hơn.,surface treatment = xử lý bề mặt; coating = lớp phủ; roughness = độ nhám
876,H. Xử lý bề mặt,Surface treatment & finishing,Intermediate,"Trong kiểm soát hoàn thiện bề mặt, Trong kiểm soát hoàn thiện bề mặt, Anodizing nhôm tạo lớp bảo vệ chủ yếu trên bề mặt bằng cách nào? (trường hợp thực hành)",Mạ kẽm nóng,Tạo lớp oxit nhôm có kiểm soát bằng quá trình điện hóa,Phun cát tạo vật liệu mới,Tôi thép,B,Anodizing tạo lớp oxide trên nhôm bằng quá trình điện hóa.,surface treatment = xử lý bề mặt; coating = lớp phủ; roughness = độ nhám
877,H. Xử lý bề mặt,Surface treatment & finishing,Intermediate,"Trong kiểm soát hoàn thiện bề mặt, Trong kiểm soát hoàn thiện bề mặt, White anodize khác màu anodize chủ yếu ở yếu tố nào? (trường hợp thực hành)",Đổi vật liệu nền thành thép,Tạo ren mới,Thay đổi đường kính danh nghĩa,Màu/hoàn thiện bề mặt của lớp anodize,D,"Màu là đặc tính hoàn thiện, không đồng nghĩa thay đổi vật liệu nền.",surface treatment = xử lý bề mặt; coating = lớp phủ; roughness = độ nhám
878,H. Xử lý bề mặt,Surface treatment & finishing,Intermediate,"Trong kiểm soát hoàn thiện bề mặt, Trong kiểm soát hoàn thiện bề mặt, Passivation inox nhằm mục đích chính gì? (trường hợp thực hành)",Tăng khả năng hình thành/duy trì màng thụ động và loại nhiễm sắt tự do phù hợp quy trình,Tăng độ cứng gấp đôi,Tạo ren,Tạo lớp nhựa,A,Passivation hỗ trợ khả năng chống ăn mòn của inox khi thực hiện đúng quy trình.,surface treatment = xử lý bề mặt; coating = lớp phủ; roughness = độ nhám
879,H. Xử lý bề mặt,Surface treatment & finishing,Intermediate,"Trong kiểm soát hoàn thiện bề mặt, Trong kiểm soát hoàn thiện bề mặt, Electropolishing thường làm gì với bề mặt kim loại? (trường hợp thực hành)",Tăng độ dày nền lớn,Loại vật liệu vi mô có chọn lọc để làm bề mặt sạch và nhẵn hơn,Tăng bavia,Tạo ren sâu,B,Electropolishing có thể làm giảm nhám và cải thiện độ sạch bề mặt.,surface treatment = xử lý bề mặt; coating = lớp phủ; roughness = độ nhám
880,H. Xử lý bề mặt,Surface treatment & finishing,Intermediate,"Trong kiểm soát hoàn thiện bề mặt, Trong kiểm soát hoàn thiện bề mặt, Bead blasting thường được dùng để làm gì? (trường hợp thực hành)",Tạo/điều chỉnh texture bề mặt và làm sạch theo yêu cầu,Tăng kích thước danh nghĩa,Tạo lỗ xuyên,Tăng hàm lượng carbon,A,Hạt phun tạo texture và có thể làm sạch bề mặt.,surface treatment = xử lý bề mặt; coating = lớp phủ; roughness = độ nhám
881,H. Xử lý bề mặt,Surface treatment & finishing,Intermediate,"Trong kiểm soát hoàn thiện bề mặt, Trong kiểm soát hoàn thiện bề mặt, Polishing khác grinding ở điểm nào? (trường hợp thực hành)",Polishing thường hướng tới hoàn thiện bề mặt mịn hơn với lượng bóc vật liệu nhỏ hơn,Polishing luôn bóc vật liệu nhiều hơn grinding,Grinding không dùng hạt mài,Polishing là xử lý nhiệt,A,Polishing thường là bước hoàn thiện với mục tiêu nhám thấp.,surface treatment = xử lý bề mặt; coating = lớp phủ; roughness = độ nhám
882,H. Xử lý bề mặt,Surface treatment & finishing,Intermediate,"Trong kiểm soát hoàn thiện bề mặt, Trong kiểm soát hoàn thiện bề mặt, Ra trong độ nhám bề mặt là gì? (trường hợp thực hành)",Độ tròn,Độ cứng,Đường kính,Một tham số biểu diễn độ nhám trung bình số học theo biên dạng đo,D,Ra là tham số độ nhám phổ biến.,surface treatment = xử lý bề mặt; coating = lớp phủ; roughness = độ nhám
883,H. Xử lý bề mặt,Surface treatment & finishing,Intermediate,"Trong kiểm soát hoàn thiện bề mặt, Trong kiểm soát hoàn thiện bề mặt, Vết xước định hướng sau gia công có thể ảnh hưởng gì? (trường hợp thực hành)",Mã vật liệu,Số revision,Đơn vị bản vẽ,Độ nhám và chức năng tiếp xúc của bề mặt,D,"Texture và nhám có thể ảnh hưởng làm kín, ma sát và tiếp xúc.",surface treatment = xử lý bề mặt; coating = lớp phủ; roughness = độ nhám
884,H. Xử lý bề mặt,Surface treatment & finishing,Intermediate,"Trong kiểm soát hoàn thiện bề mặt, Trong kiểm soát hoàn thiện bề mặt, Coating PVD thường có mục đích nào? (trường hợp thực hành)",Thay thế hoàn toàn vật liệu nền,Tăng khối lượng chi tiết gấp 10 lần,Tạo lớp phủ mỏng tăng khả năng chống mài mòn/điều chỉnh tính bề mặt,Tạo lỗ ren,C,PVD tạo lớp phủ mỏng trên bề mặt để cải thiện tính năng.,surface treatment = xử lý bề mặt; coating = lớp phủ; roughness = độ nhám
885,H. Xử lý bề mặt,Surface treatment & finishing,Intermediate,"Trong kiểm soát hoàn thiện bề mặt, Trong kiểm soát hoàn thiện bề mặt, Mạ niken thường được dùng để cải thiện gì? (trường hợp thực hành)",Đổi kích thước danh nghĩa tự động,Giảm độ dày về 0,Tạo vật liệu ceramic bên trong,"Chống ăn mòn, chống mài mòn hoặc tạo tính chất bề mặt tùy hệ mạ",D,Nickel plating có nhiều mục tiêu tùy quy trình và hệ vật liệu.,surface treatment = xử lý bề mặt; coating = lớp phủ; roughness = độ nhám
886,H. Xử lý bề mặt,Surface treatment & finishing,Intermediate,"Trong kiểm soát hoàn thiện bề mặt, Trong kiểm soát hoàn thiện bề mặt, Mạ kẽm trên thép thường giúp gì? (trường hợp thực hành)",Làm thép thành inox,Bảo vệ thép khỏi ăn mòn bằng lớp kẽm hi sinh/bảo vệ,Tạo anodize,Tăng độ dẫn nhiệt của thép lên vô hạn,B,Kẽm có tác dụng bảo vệ thép chống ăn mòn.,surface treatment = xử lý bề mặt; coating = lớp phủ; roughness = độ nhám
887,H. Xử lý bề mặt,Surface treatment & finishing,Intermediate,"Trong kiểm soát hoàn thiện bề mặt, Trong kiểm soát hoàn thiện bề mặt, Black oxide trên thép chủ yếu là gì? (trường hợp thực hành)",Lớp nhôm nguyên chất,Tôi toàn bộ chi tiết,Lớp chuyển hóa bề mặt màu đen giúp bảo vệ nhẹ và giảm phản xạ khi kết hợp dầu phù hợp,Lớp PTFE dày,C,"Black oxide là lớp chuyển hóa, thường cần dầu bảo vệ tùy yêu cầu.",surface treatment = xử lý bề mặt; coating = lớp phủ; roughness = độ nhám
888,H. Xử lý bề mặt,Surface treatment & finishing,Intermediate,"Trong kiểm soát hoàn thiện bề mặt, Trong kiểm soát hoàn thiện bề mặt, Shot peening khác blasting làm sạch ở mục tiêu chính nào? (trường hợp thực hành)",Tạo ứng suất dư nén bề mặt để cải thiện khả năng chống mỏi,Tạo ren,Đo độ nhám,Tạo anodize,A,Shot peening được dùng để tạo ứng suất nén dư bề mặt.,surface treatment = xử lý bề mặt; coating = lớp phủ; roughness = độ nhám
889,H. Xử lý bề mặt,Surface treatment & finishing,Intermediate,"Trong kiểm soát hoàn thiện bề mặt, Trong kiểm soát hoàn thiện bề mặt, Deburring là công đoạn gì? (trường hợp thực hành)",Loại bỏ bavia và cạnh sắc không mong muốn,Tạo dung sai mới,Đổi vật liệu,Đo độ cứng,A,Deburring loại bỏ phần vật liệu dư sắc.,surface treatment = xử lý bề mặt; coating = lớp phủ; roughness = độ nhám
890,H. Xử lý bề mặt,Surface treatment & finishing,Intermediate,"Trong kiểm soát hoàn thiện bề mặt, Trong kiểm soát hoàn thiện bề mặt, Cleaning trước xử lý bề mặt quan trọng vì sao? (trường hợp thực hành)",Tăng khối lượng riêng,Làm tăng đường kính,Tạo ren tự động,"Dầu, bụi và chất bẩn có thể làm giảm độ bám hoặc gây lỗi lớp xử lý",D,Bề mặt sạch giúp quá trình xử lý ổn định và bám tốt hơn.,surface treatment = xử lý bề mặt; coating = lớp phủ; roughness = độ nhám
891,H. Xử lý bề mặt,Surface treatment & finishing,Intermediate,"Trong kiểm soát hoàn thiện bề mặt, Trong kiểm soát hoàn thiện bề mặt, Anodizing nhôm tạo lớp bảo vệ chủ yếu trên bề mặt bằng cách nào? (trường hợp thực hành)",Phun cát tạo vật liệu mới,Tôi thép,Tạo lớp oxit nhôm có kiểm soát bằng quá trình điện hóa,Mạ kẽm nóng,C,Anodizing tạo lớp oxide trên nhôm bằng quá trình điện hóa.,surface treatment = xử lý bề mặt; coating = lớp phủ; roughness = độ nhám
892,H. Xử lý bề mặt,Surface treatment & finishing,Intermediate,"Trong kiểm soát hoàn thiện bề mặt, Trong kiểm soát hoàn thiện bề mặt, White anodize khác màu anodize chủ yếu ở yếu tố nào? (trường hợp thực hành)",Tạo ren mới,Màu/hoàn thiện bề mặt của lớp anodize,Đổi vật liệu nền thành thép,Thay đổi đường kính danh nghĩa,B,"Màu là đặc tính hoàn thiện, không đồng nghĩa thay đổi vật liệu nền.",surface treatment = xử lý bề mặt; coating = lớp phủ; roughness = độ nhám
893,H. Xử lý bề mặt,Surface treatment & finishing,Intermediate,"Trong kiểm soát hoàn thiện bề mặt, Trong kiểm soát hoàn thiện bề mặt, Passivation inox nhằm mục đích chính gì? (trường hợp thực hành)",Tăng khả năng hình thành/duy trì màng thụ động và loại nhiễm sắt tự do phù hợp quy trình,Tăng độ cứng gấp đôi,Tạo lớp nhựa,Tạo ren,A,Passivation hỗ trợ khả năng chống ăn mòn của inox khi thực hiện đúng quy trình.,surface treatment = xử lý bề mặt; coating = lớp phủ; roughness = độ nhám
894,H. Xử lý bề mặt,Surface treatment & finishing,Intermediate,"Trong kiểm soát hoàn thiện bề mặt, Trong kiểm soát hoàn thiện bề mặt, Electropolishing thường làm gì với bề mặt kim loại? (trường hợp thực hành)",Tăng độ dày nền lớn,Tạo ren sâu,Loại vật liệu vi mô có chọn lọc để làm bề mặt sạch và nhẵn hơn,Tăng bavia,C,Electropolishing có thể làm giảm nhám và cải thiện độ sạch bề mặt.,surface treatment = xử lý bề mặt; coating = lớp phủ; roughness = độ nhám
895,H. Xử lý bề mặt,Surface treatment & finishing,Intermediate,"Trong kiểm soát hoàn thiện bề mặt, Trong kiểm soát hoàn thiện bề mặt, Bead blasting thường được dùng để làm gì? (trường hợp thực hành)",Tăng hàm lượng carbon,Tạo lỗ xuyên,Tạo/điều chỉnh texture bề mặt và làm sạch theo yêu cầu,Tăng kích thước danh nghĩa,C,Hạt phun tạo texture và có thể làm sạch bề mặt.,surface treatment = xử lý bề mặt; coating = lớp phủ; roughness = độ nhám
896,H. Xử lý bề mặt,Surface treatment & finishing,Intermediate,"Trong kiểm soát hoàn thiện bề mặt, Trong kiểm soát hoàn thiện bề mặt, Polishing khác grinding ở điểm nào? (trường hợp thực hành)",Polishing luôn bóc vật liệu nhiều hơn grinding,Polishing là xử lý nhiệt,Grinding không dùng hạt mài,Polishing thường hướng tới hoàn thiện bề mặt mịn hơn với lượng bóc vật liệu nhỏ hơn,D,Polishing thường là bước hoàn thiện với mục tiêu nhám thấp.,surface treatment = xử lý bề mặt; coating = lớp phủ; roughness = độ nhám
897,H. Xử lý bề mặt,Surface treatment & finishing,Intermediate,"Trong kiểm soát hoàn thiện bề mặt, Trong kiểm soát hoàn thiện bề mặt, Ra trong độ nhám bề mặt là gì? (trường hợp thực hành)",Đường kính,Một tham số biểu diễn độ nhám trung bình số học theo biên dạng đo,Độ cứng,Độ tròn,B,Ra là tham số độ nhám phổ biến.,surface treatment = xử lý bề mặt; coating = lớp phủ; roughness = độ nhám
898,H. Xử lý bề mặt,Surface treatment & finishing,Intermediate,"Trong kiểm soát hoàn thiện bề mặt, Trong kiểm soát hoàn thiện bề mặt, Vết xước định hướng sau gia công có thể ảnh hưởng gì? (trường hợp thực hành)",Độ nhám và chức năng tiếp xúc của bề mặt,Đơn vị bản vẽ,Số revision,Mã vật liệu,A,"Texture và nhám có thể ảnh hưởng làm kín, ma sát và tiếp xúc.",surface treatment = xử lý bề mặt; coating = lớp phủ; roughness = độ nhám
899,H. Xử lý bề mặt,Surface treatment & finishing,Intermediate,"Trong kiểm soát hoàn thiện bề mặt, Trong kiểm soát hoàn thiện bề mặt, Coating PVD thường có mục đích nào? (trường hợp thực hành)",Tạo lỗ ren,Tạo lớp phủ mỏng tăng khả năng chống mài mòn/điều chỉnh tính bề mặt,Tăng khối lượng chi tiết gấp 10 lần,Thay thế hoàn toàn vật liệu nền,B,PVD tạo lớp phủ mỏng trên bề mặt để cải thiện tính năng.,surface treatment = xử lý bề mặt; coating = lớp phủ; roughness = độ nhám
900,H. Xử lý bề mặt,Surface treatment & finishing,Intermediate,"Trong kiểm soát hoàn thiện bề mặt, Trong kiểm soát hoàn thiện bề mặt, Mạ niken thường được dùng để cải thiện gì? (trường hợp thực hành)",Tạo vật liệu ceramic bên trong,Đổi kích thước danh nghĩa tự động,"Chống ăn mòn, chống mài mòn hoặc tạo tính chất bề mặt tùy hệ mạ",Giảm độ dày về 0,C,Nickel plating có nhiều mục tiêu tùy quy trình và hệ vật liệu.,surface treatment = xử lý bề mặt; coating = lớp phủ; roughness = độ nhám
901,C. Dung sai kích thước,Limits & fits,Basic,Dung sai kích thước bằng gì?,Kích thước giới hạn lớn nhất trừ kích thước giới hạn nhỏ nhất,Độ nhám nhân chiều dài,Kích thước danh nghĩa cộng hai lần đường kính,Sai lệch trên cộng sai lệch dưới luôn theo trị tuyệt đối,A,Tolerance = upper limit − lower limit.,nominal size = kích thước danh nghĩa; limit = giới hạn; fit = lắp ghép
902,C. Dung sai kích thước,Limits & fits,Basic,Kích thước danh nghĩa dùng để làm gì?,Là kích thước thực đo duy nhất,Làm kích thước tham chiếu để xác định sai lệch/giới hạn,Là độ nhám,Là độ cứng,B,Nominal size là kích thước cơ sở của yêu cầu.,nominal size = kích thước danh nghĩa; limit = giới hạn; fit = lắp ghép
903,C. Dung sai kích thước,Limits & fits,Basic,Allowance trong lắp ghép là gì?,Độ vuông góc,Độ chênh có chủ ý giữa kích thước hai chi tiết khi ở trạng thái giới hạn phù hợp quy ước,Độ nhám,Chiều sâu lỗ,B,Allowance mô tả độ chênh giới hạn giữa hai mating features theo quy ước.,nominal size = kích thước danh nghĩa; limit = giới hạn; fit = lắp ghép
904,C. Dung sai kích thước,Limits & fits,Basic,Interference fit có đặc điểm gì?,Chỉ dùng cho ren,Không có tiếp xúc,Trục lớn hơn lỗ trong trạng thái lắp gây độ dôi,Luôn có khe hở lớn,C,Interference fit tạo độ dôi giữa trục và lỗ.,nominal size = kích thước danh nghĩa; limit = giới hạn; fit = lắp ghép
905,C. Dung sai kích thước,Limits & fits,Basic,Clearance fit có đặc điểm gì?,Luôn có khe hở sau khi lắp theo giới hạn thiết kế,Luôn có độ dôi,Không thể tháo,Chỉ dùng cho hàn,A,Clearance fit có khe hở dương theo hệ giới hạn.,nominal size = kích thước danh nghĩa; limit = giới hạn; fit = lắp ghép
906,C. Dung sai kích thước,Limits & fits,Basic,"Trong kiểm tra yêu cầu kích thước, Dung sai kích thước bằng gì?",Sai lệch trên cộng sai lệch dưới luôn theo trị tuyệt đối,Kích thước giới hạn lớn nhất trừ kích thước giới hạn nhỏ nhất,Độ nhám nhân chiều dài,Kích thước danh nghĩa cộng hai lần đường kính,B,Tolerance = upper limit − lower limit.,nominal size = kích thước danh nghĩa; limit = giới hạn; fit = lắp ghép
907,C. Dung sai kích thước,Limits & fits,Basic,"Trong kiểm tra yêu cầu kích thước, Kích thước danh nghĩa dùng để làm gì?",Làm kích thước tham chiếu để xác định sai lệch/giới hạn,Là độ cứng,Là độ nhám,Là kích thước thực đo duy nhất,A,Nominal size là kích thước cơ sở của yêu cầu.,nominal size = kích thước danh nghĩa; limit = giới hạn; fit = lắp ghép
908,C. Dung sai kích thước,Limits & fits,Basic,"Trong kiểm tra yêu cầu kích thước, Allowance trong lắp ghép là gì?",Độ vuông góc,Độ chênh có chủ ý giữa kích thước hai chi tiết khi ở trạng thái giới hạn phù hợp quy ước,Chiều sâu lỗ,Độ nhám,B,Allowance mô tả độ chênh giới hạn giữa hai mating features theo quy ước.,nominal size = kích thước danh nghĩa; limit = giới hạn; fit = lắp ghép
909,C. Dung sai kích thước,Limits & fits,Basic,"Trong kiểm tra yêu cầu kích thước, Interference fit có đặc điểm gì?",Chỉ dùng cho ren,Luôn có khe hở lớn,Không có tiếp xúc,Trục lớn hơn lỗ trong trạng thái lắp gây độ dôi,D,Interference fit tạo độ dôi giữa trục và lỗ.,nominal size = kích thước danh nghĩa; limit = giới hạn; fit = lắp ghép
910,C. Dung sai kích thước,Limits & fits,Basic,"Trong kiểm tra yêu cầu kích thước, Clearance fit có đặc điểm gì?",Luôn có độ dôi,Không thể tháo,Luôn có khe hở sau khi lắp theo giới hạn thiết kế,Chỉ dùng cho hàn,C,Clearance fit có khe hở dương theo hệ giới hạn.,nominal size = kích thước danh nghĩa; limit = giới hạn; fit = lắp ghép
911,C. Dung sai kích thước,Limits & fits,Basic,"Trong kiểm tra yêu cầu kích thước, Trong kiểm tra yêu cầu kích thước, Dung sai kích thước bằng gì? (trường hợp thực hành)",Kích thước giới hạn lớn nhất trừ kích thước giới hạn nhỏ nhất,Độ nhám nhân chiều dài,Sai lệch trên cộng sai lệch dưới luôn theo trị tuyệt đối,Kích thước danh nghĩa cộng hai lần đường kính,A,Tolerance = upper limit − lower limit.,nominal size = kích thước danh nghĩa; limit = giới hạn; fit = lắp ghép
912,C. Dung sai kích thước,Limits & fits,Basic,"Trong kiểm tra yêu cầu kích thước, Trong kiểm tra yêu cầu kích thước, Kích thước danh nghĩa dùng để làm gì? (trường hợp thực hành)",Là độ nhám,Là độ cứng,Là kích thước thực đo duy nhất,Làm kích thước tham chiếu để xác định sai lệch/giới hạn,D,Nominal size là kích thước cơ sở của yêu cầu.,nominal size = kích thước danh nghĩa; limit = giới hạn; fit = lắp ghép
913,C. Dung sai kích thước,Limits & fits,Basic,"Trong kiểm tra yêu cầu kích thước, Trong kiểm tra yêu cầu kích thước, Allowance trong lắp ghép là gì? (trường hợp thực hành)",Độ chênh có chủ ý giữa kích thước hai chi tiết khi ở trạng thái giới hạn phù hợp quy ước,Chiều sâu lỗ,Độ vuông góc,Độ nhám,A,Allowance mô tả độ chênh giới hạn giữa hai mating features theo quy ước.,nominal size = kích thước danh nghĩa; limit = giới hạn; fit = lắp ghép
914,C. Dung sai kích thước,Limits & fits,Basic,"Trong kiểm tra yêu cầu kích thước, Trong kiểm tra yêu cầu kích thước, Interference fit có đặc điểm gì? (trường hợp thực hành)",Chỉ dùng cho ren,Không có tiếp xúc,Luôn có khe hở lớn,Trục lớn hơn lỗ trong trạng thái lắp gây độ dôi,D,Interference fit tạo độ dôi giữa trục và lỗ.,nominal size = kích thước danh nghĩa; limit = giới hạn; fit = lắp ghép
915,C. Dung sai kích thước,Limits & fits,Basic,"Trong kiểm tra yêu cầu kích thước, Trong kiểm tra yêu cầu kích thước, Clearance fit có đặc điểm gì? (trường hợp thực hành)",Luôn có độ dôi,Luôn có khe hở sau khi lắp theo giới hạn thiết kế,Không thể tháo,Chỉ dùng cho hàn,B,Clearance fit có khe hở dương theo hệ giới hạn.,nominal size = kích thước danh nghĩa; limit = giới hạn; fit = lắp ghép
916,C. Dung sai kích thước,Limits & fits,Basic,"Trong kiểm tra yêu cầu kích thước, Trong kiểm tra yêu cầu kích thước, Dung sai kích thước bằng gì? (trường hợp thực hành)",Độ nhám nhân chiều dài,Kích thước giới hạn lớn nhất trừ kích thước giới hạn nhỏ nhất,Kích thước danh nghĩa cộng hai lần đường kính,Sai lệch trên cộng sai lệch dưới luôn theo trị tuyệt đối,B,Tolerance = upper limit − lower limit.,nominal size = kích thước danh nghĩa; limit = giới hạn; fit = lắp ghép
917,C. Dung sai kích thước,Limits & fits,Basic,"Trong kiểm tra yêu cầu kích thước, Trong kiểm tra yêu cầu kích thước, Kích thước danh nghĩa dùng để làm gì? (trường hợp thực hành)",Là độ nhám,Làm kích thước tham chiếu để xác định sai lệch/giới hạn,Là độ cứng,Là kích thước thực đo duy nhất,B,Nominal size là kích thước cơ sở của yêu cầu.,nominal size = kích thước danh nghĩa; limit = giới hạn; fit = lắp ghép
918,C. Dung sai kích thước,Limits & fits,Basic,"Trong kiểm tra yêu cầu kích thước, Trong kiểm tra yêu cầu kích thước, Allowance trong lắp ghép là gì? (trường hợp thực hành)",Độ chênh có chủ ý giữa kích thước hai chi tiết khi ở trạng thái giới hạn phù hợp quy ước,Chiều sâu lỗ,Độ nhám,Độ vuông góc,A,Allowance mô tả độ chênh giới hạn giữa hai mating features theo quy ước.,nominal size = kích thước danh nghĩa; limit = giới hạn; fit = lắp ghép
919,C. Dung sai kích thước,Limits & fits,Basic,"Trong kiểm tra yêu cầu kích thước, Trong kiểm tra yêu cầu kích thước, Interference fit có đặc điểm gì? (trường hợp thực hành)",Không có tiếp xúc,Luôn có khe hở lớn,Trục lớn hơn lỗ trong trạng thái lắp gây độ dôi,Chỉ dùng cho ren,C,Interference fit tạo độ dôi giữa trục và lỗ.,nominal size = kích thước danh nghĩa; limit = giới hạn; fit = lắp ghép
920,C. Dung sai kích thước,Limits & fits,Basic,"Trong kiểm tra yêu cầu kích thước, Trong kiểm tra yêu cầu kích thước, Clearance fit có đặc điểm gì? (trường hợp thực hành)",Luôn có khe hở sau khi lắp theo giới hạn thiết kế,Luôn có độ dôi,Chỉ dùng cho hàn,Không thể tháo,A,Clearance fit có khe hở dương theo hệ giới hạn.,nominal size = kích thước danh nghĩa; limit = giới hạn; fit = lắp ghép
921,D. GD&T,Fundamentals,Intermediate,Flatness kiểm soát điều gì?,"Độ phẳng của một bề mặt, không cần datum",Độ đồng tâm,Kích thước ren,Vị trí so với datum,A,Flatness controls a surface between two parallel planes.,datum = chuẩn; feature control frame = khung dung sai; tolerance zone = vùng dung sai
922,D. GD&T,Fundamentals,Intermediate,Straightness của một surface element kiểm soát gì?,Độ thẳng của phần tử đường trên bề mặt,Độ phẳng toàn mặt,Độ vuông góc với datum,Vị trí lỗ,A,Surface straightness can control line elements without a datum.,datum = chuẩn; feature control frame = khung dung sai; tolerance zone = vùng dung sai
923,D. GD&T,Fundamentals,Intermediate,Perpendicularity của một bề mặt so với datum A kiểm soát gì?,Kích thước danh nghĩa,Màu bề mặt,Bề mặt nằm trong vùng dung sai vuông góc với datum A,Độ nhám,C,Perpendicularity controls orientation relative to a datum.,datum = chuẩn; feature control frame = khung dung sai; tolerance zone = vùng dung sai
924,D. GD&T,Fundamentals,Intermediate,Position của lỗ thường dùng để kiểm soát gì?,Vị trí trục/feature so với datum reference frame,Màu lỗ,Khối lượng chi tiết,Độ nhám lỗ,A,Position controls location within a cylindrical or related tolerance zone.,datum = chuẩn; feature control frame = khung dung sai; tolerance zone = vùng dung sai
925,D. GD&T,Fundamentals,Intermediate,MMC là gì?,Điều kiện vật liệu lớn nhất của feature,Độ nhám lớn nhất,Điều kiện vật liệu nhỏ nhất,Kích thước danh nghĩa,A,MMC is maximum material condition.,datum = chuẩn; feature control frame = khung dung sai; tolerance zone = vùng dung sai
926,D. GD&T,Fundamentals,Intermediate,LMC là gì?,Datum phụ,Độ nhám nhỏ nhất,Điều kiện vật liệu nhỏ nhất của feature,Kích thước lớn nhất của toàn chi tiết,C,LMC is least material condition.,datum = chuẩn; feature control frame = khung dung sai; tolerance zone = vùng dung sai
927,D. GD&T,Fundamentals,Intermediate,Bonus tolerance trong position có MMC phát sinh khi nào?,Khi độ nhám giảm,Khi feature thực tế rời khỏi MMC theo hướng cho phép,Khi đổi vật liệu,Khi nhiệt độ tăng,B,MMC modifier can create bonus tolerance equal to departure from MMC.,datum = chuẩn; feature control frame = khung dung sai; tolerance zone = vùng dung sai
928,D. GD&T,Fundamentals,Intermediate,Datum feature symbol dùng để làm gì?,Xác định feature được dùng làm datum reference,Xác định độ nhám,Xác định revision,Xác định vật liệu,A,Datum feature establishes the reference used by GD&T controls.,datum = chuẩn; feature control frame = khung dung sai; tolerance zone = vùng dung sai
929,D. GD&T,Fundamentals,Intermediate,"Trong kiểm tra yêu cầu GD&T, Flatness kiểm soát điều gì?",Vị trí so với datum,Kích thước ren,Độ đồng tâm,"Độ phẳng của một bề mặt, không cần datum",D,Flatness controls a surface between two parallel planes.,datum = chuẩn; feature control frame = khung dung sai; tolerance zone = vùng dung sai
930,D. GD&T,Fundamentals,Intermediate,"Trong kiểm tra yêu cầu GD&T, Straightness của một surface element kiểm soát gì?",Độ phẳng toàn mặt,Độ thẳng của phần tử đường trên bề mặt,Độ vuông góc với datum,Vị trí lỗ,B,Surface straightness can control line elements without a datum.,datum = chuẩn; feature control frame = khung dung sai; tolerance zone = vùng dung sai
931,D. GD&T,Fundamentals,Intermediate,"Trong kiểm tra yêu cầu GD&T, Perpendicularity của một bề mặt so với datum A kiểm soát gì?",Màu bề mặt,Kích thước danh nghĩa,Bề mặt nằm trong vùng dung sai vuông góc với datum A,Độ nhám,C,Perpendicularity controls orientation relative to a datum.,datum = chuẩn; feature control frame = khung dung sai; tolerance zone = vùng dung sai
932,D. GD&T,Fundamentals,Intermediate,"Trong kiểm tra yêu cầu GD&T, Position của lỗ thường dùng để kiểm soát gì?",Màu lỗ,Vị trí trục/feature so với datum reference frame,Khối lượng chi tiết,Độ nhám lỗ,B,Position controls location within a cylindrical or related tolerance zone.,datum = chuẩn; feature control frame = khung dung sai; tolerance zone = vùng dung sai
933,D. GD&T,Fundamentals,Intermediate,"Trong kiểm tra yêu cầu GD&T, MMC là gì?",Điều kiện vật liệu nhỏ nhất,Độ nhám lớn nhất,Kích thước danh nghĩa,Điều kiện vật liệu lớn nhất của feature,D,MMC is maximum material condition.,datum = chuẩn; feature control frame = khung dung sai; tolerance zone = vùng dung sai
934,D. GD&T,Fundamentals,Intermediate,"Trong kiểm tra yêu cầu GD&T, LMC là gì?",Điều kiện vật liệu nhỏ nhất của feature,Kích thước lớn nhất của toàn chi tiết,Datum phụ,Độ nhám nhỏ nhất,A,LMC is least material condition.,datum = chuẩn; feature control frame = khung dung sai; tolerance zone = vùng dung sai
935,D. GD&T,Fundamentals,Intermediate,"Trong kiểm tra yêu cầu GD&T, Bonus tolerance trong position có MMC phát sinh khi nào?",Khi đổi vật liệu,Khi độ nhám giảm,Khi feature thực tế rời khỏi MMC theo hướng cho phép,Khi nhiệt độ tăng,C,MMC modifier can create bonus tolerance equal to departure from MMC.,datum = chuẩn; feature control frame = khung dung sai; tolerance zone = vùng dung sai
936,D. GD&T,Fundamentals,Intermediate,"Trong kiểm tra yêu cầu GD&T, Datum feature symbol dùng để làm gì?",Xác định revision,Xác định feature được dùng làm datum reference,Xác định vật liệu,Xác định độ nhám,B,Datum feature establishes the reference used by GD&T controls.,datum = chuẩn; feature control frame = khung dung sai; tolerance zone = vùng dung sai
937,D. GD&T,Fundamentals,Intermediate,"Trong kiểm tra yêu cầu GD&T, Trong kiểm tra yêu cầu GD&T, Flatness kiểm soát điều gì? (trường hợp thực hành)","Độ phẳng của một bề mặt, không cần datum",Kích thước ren,Độ đồng tâm,Vị trí so với datum,A,Flatness controls a surface between two parallel planes.,datum = chuẩn; feature control frame = khung dung sai; tolerance zone = vùng dung sai
938,D. GD&T,Fundamentals,Intermediate,"Trong kiểm tra yêu cầu GD&T, Trong kiểm tra yêu cầu GD&T, Straightness của một surface element kiểm soát gì? (trường hợp thực hành)",Độ phẳng toàn mặt,Độ vuông góc với datum,Độ thẳng của phần tử đường trên bề mặt,Vị trí lỗ,C,Surface straightness can control line elements without a datum.,datum = chuẩn; feature control frame = khung dung sai; tolerance zone = vùng dung sai
939,D. GD&T,Fundamentals,Intermediate,"Trong kiểm tra yêu cầu GD&T, Trong kiểm tra yêu cầu GD&T, Perpendicularity của một bề mặt so với datum A kiểm soát gì? (trường hợp thực hành)",Kích thước danh nghĩa,Màu bề mặt,Độ nhám,Bề mặt nằm trong vùng dung sai vuông góc với datum A,D,Perpendicularity controls orientation relative to a datum.,datum = chuẩn; feature control frame = khung dung sai; tolerance zone = vùng dung sai
940,D. GD&T,Fundamentals,Intermediate,"Trong kiểm tra yêu cầu GD&T, Trong kiểm tra yêu cầu GD&T, Position của lỗ thường dùng để kiểm soát gì? (trường hợp thực hành)",Màu lỗ,Vị trí trục/feature so với datum reference frame,Khối lượng chi tiết,Độ nhám lỗ,B,Position controls location within a cylindrical or related tolerance zone.,datum = chuẩn; feature control frame = khung dung sai; tolerance zone = vùng dung sai
941,D. GD&T,Fundamentals,Intermediate,"Trong kiểm tra yêu cầu GD&T, Trong kiểm tra yêu cầu GD&T, MMC là gì? (trường hợp thực hành)",Điều kiện vật liệu lớn nhất của feature,Điều kiện vật liệu nhỏ nhất,Kích thước danh nghĩa,Độ nhám lớn nhất,A,MMC is maximum material condition.,datum = chuẩn; feature control frame = khung dung sai; tolerance zone = vùng dung sai
942,D. GD&T,Fundamentals,Intermediate,"Trong kiểm tra yêu cầu GD&T, Trong kiểm tra yêu cầu GD&T, LMC là gì? (trường hợp thực hành)",Kích thước lớn nhất của toàn chi tiết,Điều kiện vật liệu nhỏ nhất của feature,Datum phụ,Độ nhám nhỏ nhất,B,LMC is least material condition.,datum = chuẩn; feature control frame = khung dung sai; tolerance zone = vùng dung sai
943,D. GD&T,Fundamentals,Intermediate,"Trong kiểm tra yêu cầu GD&T, Trong kiểm tra yêu cầu GD&T, Bonus tolerance trong position có MMC phát sinh khi nào? (trường hợp thực hành)",Khi feature thực tế rời khỏi MMC theo hướng cho phép,Khi độ nhám giảm,Khi đổi vật liệu,Khi nhiệt độ tăng,A,MMC modifier can create bonus tolerance equal to departure from MMC.,datum = chuẩn; feature control frame = khung dung sai; tolerance zone = vùng dung sai
944,D. GD&T,Fundamentals,Intermediate,"Trong kiểm tra yêu cầu GD&T, Trong kiểm tra yêu cầu GD&T, Datum feature symbol dùng để làm gì? (trường hợp thực hành)",Xác định feature được dùng làm datum reference,Xác định độ nhám,Xác định vật liệu,Xác định revision,A,Datum feature establishes the reference used by GD&T controls.,datum = chuẩn; feature control frame = khung dung sai; tolerance zone = vùng dung sai
945,D. GD&T,Fundamentals,Intermediate,"Trong kiểm tra yêu cầu GD&T, Trong kiểm tra yêu cầu GD&T, Flatness kiểm soát điều gì? (trường hợp thực hành)","Độ phẳng của một bề mặt, không cần datum",Độ đồng tâm,Vị trí so với datum,Kích thước ren,A,Flatness controls a surface between two parallel planes.,datum = chuẩn; feature control frame = khung dung sai; tolerance zone = vùng dung sai
946,D. GD&T,Fundamentals,Intermediate,"Trong kiểm tra yêu cầu GD&T, Trong kiểm tra yêu cầu GD&T, Straightness của một surface element kiểm soát gì? (trường hợp thực hành)",Độ vuông góc với datum,Độ phẳng toàn mặt,Độ thẳng của phần tử đường trên bề mặt,Vị trí lỗ,C,Surface straightness can control line elements without a datum.,datum = chuẩn; feature control frame = khung dung sai; tolerance zone = vùng dung sai
947,D. GD&T,Fundamentals,Intermediate,"Trong kiểm tra yêu cầu GD&T, Trong kiểm tra yêu cầu GD&T, Perpendicularity của một bề mặt so với datum A kiểm soát gì? (trường hợp thực hành)",Bề mặt nằm trong vùng dung sai vuông góc với datum A,Màu bề mặt,Độ nhám,Kích thước danh nghĩa,A,Perpendicularity controls orientation relative to a datum.,datum = chuẩn; feature control frame = khung dung sai; tolerance zone = vùng dung sai
948,D. GD&T,Fundamentals,Intermediate,"Trong kiểm tra yêu cầu GD&T, Trong kiểm tra yêu cầu GD&T, Position của lỗ thường dùng để kiểm soát gì? (trường hợp thực hành)",Vị trí trục/feature so với datum reference frame,Khối lượng chi tiết,Màu lỗ,Độ nhám lỗ,A,Position controls location within a cylindrical or related tolerance zone.,datum = chuẩn; feature control frame = khung dung sai; tolerance zone = vùng dung sai
949,D. GD&T,Fundamentals,Intermediate,"Trong kiểm tra yêu cầu GD&T, Trong kiểm tra yêu cầu GD&T, MMC là gì? (trường hợp thực hành)",Kích thước danh nghĩa,Độ nhám lớn nhất,Điều kiện vật liệu nhỏ nhất,Điều kiện vật liệu lớn nhất của feature,D,MMC is maximum material condition.,datum = chuẩn; feature control frame = khung dung sai; tolerance zone = vùng dung sai
950,D. GD&T,Fundamentals,Intermediate,"Trong kiểm tra yêu cầu GD&T, Trong kiểm tra yêu cầu GD&T, LMC là gì? (trường hợp thực hành)",Điều kiện vật liệu nhỏ nhất của feature,Độ nhám nhỏ nhất,Datum phụ,Kích thước lớn nhất của toàn chi tiết,A,LMC is least material condition.,datum = chuẩn; feature control frame = khung dung sai; tolerance zone = vùng dung sai
951,B. Đọc bản vẽ cơ khí,Drawing conventions,Basic,Hình cắt section view được dùng chủ yếu để làm gì?,Xác định màu sơn,Thể hiện cấu tạo bên trong bằng cách tưởng tượng cắt chi tiết,Tạo ren tự động,Đo độ cứng,B,Section view giúp thể hiện các đặc trưng bên trong.,section view = hình cắt; detail view = hình trích; scale = tỷ lệ
952,B. Đọc bản vẽ cơ khí,Drawing conventions,Basic,Đường tâm trong bản vẽ thường biểu diễn bằng loại nét nào?,Nét liền đậm toàn bộ,Nét gạch chấm mảnh theo quy ước,Nét tô màu,Nét ziczac dày,B,Centerline thường dùng chain line mảnh theo tiêu chuẩn áp dụng.,section view = hình cắt; detail view = hình trích; scale = tỷ lệ
953,B. Đọc bản vẽ cơ khí,Drawing conventions,Basic,Scale 2:1 trên bản vẽ nghĩa là gì?,Đổi mm thành inch,Giảm một nửa kích thước thực,Hình vẽ lớn gấp 2 lần kích thước thực,Chi tiết thực lớn gấp 2 lần hình,C,2:1 là tỷ lệ phóng đại.,section view = hình cắt; detail view = hình trích; scale = tỷ lệ
954,B. Đọc bản vẽ cơ khí,Drawing conventions,Basic,Ký hiệu đường kính Ø12 trên bản vẽ chỉ gì?,Đường kính 12 mm nếu đơn vị bản vẽ là mm,Độ nhám 12,Bán kính 12 mm,Chiều sâu 12 mm,A,Ø chỉ đường kính.,section view = hình cắt; detail view = hình trích; scale = tỷ lệ
955,B. Đọc bản vẽ cơ khí,Drawing conventions,Basic,"Khi đọc bản vẽ chế tạo, Hình cắt section view được dùng chủ yếu để làm gì?",Thể hiện cấu tạo bên trong bằng cách tưởng tượng cắt chi tiết,Tạo ren tự động,Đo độ cứng,Xác định màu sơn,A,Section view giúp thể hiện các đặc trưng bên trong.,section view = hình cắt; detail view = hình trích; scale = tỷ lệ
956,B. Đọc bản vẽ cơ khí,Drawing conventions,Basic,"Khi đọc bản vẽ chế tạo, Đường tâm trong bản vẽ thường biểu diễn bằng loại nét nào?",Nét gạch chấm mảnh theo quy ước,Nét ziczac dày,Nét tô màu,Nét liền đậm toàn bộ,A,Centerline thường dùng chain line mảnh theo tiêu chuẩn áp dụng.,section view = hình cắt; detail view = hình trích; scale = tỷ lệ
957,B. Đọc bản vẽ cơ khí,Drawing conventions,Basic,"Khi đọc bản vẽ chế tạo, Scale 2:1 trên bản vẽ nghĩa là gì?",Giảm một nửa kích thước thực,Chi tiết thực lớn gấp 2 lần hình,Đổi mm thành inch,Hình vẽ lớn gấp 2 lần kích thước thực,D,2:1 là tỷ lệ phóng đại.,section view = hình cắt; detail view = hình trích; scale = tỷ lệ
958,B. Đọc bản vẽ cơ khí,Drawing conventions,Basic,"Khi đọc bản vẽ chế tạo, Ký hiệu đường kính Ø12 trên bản vẽ chỉ gì?",Đường kính 12 mm nếu đơn vị bản vẽ là mm,Độ nhám 12,Bán kính 12 mm,Chiều sâu 12 mm,A,Ø chỉ đường kính.,section view = hình cắt; detail view = hình trích; scale = tỷ lệ
959,B. Đọc bản vẽ cơ khí,Drawing conventions,Basic,"Khi đọc bản vẽ chế tạo, Khi đọc bản vẽ chế tạo, Hình cắt section view được dùng chủ yếu để làm gì? (trường hợp thực hành)",Thể hiện cấu tạo bên trong bằng cách tưởng tượng cắt chi tiết,Xác định màu sơn,Tạo ren tự động,Đo độ cứng,A,Section view giúp thể hiện các đặc trưng bên trong.,section view = hình cắt; detail view = hình trích; scale = tỷ lệ
960,B. Đọc bản vẽ cơ khí,Drawing conventions,Basic,"Khi đọc bản vẽ chế tạo, Khi đọc bản vẽ chế tạo, Đường tâm trong bản vẽ thường biểu diễn bằng loại nét nào? (trường hợp thực hành)",Nét gạch chấm mảnh theo quy ước,Nét tô màu,Nét ziczac dày,Nét liền đậm toàn bộ,A,Centerline thường dùng chain line mảnh theo tiêu chuẩn áp dụng.,section view = hình cắt; detail view = hình trích; scale = tỷ lệ
961,F. Gia công CNC & DFM,Machining fundamentals,Basic,Feed rate trong phay CNC là gì?,Độ cứng phôi,Tốc độ trục chính,Tốc độ tiến dao của dụng cụ so với phôi,Đường kính dao,C,"Feed rate describes the feed motion, commonly mm/min.",cutting speed = tốc độ cắt; feed rate = lượng chạy dao; workholding = gá đặt
962,F. Gia công CNC & DFM,Machining fundamentals,Basic,Spindle speed thường được biểu diễn bằng đơn vị nào?,µm,mm/min,N/mm²,rpm,D,Spindle speed is revolutions per minute.,cutting speed = tốc độ cắt; feed rate = lượng chạy dao; workholding = gá đặt
963,F. Gia công CNC & DFM,Machining fundamentals,Basic,Chip load trong phay là gì?,Độ nhám Ra,Độ sâu lỗ,Đường kính phôi,Lượng tiến dao trên mỗi răng dao,D,Chip load is feed per tooth.,cutting speed = tốc độ cắt; feed rate = lượng chạy dao; workholding = gá đặt
964,F. Gia công CNC & DFM,Machining fundamentals,Basic,Workholding tốt cần đảm bảo điều gì?,Thay đổi vật liệu,Làm chi tiết mềm hơn,Tăng nhiệt độ phôi,Giữ chi tiết ổn định và hạn chế biến dạng/rung,D,"Workholding affects stability, deformation and repeatability.",cutting speed = tốc độ cắt; feed rate = lượng chạy dao; workholding = gá đặt
965,F. Gia công CNC & DFM,Machining fundamentals,Basic,"Trong lập quy trình gia công CNC, Feed rate trong phay CNC là gì?",Độ cứng phôi,Tốc độ tiến dao của dụng cụ so với phôi,Đường kính dao,Tốc độ trục chính,B,"Feed rate describes the feed motion, commonly mm/min.",cutting speed = tốc độ cắt; feed rate = lượng chạy dao; workholding = gá đặt
966,F. Gia công CNC & DFM,Machining fundamentals,Basic,"Trong lập quy trình gia công CNC, Spindle speed thường được biểu diễn bằng đơn vị nào?",rpm,mm/min,N/mm²,µm,A,Spindle speed is revolutions per minute.,cutting speed = tốc độ cắt; feed rate = lượng chạy dao; workholding = gá đặt
967,F. Gia công CNC & DFM,Machining fundamentals,Basic,"Trong lập quy trình gia công CNC, Chip load trong phay là gì?",Đường kính phôi,Độ sâu lỗ,Lượng tiến dao trên mỗi răng dao,Độ nhám Ra,C,Chip load is feed per tooth.,cutting speed = tốc độ cắt; feed rate = lượng chạy dao; workholding = gá đặt
968,F. Gia công CNC & DFM,Machining fundamentals,Basic,"Trong lập quy trình gia công CNC, Workholding tốt cần đảm bảo điều gì?",Thay đổi vật liệu,Giữ chi tiết ổn định và hạn chế biến dạng/rung,Làm chi tiết mềm hơn,Tăng nhiệt độ phôi,B,"Workholding affects stability, deformation and repeatability.",cutting speed = tốc độ cắt; feed rate = lượng chạy dao; workholding = gá đặt
969,F. Gia công CNC & DFM,Machining fundamentals,Basic,"Trong lập quy trình gia công CNC, Trong lập quy trình gia công CNC, Feed rate trong phay CNC là gì? (trường hợp thực hành)",Tốc độ tiến dao của dụng cụ so với phôi,Tốc độ trục chính,Độ cứng phôi,Đường kính dao,A,"Feed rate describes the feed motion, commonly mm/min.",cutting speed = tốc độ cắt; feed rate = lượng chạy dao; workholding = gá đặt
970,F. Gia công CNC & DFM,Machining fundamentals,Basic,"Trong lập quy trình gia công CNC, Trong lập quy trình gia công CNC, Spindle speed thường được biểu diễn bằng đơn vị nào? (trường hợp thực hành)",rpm,µm,mm/min,N/mm²,A,Spindle speed is revolutions per minute.,cutting speed = tốc độ cắt; feed rate = lượng chạy dao; workholding = gá đặt
971,G. Đo kiểm,Measurement fundamentals,Basic,Calibration của dụng cụ đo nhằm mục đích gì?,Đổi đơn vị bản vẽ,Làm dụng cụ sáng hơn,Xác lập mối quan hệ giữa chỉ thị và chuẩn đo lường với độ không đảm bảo phù hợp,Tăng độ cứng chi tiết,C,Calibration establishes/validates the relationship to measurement standards.,measurement = đo lường; calibration = hiệu chuẩn; uncertainty = độ không đảm bảo đo
972,G. Đo kiểm,Measurement fundamentals,Basic,Resolution của dụng cụ đo là gì?,Độ nhám,Độ chính xác tuyệt đối,Mức thay đổi nhỏ nhất có thể phân biệt/hiển thị theo thiết kế,Độ cứng,C,Resolution is the smallest increment the instrument can resolve/display.,measurement = đo lường; calibration = hiệu chuẩn; uncertainty = độ không đảm bảo đo
973,G. Đo kiểm,Measurement fundamentals,Basic,Repeatability là khả năng nào?,Cho kết quả gần nhau khi cùng điều kiện đo được lặp lại,Không cần calibration,Tự sửa bản vẽ,Đo mọi vật liệu,A,Repeatability concerns variation under the same measurement conditions.,measurement = đo lường; calibration = hiệu chuẩn; uncertainty = độ không đảm bảo đo
974,G. Đo kiểm,Measurement fundamentals,Basic,"Trong công việc đo kiểm chất lượng, Calibration của dụng cụ đo nhằm mục đích gì?",Xác lập mối quan hệ giữa chỉ thị và chuẩn đo lường với độ không đảm bảo phù hợp,Tăng độ cứng chi tiết,Đổi đơn vị bản vẽ,Làm dụng cụ sáng hơn,A,Calibration establishes/validates the relationship to measurement standards.,measurement = đo lường; calibration = hiệu chuẩn; uncertainty = độ không đảm bảo đo
975,G. Đo kiểm,Measurement fundamentals,Basic,"Trong công việc đo kiểm chất lượng, Resolution của dụng cụ đo là gì?",Độ chính xác tuyệt đối,Mức thay đổi nhỏ nhất có thể phân biệt/hiển thị theo thiết kế,Độ cứng,Độ nhám,B,Resolution is the smallest increment the instrument can resolve/display.,measurement = đo lường; calibration = hiệu chuẩn; uncertainty = độ không đảm bảo đo
976,J. MBD / 3D PDF / PMI,MBD fundamentals,Intermediate,PMI trong MBD thường dùng để làm gì?,Thay thế vật liệu,"Mang thông tin sản xuất như kích thước, dung sai và yêu cầu trực tiếp trên mô hình",Lưu mật khẩu,Tạo đường chạy dao duy nhất,B,PMI conveys manufacturing information associated with model geometry.,3D model = mô hình 3D; PMI = thông tin sản xuất sản phẩm; revision = phiên bản
977,J. MBD / 3D PDF / PMI,MBD fundamentals,Intermediate,Authority data trong MBD nên được kiểm soát như thế nào?,Chỉ lưu ảnh chụp màn hình,Xóa revision cũ,Cho phép mọi người sửa tự do,Có revision và nguồn phát hành rõ ràng,D,Controlled authority data needs clear revision and release status.,3D model = mô hình 3D; PMI = thông tin sản xuất sản phẩm; revision = phiên bản
978,J. MBD / 3D PDF / PMI,MBD fundamentals,Intermediate,STEP AP214 thường được dùng để trao đổi gì?,Dữ liệu hình học 3D và thông tin liên quan theo schema STEP,Chỉ văn bản email,Chỉ âm thanh,Chỉ ảnh raster,A,STEP AP214 is a standardized CAD data exchange format.,3D model = mô hình 3D; PMI = thông tin sản xuất sản phẩm; revision = phiên bản
979,J. MBD / 3D PDF / PMI,MBD fundamentals,Intermediate,"Trong kiểm tra dữ liệu MBD, PMI trong MBD thường dùng để làm gì?",Tạo đường chạy dao duy nhất,Lưu mật khẩu,Thay thế vật liệu,"Mang thông tin sản xuất như kích thước, dung sai và yêu cầu trực tiếp trên mô hình",D,PMI conveys manufacturing information associated with model geometry.,3D model = mô hình 3D; PMI = thông tin sản xuất sản phẩm; revision = phiên bản
980,J. MBD / 3D PDF / PMI,MBD fundamentals,Intermediate,"Trong kiểm tra dữ liệu MBD, Authority data trong MBD nên được kiểm soát như thế nào?",Có revision và nguồn phát hành rõ ràng,Xóa revision cũ,Cho phép mọi người sửa tự do,Chỉ lưu ảnh chụp màn hình,A,Controlled authority data needs clear revision and release status.,3D model = mô hình 3D; PMI = thông tin sản xuất sản phẩm; revision = phiên bản
981,Gas system,Gasbox fundamentals,Basic,"Trong kiểm tra hệ thống Gasbox, Regulator trong hệ thống khí dùng để làm gì?",Đo độ nhám,Lọc bụi bằng điện,Giảm và duy trì áp suất đầu ra trong phạm vi điều chỉnh,Tăng lưu lượng vô hạn,C,Regulator controls downstream pressure.,pressure = áp suất; flow rate = lưu lượng; regulator = bộ điều áp
982,Gas system,Gasbox fundamentals,Basic,Flow rate là đại lượng gì?,Áp suất tuyệt đối,Độ nhám ống,Lượng khí đi qua một tiết diện trong một đơn vị thời gian,Khối lượng riêng cố định,C,Flow rate describes volumetric or mass flow per unit time.,pressure = áp suất; flow rate = lưu lượng; regulator = bộ điều áp
983,Gas system,Gasbox fundamentals,Basic,Pressure drop qua ống thường tăng khi nào?,Khi ống hoàn toàn biến mất,Khi không có dòng,Khi lưu lượng tăng hoặc trở lực đường ống tăng,Chỉ khi màu ống đổi,C,Pressure loss generally increases with flow and resistance.,pressure = áp suất; flow rate = lưu lượng; regulator = bộ điều áp
984,Gas system,Gasbox fundamentals,Basic,Leak test nhằm kiểm tra gì?,Màu anodize,Độ vuông góc,Khả năng giữ kín của hệ thống dưới điều kiện thử quy định,Độ cứng vật liệu,C,Leak testing checks system tightness.,pressure = áp suất; flow rate = lưu lượng; regulator = bộ điều áp
985,Gas system,Gasbox fundamentals,Basic,Purge đường khí nhằm mục đích gì?,Tăng độ nhám,Đẩy khí/ẩm/chất bẩn không mong muốn ra khỏi hệ thống,Tạo ren,Đổi vật liệu ống,B,Purging replaces unwanted gas or contaminants.,pressure = áp suất; flow rate = lưu lượng; regulator = bộ điều áp
986,Gas system,Gasbox fundamentals,Basic,Fitting trong hệ thống khí dùng để làm gì?,Tạo anodize,Đo nhiệt độ,Kết nối các đoạn ống hoặc thiết bị theo chuẩn phù hợp,Tăng độ cứng ống,C,Fittings provide mechanical connections.,pressure = áp suất; flow rate = lưu lượng; regulator = bộ điều áp
987,Gas system,Gasbox fundamentals,Basic,"Trong kiểm tra hệ thống Gasbox, Trong kiểm tra hệ thống Gasbox, Regulator trong hệ thống khí dùng để làm gì? (trường hợp thực hành)",Lọc bụi bằng điện,Tăng lưu lượng vô hạn,Giảm và duy trì áp suất đầu ra trong phạm vi điều chỉnh,Đo độ nhám,C,Regulator controls downstream pressure.,pressure = áp suất; flow rate = lưu lượng; regulator = bộ điều áp
988,Gas system,Gasbox fundamentals,Basic,"Trong kiểm tra hệ thống Gasbox, Flow rate là đại lượng gì?",Độ nhám ống,Lượng khí đi qua một tiết diện trong một đơn vị thời gian,Áp suất tuyệt đối,Khối lượng riêng cố định,B,Flow rate describes volumetric or mass flow per unit time.,pressure = áp suất; flow rate = lưu lượng; regulator = bộ điều áp
989,Gas system,Gasbox fundamentals,Basic,"Trong kiểm tra hệ thống Gasbox, Pressure drop qua ống thường tăng khi nào?",Khi lưu lượng tăng hoặc trở lực đường ống tăng,Khi không có dòng,Chỉ khi màu ống đổi,Khi ống hoàn toàn biến mất,A,Pressure loss generally increases with flow and resistance.,pressure = áp suất; flow rate = lưu lượng; regulator = bộ điều áp
990,Gas system,Gasbox fundamentals,Basic,"Trong kiểm tra hệ thống Gasbox, Leak test nhằm kiểm tra gì?",Độ vuông góc,Độ cứng vật liệu,Khả năng giữ kín của hệ thống dưới điều kiện thử quy định,Màu anodize,C,Leak testing checks system tightness.,pressure = áp suất; flow rate = lưu lượng; regulator = bộ điều áp
991,Gas system,Gasbox fundamentals,Basic,"Trong kiểm tra hệ thống Gasbox, Purge đường khí nhằm mục đích gì?",Đổi vật liệu ống,Tăng độ nhám,Đẩy khí/ẩm/chất bẩn không mong muốn ra khỏi hệ thống,Tạo ren,C,Purging replaces unwanted gas or contaminants.,pressure = áp suất; flow rate = lưu lượng; regulator = bộ điều áp
992,Gas system,Gasbox fundamentals,Basic,"Trong kiểm tra hệ thống Gasbox, Fitting trong hệ thống khí dùng để làm gì?",Kết nối các đoạn ống hoặc thiết bị theo chuẩn phù hợp,Tăng độ cứng ống,Tạo anodize,Đo nhiệt độ,A,Fittings provide mechanical connections.,pressure = áp suất; flow rate = lưu lượng; regulator = bộ điều áp
993,Gas system,Gasbox fundamentals,Basic,"Trong kiểm tra hệ thống Gasbox, Trong kiểm tra hệ thống Gasbox, Regulator trong hệ thống khí dùng để làm gì? (trường hợp thực hành)",Tăng lưu lượng vô hạn,Giảm và duy trì áp suất đầu ra trong phạm vi điều chỉnh,Đo độ nhám,Lọc bụi bằng điện,B,Regulator controls downstream pressure.,pressure = áp suất; flow rate = lưu lượng; regulator = bộ điều áp
994,Gas system,Gasbox fundamentals,Basic,"Trong kiểm tra hệ thống Gasbox, Trong kiểm tra hệ thống Gasbox, Flow rate là đại lượng gì? (trường hợp thực hành)",Độ nhám ống,Lượng khí đi qua một tiết diện trong một đơn vị thời gian,Áp suất tuyệt đối,Khối lượng riêng cố định,B,Flow rate describes volumetric or mass flow per unit time.,pressure = áp suất; flow rate = lưu lượng; regulator = bộ điều áp
995,Gas system,Gasbox fundamentals,Basic,"Trong kiểm tra hệ thống Gasbox, Trong kiểm tra hệ thống Gasbox, Pressure drop qua ống thường tăng khi nào? (trường hợp thực hành)",Khi không có dòng,Khi ống hoàn toàn biến mất,Khi lưu lượng tăng hoặc trở lực đường ống tăng,Chỉ khi màu ống đổi,C,Pressure loss generally increases with flow and resistance.,pressure = áp suất; flow rate = lưu lượng; regulator = bộ điều áp
996,Gas system,Gasbox fundamentals,Basic,"Trong kiểm tra hệ thống Gasbox, Trong kiểm tra hệ thống Gasbox, Leak test nhằm kiểm tra gì? (trường hợp thực hành)",Màu anodize,Độ vuông góc,Khả năng giữ kín của hệ thống dưới điều kiện thử quy định,Độ cứng vật liệu,C,Leak testing checks system tightness.,pressure = áp suất; flow rate = lưu lượng; regulator = bộ điều áp
997,Gas system,Gasbox fundamentals,Basic,"Trong kiểm tra hệ thống Gasbox, Trong kiểm tra hệ thống Gasbox, Purge đường khí nhằm mục đích gì? (trường hợp thực hành)",Tạo ren,Đẩy khí/ẩm/chất bẩn không mong muốn ra khỏi hệ thống,Tăng độ nhám,Đổi vật liệu ống,B,Purging replaces unwanted gas or contaminants.,pressure = áp suất; flow rate = lưu lượng; regulator = bộ điều áp
998,Gas system,Gasbox fundamentals,Basic,"Trong kiểm tra hệ thống Gasbox, Trong kiểm tra hệ thống Gasbox, Fitting trong hệ thống khí dùng để làm gì? (trường hợp thực hành)",Kết nối các đoạn ống hoặc thiết bị theo chuẩn phù hợp,Tạo anodize,Đo nhiệt độ,Tăng độ cứng ống,A,Fittings provide mechanical connections.,pressure = áp suất; flow rate = lưu lượng; regulator = bộ điều áp
999,Gas system,Gasbox fundamentals,Basic,"Trong kiểm tra hệ thống Gasbox, Trong kiểm tra hệ thống Gasbox, Regulator trong hệ thống khí dùng để làm gì? (trường hợp thực hành)",Tăng lưu lượng vô hạn,Lọc bụi bằng điện,Giảm và duy trì áp suất đầu ra trong phạm vi điều chỉnh,Đo độ nhám,C,Regulator controls downstream pressure.,pressure = áp suất; flow rate = lưu lượng; regulator = bộ điều áp
1000,Gas system,Gasbox fundamentals,Basic,"Trong kiểm tra hệ thống Gasbox, Trong kiểm tra hệ thống Gasbox, Flow rate là đại lượng gì? (trường hợp thực hành)",Khối lượng riêng cố định,Lượng khí đi qua một tiết diện trong một đơn vị thời gian,Áp suất tuyệt đối,Độ nhám ống,B,Flow rate describes volumetric or mass flow per unit time.,pressure = áp suất; flow rate = lưu lượng; regulator = bộ điều áp
