no,category,subcategory,level,question,A,B,C,D,correct,explanation,terms
1,A. Kiến thức cơ khí cơ bản,Units,Basic,Đơn vị SI cơ bản thường dùng cho kích thước cơ khí là gì?,mm,inch,ft,mil,A,"Trong bản vẽ cơ khí, mm là đơn vị kích thước rất phổ biến.",technical term = thuật ngữ kỹ thuật; requirement = yêu cầu; inspection = kiểm tra
2,A. Kiến thức cơ khí cơ bản,Units,Basic,1 inch bằng bao nhiêu mm?,25.4,2.54,254,0.254,A,1 inch = 25.4 mm.,technical term = thuật ngữ kỹ thuật; requirement = yêu cầu; inspection = kiểm tra
3,A. Kiến thức cơ khí cơ bản,Geometry,Basic,Ký hiệu Ø20 trên bản vẽ chỉ gì?,Bán kính 20 mm,Đường kính 20 mm,Chiều sâu 20 mm,Chu vi 20 mm,B,Ký hiệu Ø biểu thị đường kính.,technical term = thuật ngữ kỹ thuật; requirement = yêu cầu; inspection = kiểm tra
4,A. Kiến thức cơ khí cơ bản,Geometry,Basic,Ký hiệu R10 chỉ gì?,Đường kính 10 mm,Bán kính 10 mm,Độ nhám 10,Dung sai 10 mm,B,R biểu thị bán kính.,technical term = thuật ngữ kỹ thuật; requirement = yêu cầu; inspection = kiểm tra
5,A. Kiến thức cơ khí cơ bản,Thread,Basic,Ký hiệu M10 thường chỉ loại gì?,Ren hệ mét,Ren inch,Lỗ Ø10,Dung sai H10,A,M là ký hiệu ren hệ mét.,technical term = thuật ngữ kỹ thuật; requirement = yêu cầu; inspection = kiểm tra
6,A. Kiến thức cơ khí cơ bản,Thread,Basic,M10×1.5 thể hiện điều gì?,"Đường kính 10 mm, bước ren 1.5 mm","Bán kính 10 mm, bước 1.5 mm","Đường kính 1.5 mm, bước 10 mm",Ren inch 10 TPI,A,10 là đường kính danh nghĩa và 1.5 là bước ren.,technical term = thuật ngữ kỹ thuật; requirement = yêu cầu; inspection = kiểm tra
7,A. Kiến thức cơ khí cơ bản,Surface,Basic,Ra 3.2 là thông số gì?,Độ cứng,Độ nhám bề mặt,Độ tròn,Độ phẳng,B,Ra là giá trị độ nhám trung bình số học.,technical term = thuật ngữ kỹ thuật; requirement = yêu cầu; inspection = kiểm tra
8,A. Kiến thức cơ khí cơ bản,Material,Basic,A5052 là nhóm vật liệu nào?,Thép carbon,Nhôm hợp kim,Inox,Đồng,B,A5052 là hợp kim nhôm.,technical term = thuật ngữ kỹ thuật; requirement = yêu cầu; inspection = kiểm tra
9,A. Kiến thức cơ khí cơ bản,Material,Basic,SUS304 thuộc nhóm nào?,Nhôm,Thép không gỉ,Titan,Đồng,B,SUS304 là thép không gỉ austenitic phổ biến.,technical term = thuật ngữ kỹ thuật; requirement = yêu cầu; inspection = kiểm tra
10,A. Kiến thức cơ khí cơ bản,Process,Basic,Phay CNC chủ yếu dùng dụng cụ nào?,Dao phay quay,Đá mài cố định,Kim đo,Kìm,A,Dao phay quay và chuyển động tương đối với phôi để cắt.,technical term = thuật ngữ kỹ thuật; requirement = yêu cầu; inspection = kiểm tra
11,A. Kiến thức cơ khí cơ bản,Process,Basic,Tiện CNC phù hợp đặc biệt với chi tiết nào?,Chi tiết tròn xoay,Tấm phẳng lớn,Mối hàn,Chi tiết chỉ có mặt phẳng,A,Tiện rất phù hợp với các bề mặt tròn xoay.,technical term = thuật ngữ kỹ thuật; requirement = yêu cầu; inspection = kiểm tra
12,A. Kiến thức cơ khí cơ bản,Measurement,Basic,Panme ngoài dùng chủ yếu để đo gì?,Chiều dài/đường kính ngoài chính xác,Nhiệt độ,Độ nhám,Độ cứng,A,Panme ngoài dùng để đo kích thước ngoài với độ chính xác cao.,technical term = thuật ngữ kỹ thuật; requirement = yêu cầu; inspection = kiểm tra
13,A. Kiến thức cơ khí cơ bản,Measurement,Basic,Thước cặp có thể dùng để đo gì?,Chỉ đường kính ngoài,"Ngoài, trong và chiều sâu",Chỉ độ nhám,Chỉ góc,B,"Thước cặp có mỏ ngoài, mỏ trong và thanh đo sâu.",technical term = thuật ngữ kỹ thuật; requirement = yêu cầu; inspection = kiểm tra
14,A. Kiến thức cơ khí cơ bản,Drawing,Basic,Mặt cắt trên bản vẽ nhằm mục đích chính nào?,Trang trí,Thể hiện cấu tạo bên trong,Thay đổi vật liệu,Xác định giá bán,B,Mặt cắt giúp thể hiện các đặc điểm bên trong khó thấy.,technical term = thuật ngữ kỹ thuật; requirement = yêu cầu; inspection = kiểm tra
15,A. Kiến thức cơ khí cơ bản,Drawing,Basic,Nét đứt trên bản vẽ thường biểu diễn gì?,Đường bao thấy,Đường bao khuất,Đường tâm,Đường kích thước,B,Nét đứt thường dùng cho đường bao/chi tiết khuất.,technical term = thuật ngữ kỹ thuật; requirement = yêu cầu; inspection = kiểm tra
16,A. Kiến thức cơ khí cơ bản,Drawing,Basic,Nét gạch chấm mảnh thường dùng cho gì?,Đường tâm,Đường bao thấy,Mặt cắt vật liệu,Đường kích thước,A,Nét gạch chấm mảnh thường biểu diễn đường tâm/trục.,technical term = thuật ngữ kỹ thuật; requirement = yêu cầu; inspection = kiểm tra
17,A. Kiến thức cơ khí cơ bản,Safety,Basic,"Khi phát hiện kích thước trên bản vẽ mâu thuẫn, hành động phù hợp là gì?",Tự chọn kích thước mình thích,Xác nhận với người có thẩm quyền/nguồn dữ liệu kiểm soát,Bỏ qua,Tự sửa bản gốc khách hàng,B,Mâu thuẫn phải được xử lý theo quy trình kiểm soát thay đổi và dữ liệu.,technical term = thuật ngữ kỹ thuật; requirement = yêu cầu; inspection = kiểm tra
18,A. Kiến thức cơ khí cơ bản,Design,Basic,DFM là viết tắt của gì?,Design for Manufacturing,Drawing for Measurement,Data for Material,Design for Marketing,A,DFM = Design for Manufacturing.,technical term = thuật ngữ kỹ thuật; requirement = yêu cầu; inspection = kiểm tra
19,A. Kiến thức cơ khí cơ bản,Design,Basic,Mục tiêu của DFM là gì?,Làm chi tiết khó gia công hơn,"Thiết kế thuận lợi cho chế tạo, chất lượng và chi phí",Chỉ tăng số lượng kích thước,Loại bỏ kiểm tra,B,DFM giúp thiết kế phù hợp với khả năng sản xuất.,technical term = thuật ngữ kỹ thuật; requirement = yêu cầu; inspection = kiểm tra
20,A. Kiến thức cơ khí cơ bản,Process,Basic,Bavia sau gia công là gì?,Phần vật liệu dư sắc ở mép,Lớp anodize,Độ cứng,Đường tâm,A,Bavia là vật liệu dư thường xuất hiện tại mép sau gia công.,technical term = thuật ngữ kỹ thuật; requirement = yêu cầu; inspection = kiểm tra
21,A. Kiến thức cơ khí cơ bản,Heat treatment,Basic,Mục đích chung của nhiệt luyện là gì?,Thay đổi cơ tính/cấu trúc vật liệu,Đổi mã bản vẽ,Tăng số lượng lỗ,Tạo PMI,A,"Nhiệt luyện có thể điều chỉnh độ cứng, độ bền và tổ chức vật liệu.",technical term = thuật ngữ kỹ thuật; requirement = yêu cầu; inspection = kiểm tra
22,A. Kiến thức cơ khí cơ bản,Corrosion,Basic,Passivation thường áp dụng cho nhóm vật liệu nào?,Thép không gỉ,Gỗ,Nhựa ABS,Kính,A,Passivation phổ biến cho thép không gỉ để cải thiện khả năng chống ăn mòn.,technical term = thuật ngữ kỹ thuật; requirement = yêu cầu; inspection = kiểm tra
23,A. Kiến thức cơ khí cơ bản,Aluminum,Basic,Anodizing nhôm là quá trình gì?,Tạo lớp oxide có kiểm soát trên bề mặt,Mạ vàng bằng cơ học,Nhiệt luyện thép,Hàn nhôm,A,Anodizing tạo lớp oxide bảo vệ và có thể tạo màu.,technical term = thuật ngữ kỹ thuật; requirement = yêu cầu; inspection = kiểm tra
24,A. Kiến thức cơ khí cơ bản,Inspection,Basic,Một kích thước nằm ngoài giới hạn bản vẽ được đánh giá thế nào?,Luôn OK,NG nếu không có yêu cầu/điều kiện chấp nhận khác,Không cần đo lại,Tự sửa số đo,B,Kích thước ngoài giới hạn dung sai là không phù hợp.,technical term = thuật ngữ kỹ thuật; requirement = yêu cầu; inspection = kiểm tra
25,A. Kiến thức cơ khí cơ bản,Quality,Basic,Traceability trong kỹ thuật nghĩa gần nhất là gì?,Khả năng truy xuất nguồn gốc và liên kết dữ liệu,Tăng tốc độ máy,Tăng độ bóng,Giảm số bản vẽ,A,"Traceability cho phép truy ngược dữ liệu, revision và nguồn liên quan.",technical term = thuật ngữ kỹ thuật; requirement = yêu cầu; inspection = kiểm tra
26,B. Đọc bản vẽ cơ khí,Drawing symbols,Basic,Kích thước cơ bản (basic dimension) trong GD&T thường được biểu diễn như thế nào?,Trong khung chữ nhật,Trong vòng tròn,Gạch chân,Nét đứt,A,Basic dimension thường được bao bởi khung chữ nhật.,technical term = thuật ngữ kỹ thuật; requirement = yêu cầu; inspection = kiểm tra
27,B. Đọc bản vẽ cơ khí,Drawing symbols,Basic,Một kích thước reference thường dùng để làm gì?,"Tham khảo, không phải kích thước điều khiển trực tiếp",Luôn là dung sai chặt nhất,Thay datum,Thay vật liệu,A,Reference dimension chủ yếu cung cấp thông tin tham khảo.,technical term = thuật ngữ kỹ thuật; requirement = yêu cầu; inspection = kiểm tra
28,B. Đọc bản vẽ cơ khí,Drawing,Basic,Title block thường chứa thông tin nào?,"Tên chi tiết, mã, revision, vật liệu hoặc thông tin bản vẽ",Chỉ màu sắc,Chỉ số máy CNC,Chỉ tên người đo,A,Title block thường chứa thông tin nhận dạng và kiểm soát bản vẽ.,technical term = thuật ngữ kỹ thuật; requirement = yêu cầu; inspection = kiểm tra
29,B. Đọc bản vẽ cơ khí,Revision,Intermediate,Revision trên bản vẽ dùng để làm gì?,Nhận biết phiên bản thay đổi,Đo độ phẳng,Xác định tốc độ cắt,Xác định máy đo,A,Revision giúp phân biệt và truy xuất phiên bản.,technical term = thuật ngữ kỹ thuật; requirement = yêu cầu; inspection = kiểm tra
30,B. Đọc bản vẽ cơ khí,Revision,Intermediate,"Khi nhận bản vẽ khách hàng mới revision, việc đầu tiên nên làm là gì?",Kiểm tra/đăng ký revision theo quy trình kiểm soát tài liệu,Tự xóa bản cũ,Gia công ngay,Đổi tên ngẫu nhiên,A,Cần kiểm soát phiên bản trước khi sử dụng.,technical term = thuật ngữ kỹ thuật; requirement = yêu cầu; inspection = kiểm tra
31,B. Đọc bản vẽ cơ khí,Drawing,Basic,General tolerance có vai trò gì?,Áp dụng cho kích thước không có dung sai riêng nếu tiêu chuẩn bản vẽ quy định,Luôn ghi đè dung sai riêng,Chỉ áp dụng cho vật liệu,Chỉ áp dụng cho ren,A,Dung sai chung thường áp dụng cho kích thước không có dung sai riêng.,technical term = thuật ngữ kỹ thuật; requirement = yêu cầu; inspection = kiểm tra
32,B. Đọc bản vẽ cơ khí,Drawing,Basic,"Nếu kích thước có dung sai riêng và đồng thời có dung sai chung, thông thường ưu tiên gì?",Dung sai riêng trên kích thước,Dung sai chung,Tự chọn,Không có dung sai,A,Dung sai riêng cụ thể thường được ưu tiên.,technical term = thuật ngữ kỹ thuật; requirement = yêu cầu; inspection = kiểm tra
33,B. Đọc bản vẽ cơ khí,Section,Intermediate,Đường hatch trong mặt cắt thường biểu thị gì?,Vùng vật liệu bị cắt,Đường tâm,Đường kích thước,Đường ren,A,Hatch giúp nhận biết vùng vật liệu bị mặt phẳng cắt đi qua.,technical term = thuật ngữ kỹ thuật; requirement = yêu cầu; inspection = kiểm tra
34,B. Đọc bản vẽ cơ khí,Hole,Intermediate,Callout Ø10 THRU nghĩa là gì?,Lỗ đường kính 10 mm xuyên qua chi tiết,Lỗ sâu 10 mm,Ren M10,Bán kính 10,A,THRU nghĩa là lỗ xuyên suốt.,technical term = thuật ngữ kỹ thuật; requirement = yêu cầu; inspection = kiểm tra
35,B. Đọc bản vẽ cơ khí,Hole,Intermediate,Blind hole là gì?,Lỗ không xuyên suốt,Lỗ xuyên suốt,Lỗ ren ngoài,Lỗ hình vuông,A,Blind hole có đáy và không xuyên qua toàn bộ chi tiết.,technical term = thuật ngữ kỹ thuật; requirement = yêu cầu; inspection = kiểm tra
36,B. Đọc bản vẽ cơ khí,Hole,Intermediate,Counterbore thường tạo gì?,Hốc trụ đồng tâm với lỗ,Vát mép,Ren ngoài,Rãnh then,A,Counterbore tạo hốc trụ để đầu vít/bu lông nằm chìm.,technical term = thuật ngữ kỹ thuật; requirement = yêu cầu; inspection = kiểm tra
37,B. Đọc bản vẽ cơ khí,Hole,Intermediate,Countersink thường tạo gì?,Hốc côn,Hốc trụ,Rãnh vuông,Mặt phẳng chuẩn,A,Countersink là hốc dạng côn.,technical term = thuật ngữ kỹ thuật; requirement = yêu cầu; inspection = kiểm tra
38,B. Đọc bản vẽ cơ khí,Chamfer,Intermediate,1×45° trên mép thường có nghĩa gì?,Vát mép 1 mm ở góc 45°,Bo R1,Độ nhám 1,Độ sâu 45 mm,A,Đây là cách ghi phổ biến cho chamfer.,technical term = thuật ngữ kỹ thuật; requirement = yêu cầu; inspection = kiểm tra
39,B. Đọc bản vẽ cơ khí,Fillet,Intermediate,R2 thường yêu cầu gì?,Bo bán kính 2 mm,Vát 2 mm,Đường kính 2 mm,Ren 2 mm,A,R2 là bán kính bo 2 mm.,technical term = thuật ngữ kỹ thuật; requirement = yêu cầu; inspection = kiểm tra
40,B. Đọc bản vẽ cơ khí,Thread,Intermediate,M6×1-6H thường chứa thông tin nào?,"Ren trong hệ mét, đường kính danh nghĩa 6 mm, bước 1 mm, cấp dung sai 6H",Ren ngoài 6 mm,Lỗ Ø1,Độ nhám 6H,A,M6×1 là kích thước ren; 6H là cấp dung sai ren trong.,technical term = thuật ngữ kỹ thuật; requirement = yêu cầu; inspection = kiểm tra
41,B. Đọc bản vẽ cơ khí,Drawing,Basic,Ký hiệu depth trên lỗ mù cho biết gì?,Chiều sâu gia công/đặc tính được chỉ định,Đường kính ngoài,Độ nhám,Datum,A,Depth dùng để chỉ chiều sâu.,technical term = thuật ngữ kỹ thuật; requirement = yêu cầu; inspection = kiểm tra
42,B. Đọc bản vẽ cơ khí,Drawing,Basic,Center mark/crosshair trong bản vẽ thường giúp gì?,Xác định tâm đặc tính tròn/lỗ,Xác định vật liệu,Xác định độ cứng,Xác định revision,A,Center mark giúp xác định tâm.,technical term = thuật ngữ kỹ thuật; requirement = yêu cầu; inspection = kiểm tra
43,B. Đọc bản vẽ cơ khí,Drawing,Basic,Kích thước chuỗi (chain dimensioning) có nhược điểm gì?,Có thể tích lũy dung sai,Không thể đo,Không dùng được CNC,Không có đơn vị,A,Dung sai các đoạn có thể cộng dồn theo chuỗi.,technical term = thuật ngữ kỹ thuật; requirement = yêu cầu; inspection = kiểm tra
44,B. Đọc bản vẽ cơ khí,Tolerance,Intermediate,Baseline dimensioning thường có lợi điểm gì?,Giảm ảnh hưởng tích lũy từ các kích thước liên tiếp,Không cần datum,Không cần dung sai,Chỉ dùng cho ren,A,Các kích thước cùng tham chiếu một đường/điểm cơ sở.,technical term = thuật ngữ kỹ thuật; requirement = yêu cầu; inspection = kiểm tra
45,B. Đọc bản vẽ cơ khí,Drawing,Basic,Một drawing note có thể quy định điều gì?,"Yêu cầu chung như vật liệu, xử lý, kiểm tra hoặc gia công",Chỉ kích thước X,Chỉ revision,Chỉ tên người thiết kế,A,Notes có thể chứa nhiều yêu cầu kỹ thuật chung.,technical term = thuật ngữ kỹ thuật; requirement = yêu cầu; inspection = kiểm tra
46,B. Đọc bản vẽ cơ khí,Inspection,Intermediate,"Khi drawing yêu cầu một đặc tính hình học, chỉ đo kích thước tuyến tính có đủ không?",Không nhất thiết,Luôn đủ,Luôn không cần đo,Chỉ cần nhìn bằng mắt,A,GD&T kiểm soát các đặc tính hình học và cần phương pháp đo phù hợp.,technical term = thuật ngữ kỹ thuật; requirement = yêu cầu; inspection = kiểm tra
47,B. Đọc bản vẽ cơ khí,Drawing,Basic,Đường kích thước thường kết thúc bằng gì?,Mũi tên/đầu mũi tên theo tiêu chuẩn,Hình vuông bắt buộc,Vòng tròn,Datum A,A,Đường kích thước thường có arrowheads.,technical term = thuật ngữ kỹ thuật; requirement = yêu cầu; inspection = kiểm tra
48,B. Đọc bản vẽ cơ khí,Drawing,Basic,Mục đích chính của drawing review trước sản xuất là gì?,"Xác nhận yêu cầu kỹ thuật, khả năng chế tạo và điểm kiểm soát",Chỉ kiểm tra chính tả,Chỉ kiểm tra màu,Chỉ đổi tên file,A,Review giúp phát hiện vấn đề trước sản xuất.,technical term = thuật ngữ kỹ thuật; requirement = yêu cầu; inspection = kiểm tra
49,B. Đọc bản vẽ cơ khí,Document control,Intermediate,Không nên sử dụng file customer drawing nào khi revision mới đã phát hành?,Bản cũ chưa được xác nhận còn hiệu lực,Bản hiện hành,Bản được kiểm soát,Bản đã phê duyệt,A,Bản cũ phải được kiểm soát trạng thái để tránh dùng nhầm.,technical term = thuật ngữ kỹ thuật; requirement = yêu cầu; inspection = kiểm tra
50,C. Dung sai kích thước,Limits,Intermediate,50 ±0.05 có giới hạn nào?,49.95–50.05,49.90–50.10,50.00–50.05,49.50–50.50,A,Cộng/trừ 0.05 vào kích thước danh nghĩa 50.,technical term = thuật ngữ kỹ thuật; requirement = yêu cầu; inspection = kiểm tra
51,C. Dung sai kích thước,Limits,Intermediate,20 +0.02/-0.00 có giới hạn nào?,20.00–20.02,19.98–20.02,19.98–20.00,20.02–20.04,A,Dung sai trên +0.02 và dưới 0.,technical term = thuật ngữ kỹ thuật; requirement = yêu cầu; inspection = kiểm tra
52,C. Dung sai kích thước,Limits,Intermediate,30 +0.00/-0.03 có giới hạn nào?,29.97–30.00,30.00–30.03,29.95–30.05,29.97–30.03,A,Giới hạn dưới = 30-0.03; giới hạn trên = 30.,technical term = thuật ngữ kỹ thuật; requirement = yêu cầu; inspection = kiểm tra
53,C. Dung sai kích thước,Tolerance,Intermediate,Dung sai kích thước tổng cộng của 50 ±0.05 là bao nhiêu?,0.05,0.10,0.15,1.00,B,Khoảng từ 49.95 đến 50.05 là 0.10 mm.,technical term = thuật ngữ kỹ thuật; requirement = yêu cầu; inspection = kiểm tra
54,C. Dung sai kích thước,Tolerance,Intermediate,Kích thước 100 ±0.2 có tolerance zone width bằng bao nhiêu?,0.2,0.4,100.2,99.8,B,Giới hạn 99.8 và 100.2 tạo vùng rộng 0.4 mm.,technical term = thuật ngữ kỹ thuật; requirement = yêu cầu; inspection = kiểm tra
55,C. Dung sai kích thước,Limits,Intermediate,Kích thước thực 20.018 với yêu cầu 20.00–20.02 là gì?,OK,NG,Không xác định,Luôn cần CMM,A,20.018 nằm trong giới hạn.,technical term = thuật ngữ kỹ thuật; requirement = yêu cầu; inspection = kiểm tra
56,C. Dung sai kích thước,Limits,Intermediate,Kích thước thực 20.025 với yêu cầu 20.00–20.02 là gì?,OK,NG,OK nếu máy CNC tốt,Không thể kết luận,B,20.025 vượt giới hạn trên.,technical term = thuật ngữ kỹ thuật; requirement = yêu cầu; inspection = kiểm tra
57,C. Dung sai kích thước,Limits,Intermediate,Kích thước thực 19.995 với yêu cầu 20 +0.02/-0.00 là gì?,OK,NG,Chỉ NG nếu Ra xấu,Không xác định,B,Giới hạn dưới là 20.00 mm.,technical term = thuật ngữ kỹ thuật; requirement = yêu cầu; inspection = kiểm tra
58,C. Dung sai kích thước,Fits,Intermediate,Clearance fit nghĩa là gì?,Luôn có khe hở trong điều kiện thiết kế quy định,Luôn có độ dôi,Không có dung sai,Chỉ dùng cho ren,A,Clearance fit được thiết kế để có khe hở.,technical term = thuật ngữ kỹ thuật; requirement = yêu cầu; inspection = kiểm tra
59,C. Dung sai kích thước,Fits,Intermediate,Interference fit nghĩa là gì?,Có độ dôi/cản trở khi lắp,Luôn có khe hở,Không có tiếp xúc,Chỉ dùng cho nhựa,A,Interference fit yêu cầu kích thước gây độ dôi.,technical term = thuật ngữ kỹ thuật; requirement = yêu cầu; inspection = kiểm tra
60,C. Dung sai kích thước,Fits,Intermediate,Transition fit có đặc điểm gì?,Có thể cho khe hở nhỏ hoặc độ dôi nhỏ tùy kích thước thực,Luôn khe hở lớn,Luôn độ dôi lớn,Không có dung sai,A,Transition fit nằm giữa clearance và interference.,technical term = thuật ngữ kỹ thuật; requirement = yêu cầu; inspection = kiểm tra
61,C. Dung sai kích thước,ISO fits,Intermediate,"Trong hệ ISO, H cho lỗ thường có sai lệch dưới bằng gì?",0,-IT,+IT,Không xác định,A,H hole có lower deviation bằng 0.,technical term = thuật ngữ kỹ thuật; requirement = yêu cầu; inspection = kiểm tra
62,C. Dung sai kích thước,ISO fits,Intermediate,"Trong hệ ISO, h cho trục thường có sai lệch trên bằng gì?",0,+IT,-IT,+0.5,A,h shaft có upper deviation bằng 0.,technical term = thuật ngữ kỹ thuật; requirement = yêu cầu; inspection = kiểm tra
63,C. Dung sai kích thước,ISO fits,Intermediate,Ký hiệu 6H thường liên quan đến gì?,Cấp dung sai ren trong,Độ nhám,Độ cứng,Vật liệu,A,6H là class/tolerance position cho ren trong hệ mét.,technical term = thuật ngữ kỹ thuật; requirement = yêu cầu; inspection = kiểm tra
64,C. Dung sai kích thước,ISO fits,Intermediate,IT grade biểu thị chủ yếu gì?,Cấp dung sai kích thước,Loại vật liệu,Độ nhám,Kiểu ren,A,IT grade là cấp dung sai tiêu chuẩn.,technical term = thuật ngữ kỹ thuật; requirement = yêu cầu; inspection = kiểm tra
65,C. Dung sai kích thước,Stack-up,Intermediate,"Trong worst-case tolerance stack-up, các dung sai tuyến tính cùng chiều thường được xử lý thế nào?",Cộng đại số theo chiều bất lợi,Luôn lấy trung bình,Nhân với nhau,Bỏ qua,A,Worst-case xét tổ hợp bất lợi nhất.,technical term = thuật ngữ kỹ thuật; requirement = yêu cầu; inspection = kiểm tra
66,C. Dung sai kích thước,Stack-up,Intermediate,20 ±0.1 + 30 ±0.2: kích thước tổng danh nghĩa là?,50,49,51,5,A,20 + 30 = 50.,technical term = thuật ngữ kỹ thuật; requirement = yêu cầu; inspection = kiểm tra
67,C. Dung sai kích thước,Stack-up,Intermediate,20 ±0.1 + 30 ±0.2: tổng dung sai theo worst-case là?,±0.1,±0.2,±0.3,±0.4,C,Sai lệch cực đại cùng chiều: 0.1+0.2=0.3.,technical term = thuật ngữ kỹ thuật; requirement = yêu cầu; inspection = kiểm tra
68,C. Dung sai kích thước,Stack-up,Intermediate,20 ±0.1 - 30 ±0.2: biên sai lệch worst-case của hiệu là?,±0.1,±0.2,±0.3,±0.4,C,"Khi xét worst-case, độ lớn dung sai vẫn cộng: 0.1+0.2.",technical term = thuật ngữ kỹ thuật; requirement = yêu cầu; inspection = kiểm tra
69,C. Dung sai kích thước,Stack-up,Intermediate,"Một chuỗi 4 kích thước đều ±0.05, worst-case tổng tolerance magnitude là?",±0.05,±0.10,±0.20,±0.40,C,Bốn thành phần ×0.05 = 0.20.,technical term = thuật ngữ kỹ thuật; requirement = yêu cầu; inspection = kiểm tra
70,C. Dung sai kích thước,Statistical,Intermediate,RSS stack-up khác worst-case ở điểm nào?,Dùng căn tổng bình phương dung sai/độ lệch chuẩn theo mô hình thống kê,Luôn cho kết quả lớn hơn,Không cần giả định,Chỉ dùng cho ren,A,"RSS là phương pháp thống kê, thường nhỏ hơn worst-case khi giả định phù hợp.",technical term = thuật ngữ kỹ thuật; requirement = yêu cầu; inspection = kiểm tra
71,C. Dung sai kích thước,Hole shaft,Intermediate,Hole Ø20 H7 và shaft Ø20 h6 có đặc trưng gì?,Clearance fit,Interference fit,Không thể lắp,Không có dung sai,A,H7/h6 tạo khe hở vì H hole không nhỏ hơn nominal và h shaft không lớn hơn nominal.,technical term = thuật ngữ kỹ thuật; requirement = yêu cầu; inspection = kiểm tra
72,C. Dung sai kích thước,Hole shaft,Intermediate,Hole Ø20 H7 có kích thước thấp nhất theo nguyên tắc H là?,20.000 mm,19.900 mm,20.100 mm,Không thể biết nếu thiếu IT,A,Lower deviation của H = 0; giới hạn dưới = nominal.,technical term = thuật ngữ kỹ thuật; requirement = yêu cầu; inspection = kiểm tra
73,C. Dung sai kích thước,Limits,Intermediate,"Nếu lower limit = 9.95 và upper limit = 10.05, nominal target thường là?",10.00,9.95,10.05,20.00,A,Nominal nằm giữa hai giới hạn trong ví dụ đối xứng.,technical term = thuật ngữ kỹ thuật; requirement = yêu cầu; inspection = kiểm tra
74,C. Dung sai kích thước,Tolerance,Intermediate,Tightening tolerance nghĩa là gì?,Giảm độ rộng vùng dung sai,Tăng dung sai,Đổi vật liệu,Đổi datum,A,Tight tolerance làm vùng cho phép nhỏ hơn.,technical term = thuật ngữ kỹ thuật; requirement = yêu cầu; inspection = kiểm tra
75,C. Dung sai kích thước,Tolerance,Intermediate,Dung sai quá chặt có thể gây ảnh hưởng gì?,Tăng chi phí gia công/đo và giảm khả năng sản xuất,Luôn giảm chi phí,Không ảnh hưởng,Tăng độ cứng vật liệu,A,Dung sai chặt thường yêu cầu quy trình và kiểm soát cao hơn.,technical term = thuật ngữ kỹ thuật; requirement = yêu cầu; inspection = kiểm tra
76,C. Dung sai kích thước,Tolerance,Intermediate,Dung sai quá rộng có thể gây gì?,Chức năng/lắp ráp không đảm bảo,Luôn tăng độ chính xác,Giảm mọi rủi ro,Không ảnh hưởng,A,Dung sai phải phù hợp chức năng.,technical term = thuật ngữ kỹ thuật; requirement = yêu cầu; inspection = kiểm tra
77,C. Dung sai kích thước,Datum,Intermediate,Datum kích thước có nghĩa là gì?,Kích thước lý thuyết/điểm tham chiếu xác định vị trí đặc tính,Luôn là mặt gia công,Luôn là lỗ,Luôn là bề mặt bóng,A,"Trong GD&T, basic dimension xác định vị trí lý thuyết.",technical term = thuật ngữ kỹ thuật; requirement = yêu cầu; inspection = kiểm tra
78,C. Dung sai kích thước,Basic dimension,Intermediate,Basic dimension 50.00 không có ± trên bản thân nó có nghĩa gì?,Vị trí/kích thước lý thuyết được điều khiển bởi dung sai hình học hoặc yêu cầu khác,Luôn dung sai ±0.01,Không có ý nghĩa,Là kích thước reference,A,Basic dimension thường kết hợp với GD&T.,technical term = thuật ngữ kỹ thuật; requirement = yêu cầu; inspection = kiểm tra
79,C. Dung sai kích thước,Bilateral,Intermediate,± tolerance là dạng gì?,Bilateral tolerance,Unilateral tolerance,Limit dimension,Geometric datum,A,± cho phép sai lệch hai phía bằng nhau.,technical term = thuật ngữ kỹ thuật; requirement = yêu cầu; inspection = kiểm tra
80,C. Dung sai kích thước,Unilateral,Intermediate,10 +0.03/-0.00 là dạng gì?,Unilateral tolerance,Bilateral tolerance,Geometric tolerance,Reference,A,Chỉ cho phép sai lệch một phía.,technical term = thuật ngữ kỹ thuật; requirement = yêu cầu; inspection = kiểm tra
81,C. Dung sai kích thước,Limits,Intermediate,9.98–10.02 có total tolerance là?,0.02,0.04,10.00,0.20,B,10.02 - 9.98 = 0.04.,technical term = thuật ngữ kỹ thuật; requirement = yêu cầu; inspection = kiểm tra
82,C. Dung sai kích thước,Limits,Intermediate,Một kích thước 25 +0.10/-0.20 có total tolerance là?,0.10,0.20,0.30,25.30,C,0.10 + 0.20 = 0.30.,technical term = thuật ngữ kỹ thuật; requirement = yêu cầu; inspection = kiểm tra
83,C. Dung sai kích thước,Temperature,Intermediate,Đo chi tiết chính xác cao ở nhiệt độ khác nhiều so với nhiệt độ chuẩn có thể gây gì?,Sai số do giãn nở nhiệt,Không ảnh hưởng,Chỉ ảnh hưởng màu,Tăng dung sai bản vẽ,A,Kích thước vật liệu thay đổi theo nhiệt độ.,technical term = thuật ngữ kỹ thuật; requirement = yêu cầu; inspection = kiểm tra
84,C. Dung sai kích thước,Measurement,Intermediate,"Khi đo lỗ bằng dụng cụ phù hợp, nên kiểm tra nhiều hướng khi cần để phát hiện gì?",Độ oval/taper hoặc biến dạng,Revision,Vật liệu,Tên người thiết kế,A,Đo nhiều vị trí/hướng giúp phát hiện sai lệch hình học.,technical term = thuật ngữ kỹ thuật; requirement = yêu cầu; inspection = kiểm tra
85,C. Dung sai kích thước,Process capability,Intermediate,Cp/Cpk dùng chủ yếu để đánh giá gì?,Khả năng quá trình so với giới hạn kỹ thuật,Độ nhám trực tiếp,Độ cứng,Mã bản vẽ,A,Cp/Cpk là chỉ số năng lực quá trình.,technical term = thuật ngữ kỹ thuật; requirement = yêu cầu; inspection = kiểm tra
86,C. Dung sai kích thước,Process capability,Intermediate,Cpk khác Cp ở điểm quan trọng nào?,Cpk xét cả độ lệch tâm của quá trình,Cpk bỏ qua trung bình,Cp luôn nhỏ hơn,Cp chỉ dùng cho ren,A,Cpk phản ánh cả độ phân tán và vị trí trung bình so với giới hạn.,technical term = thuật ngữ kỹ thuật; requirement = yêu cầu; inspection = kiểm tra
87,C. Dung sai kích thước,Tolerance,Intermediate,Một dung sai ±0.01 trên kích thước 100 có total tolerance bao nhiêu?,0.01,0.02,0.10,1.00,B,100.01 - 99.99 = 0.02.,technical term = thuật ngữ kỹ thuật; requirement = yêu cầu; inspection = kiểm tra
88,C. Dung sai kích thước,Tolerance,Intermediate,"Nếu yêu cầu chức năng không cần dung sai ±0.01, lựa chọn tốt hơn thường là gì?",Dùng dung sai phù hợp khả năng sản xuất và chức năng,Luôn chọn ±0.001,Không ghi dung sai,Xóa kích thước,A,Dung sai nên vừa đủ cho chức năng để tránh chi phí không cần thiết.,technical term = thuật ngữ kỹ thuật; requirement = yêu cầu; inspection = kiểm tra
89,C. Dung sai kích thước,Tolerance,Intermediate,"Khi một kích thước có giới hạn min/max rõ ràng, giá trị đúng bằng giới hạn có được chấp nhận không?","Thông thường có, nếu tiêu chuẩn không quy định khác",Luôn NG,Luôn phải nhỏ hơn min,Luôn phải lớn hơn max,A,Giá trị tại limit nằm trong vùng giới hạn.,technical term = thuật ngữ kỹ thuật; requirement = yêu cầu; inspection = kiểm tra
90,C. Dung sai kích thước,Tolerance,Intermediate,Nominal size là gì?,Kích thước danh nghĩa dùng làm cơ sở gọi tên/kích thước,Kích thước đo nhỏ nhất,Kích thước đo lớn nhất,Độ nhám,A,Nominal là kích thước danh nghĩa.,technical term = thuật ngữ kỹ thuật; requirement = yêu cầu; inspection = kiểm tra
91,C. Dung sai kích thước,Tolerance,Intermediate,Actual size là gì?,Kích thước thực tế được xác định bằng đo/đánh giá,Kích thước danh nghĩa,Dung sai tổng,Basic dimension,A,Actual size là giá trị thực tế của đặc tính.,technical term = thuật ngữ kỹ thuật; requirement = yêu cầu; inspection = kiểm tra
92,C. Dung sai kích thước,Tolerance,Intermediate,Upper deviation là gì?,Sai lệch của giới hạn trên so với kích thước cơ sở,Sai lệch giới hạn dưới,Độ nhám,Độ tròn,A,Upper deviation = upper limit - basic/nominal theo hệ quy định.,technical term = thuật ngữ kỹ thuật; requirement = yêu cầu; inspection = kiểm tra
93,C. Dung sai kích thước,Tolerance,Intermediate,Lower deviation là gì?,Sai lệch của giới hạn dưới so với kích thước cơ sở,Độ cứng,Độ phẳng,Độ nhám,A,Lower deviation = lower limit - basic/nominal.,technical term = thuật ngữ kỹ thuật; requirement = yêu cầu; inspection = kiểm tra
94,C. Dung sai kích thước,Tolerance,Intermediate,"Khi thay đổi tolerance của một kích thước chức năng, điều gì cần xem xét?","Stack-up, chức năng, khả năng gia công và đo kiểm",Chỉ màu bề mặt,Chỉ tên file,Chỉ người thiết kế,A,Dung sai là một phần của thiết kế chức năng và sản xuất.,technical term = thuật ngữ kỹ thuật; requirement = yêu cầu; inspection = kiểm tra
95,C. Dung sai kích thước,Tolerance,Intermediate,"Nếu 2 lỗ dùng để lắp pin, chỉ kiểm tra đường kính có thể chưa đủ vì sao?",Vị trí tương đối của lỗ cũng ảnh hưởng lắp ráp,Đường kính không quan trọng,Pin không cần lỗ,Chỉ cần đo Ra,A,Vị trí lỗ là đặc tính chức năng quan trọng.,technical term = thuật ngữ kỹ thuật; requirement = yêu cầu; inspection = kiểm tra
96,D. GD&T,Fundamentals,Intermediate,GD&T là viết tắt của gì?,Geometric Dimensioning and Tolerancing,General Drawing Data Table,Geometric Data Transfer,Global Design Test,A,GD&T = Geometric Dimensioning and Tolerancing.,technical term = thuật ngữ kỹ thuật; requirement = yêu cầu; inspection = kiểm tra
97,D. GD&T,Fundamentals,Intermediate,Mục đích chính của GD&T là gì?,Kiểm soát hình học và chức năng bằng hệ thống dung sai tiêu chuẩn,Chỉ làm bản vẽ đẹp,Thay vật liệu,Thay CNC,A,GD&T mô tả chính xác yêu cầu hình học và quan hệ giữa các đặc tính.,technical term = thuật ngữ kỹ thuật; requirement = yêu cầu; inspection = kiểm tra
98,D. GD&T,Form,Intermediate,Flatness kiểm soát gì?,Độ phẳng của một bề mặt,Vị trí lỗ,Góc giữa hai mặt,Độ đồng tâm,A,Flatness là dung sai form của một bề mặt.,technical term = thuật ngữ kỹ thuật; requirement = yêu cầu; inspection = kiểm tra
99,D. GD&T,Form,Intermediate,Flatness có cần datum không?,Không,Luôn cần 1 datum,Luôn cần 2 datum,Luôn cần 3 datum,A,Flatness là form control nên không tham chiếu datum.,technical term = thuật ngữ kỹ thuật; requirement = yêu cầu; inspection = kiểm tra
100,D. GD&T,Form,Intermediate,Straightness của một đường/axis kiểm soát gì?,Độ thẳng của đường/đường tâm theo cách áp dụng,Độ nhám,Vật liệu,Revision,A,Straightness kiểm soát độ thẳng.,technical term = thuật ngữ kỹ thuật; requirement = yêu cầu; inspection = kiểm tra
101,D. GD&T,Form,Intermediate,Cylindricity kiểm soát gì?,Hình dạng toàn bộ bề mặt trụ,Chỉ vị trí trục,Chỉ góc,Chỉ độ nhám,A,Cylindricity là form control cho bề mặt trụ.,technical term = thuật ngữ kỹ thuật; requirement = yêu cầu; inspection = kiểm tra
102,D. GD&T,Form,Intermediate,Circularity kiểm soát gì?,Độ tròn của từng tiết diện tròn,Vị trí lỗ,Độ song song,Độ vuông góc,A,Circularity đánh giá từng profile tròn.,technical term = thuật ngữ kỹ thuật; requirement = yêu cầu; inspection = kiểm tra
103,D. GD&T,Orientation,Intermediate,Perpendicularity kiểm soát gì?,Quan hệ vuông góc với datum khi datum được tham chiếu,Độ phẳng tuyệt đối,Đường kính,Độ nhám,A,Perpendicularity là orientation control.,technical term = thuật ngữ kỹ thuật; requirement = yêu cầu; inspection = kiểm tra
104,D. GD&T,Orientation,Intermediate,Parallelism kiểm soát gì?,Quan hệ song song với datum khi datum được tham chiếu,Vị trí lỗ,Độ cứng,Bước ren,A,Parallelism là orientation control.,technical term = thuật ngữ kỹ thuật; requirement = yêu cầu; inspection = kiểm tra
105,D. GD&T,Orientation,Intermediate,Angularity kiểm soát gì?,Hướng của feature theo góc lý thuyết xác định,Đường kính,Độ nhám,Độ tròn,A,Angularity kiểm soát orientation theo góc cơ bản.,technical term = thuật ngữ kỹ thuật; requirement = yêu cầu; inspection = kiểm tra
106,D. GD&T,Location,Intermediate,Position thường dùng để kiểm soát gì?,Vị trí của feature of size,Độ nhám,Độ cứng,Màu,A,Position rất phổ biến để kiểm soát vị trí lỗ/trục.,technical term = thuật ngữ kỹ thuật; requirement = yêu cầu; inspection = kiểm tra
107,D. GD&T,Location,Intermediate,Position tolerance zone cho một lỗ thường có dạng gì khi áp dụng diametrical symbol?,Vùng trụ,Vùng hình cầu,Vùng phẳng,Vùng côn,A,Position thường tạo cylindrical tolerance zone cho axis/center plane tùy đặc tính.,technical term = thuật ngữ kỹ thuật; requirement = yêu cầu; inspection = kiểm tra
108,D. GD&T,Profile,Intermediate,Profile of a surface kiểm soát gì?,Toàn bộ biên dạng bề mặt trong vùng dung sai,Chỉ đường kính,Chỉ datum,Chỉ độ nhám,A,Profile of surface kiểm soát hình dạng bề mặt.,technical term = thuật ngữ kỹ thuật; requirement = yêu cầu; inspection = kiểm tra
109,D. GD&T,Profile,Intermediate,Profile of a line kiểm soát gì?,Biên dạng của từng tiết diện đường,Độ cứng,Vị trí datum,Mã revision,A,Profile of a line áp dụng cho line element/tiết diện.,technical term = thuật ngữ kỹ thuật; requirement = yêu cầu; inspection = kiểm tra
110,D. GD&T,Runout,Intermediate,Circular runout kiểm soát gì?,Độ biến thiên tại từng tiết diện khi quay quanh datum axis,Toàn bộ bề mặt đồng thời,Độ phẳng,Độ nhám,A,Circular runout kiểm soát từng tiết diện trong quá trình quay.,technical term = thuật ngữ kỹ thuật; requirement = yêu cầu; inspection = kiểm tra
111,D. GD&T,Runout,Intermediate,Total runout khác circular runout ở điểm nào?,Kiểm soát toàn bộ bề mặt khi quay,Chỉ kiểm tra một tiết diện,Không cần datum,Chỉ kiểm tra màu,A,Total runout đánh giá toàn bộ bề mặt liên quan.,technical term = thuật ngữ kỹ thuật; requirement = yêu cầu; inspection = kiểm tra
112,D. GD&T,Datum,Intermediate,Datum feature là gì?,Đặc tính vật lý được chọn làm cơ sở thiết lập datum,Một con số dung sai,Revision,Vật liệu,A,Datum feature là feature vật lý được dùng để thiết lập datum.,technical term = thuật ngữ kỹ thuật; requirement = yêu cầu; inspection = kiểm tra
113,D. GD&T,Datum,Intermediate,Datum là gì?,Tham chiếu hình học lý thuyết được thiết lập từ datum feature,Một dụng cụ đo,Một loại vật liệu,Một revision,A,Datum là tham chiếu lý thuyết.,technical term = thuật ngữ kỹ thuật; requirement = yêu cầu; inspection = kiểm tra
114,D. GD&T,Datum,Intermediate,Datum reference frame dùng để làm gì?,Thiết lập hệ tham chiếu để định hướng/định vị chi tiết,Tính độ nhám,Đổi đơn vị,Chọn dao,A,DRF là hệ tham chiếu cho các yêu cầu GD&T.,technical term = thuật ngữ kỹ thuật; requirement = yêu cầu; inspection = kiểm tra
115,D. GD&T,Datum sequence,Intermediate,Primary datum có vai trò gì?,Thiết lập ràng buộc đầu tiên và loại bỏ nhiều bậc tự do nhất theo simulator,Chỉ xác định màu,Chỉ đo đường kính,Không có vai trò,A,Primary datum thiết lập nền tảng đầu tiên của DRF.,technical term = thuật ngữ kỹ thuật; requirement = yêu cầu; inspection = kiểm tra
116,D. GD&T,Datum sequence,Intermediate,Secondary datum được dùng để làm gì?,Bổ sung ràng buộc sau primary,Thay vật liệu,Xác định revision,Chỉ đo Ra,A,Secondary tiếp tục định hướng/định vị sau primary.,technical term = thuật ngữ kỹ thuật; requirement = yêu cầu; inspection = kiểm tra
117,D. GD&T,Datum sequence,Intermediate,Tertiary datum thường hoàn thiện điều gì?,Các bậc tự do còn lại cần thiết,Màu sắc,Độ cứng,Tốc độ cắt,A,Tertiary thường hoàn thiện việc định vị.,technical term = thuật ngữ kỹ thuật; requirement = yêu cầu; inspection = kiểm tra
118,D. GD&T,Degrees freedom,Intermediate,Một vật thể cứng trong không gian có bao nhiêu bậc tự do?,3,4,6,9,C,3 tịnh tiến + 3 quay = 6.,technical term = thuật ngữ kỹ thuật; requirement = yêu cầu; inspection = kiểm tra
119,D. GD&T,3-2-1,Intermediate,Nguyên lý 3-2-1 thường dùng để minh họa điều gì?,Thiết lập/định vị chi tiết bằng các điểm tiếp xúc theo datum,Tính độ nhám,Tính tốc độ cắt,Chọn vật liệu,A,3-2-1 minh họa cách khống chế 6 bậc tự do.,technical term = thuật ngữ kỹ thuật; requirement = yêu cầu; inspection = kiểm tra
120,D. GD&T,MMC,Intermediate,MMC của một lỗ thường là kích thước nào?,Kích thước nhỏ nhất của lỗ,Kích thước lớn nhất của lỗ,Kích thước danh nghĩa luôn,Kích thước trung bình,A,"Với lỗ, vật liệu nhiều nhất tương ứng với đường kính nhỏ nhất.",technical term = thuật ngữ kỹ thuật; requirement = yêu cầu; inspection = kiểm tra
121,D. GD&T,MMC,Intermediate,MMC của một trục thường là kích thước nào?,Kích thước lớn nhất của trục,Kích thước nhỏ nhất,Kích thước trung bình,Không xác định,A,"Với trục, MMC tương ứng với đường kính lớn nhất.",technical term = thuật ngữ kỹ thuật; requirement = yêu cầu; inspection = kiểm tra
122,D. GD&T,LMC,Intermediate,LMC của một lỗ thường là gì?,Kích thước lớn nhất của lỗ,Kích thước nhỏ nhất,Nominal,Basic dimension,A,LMC của lỗ là kích thước lớn nhất vì vật liệu ít nhất.,technical term = thuật ngữ kỹ thuật; requirement = yêu cầu; inspection = kiểm tra
123,D. GD&T,LMC,Intermediate,LMC của một trục thường là gì?,Kích thước nhỏ nhất của trục,Kích thước lớn nhất,Nominal,Ra,A,LMC của trục là đường kính nhỏ nhất.,technical term = thuật ngữ kỹ thuật; requirement = yêu cầu; inspection = kiểm tra
124,D. GD&T,RFS,Intermediate,RFS nghĩa là gì?,Regardless of Feature Size,Reference Feature System,Radius Feature Size,Runout Feature Standard,A,RFS = Regardless of Feature Size.,technical term = thuật ngữ kỹ thuật; requirement = yêu cầu; inspection = kiểm tra
125,D. GD&T,MMC modifier,Intermediate,Ký hiệu M sau tolerance nghĩa gì?,Dung sai áp dụng tại MMC và cho phép bonus tolerance khi feature rời MMC theo điều kiện phù hợp,Luôn dùng LMC,Không có tolerance,Độ nhám,A,MMC modifier tạo khả năng bonus tolerance.,technical term = thuật ngữ kỹ thuật; requirement = yêu cầu; inspection = kiểm tra
126,D. GD&T,Bonus,Advanced,"Một lỗ có MMC Ø10.00 và actual Ø10.06, position tolerance Ø0.10(M). Bonus tolerance là?",0,0.03,0.06,0.10,C,Bonus = actual size - MMC size = 10.06-10.00=0.06.,technical term = thuật ngữ kỹ thuật; requirement = yêu cầu; inspection = kiểm tra
127,D. GD&T,Bonus,Advanced,"Với ví dụ lỗ Ø10.00 MMC, actual Ø10.06 và position Ø0.10(M), total position tolerance tại actual size là?",0.10,0.16,0.06,0.04,B,Total = stated 0.10 + bonus 0.06 = 0.16.,technical term = thuật ngữ kỹ thuật; requirement = yêu cầu; inspection = kiểm tra
128,D. GD&T,Bonus,Advanced,"Nếu lỗ đạt đúng MMC trong ví dụ trên, bonus tolerance là?",0,0.06,0.10,0.16,A,Tại MMC không có bonus tolerance.,technical term = thuật ngữ kỹ thuật; requirement = yêu cầu; inspection = kiểm tra
129,D. GD&T,Bonus,Advanced,"Bonus tolerance của một trục Ø10 MMC, actual Ø9.96 là?",0.04,0,0.06,0.10,A,"Với trục, rời MMC theo hướng giảm đường kính: 10.00-9.96=0.04.",technical term = thuật ngữ kỹ thuật; requirement = yêu cầu; inspection = kiểm tra
130,D. GD&T,Virtual condition,Advanced,"Với feature ngoài có MMC và dung sai hình học tại MMC, virtual condition thường liên quan đến gì?",Boundary cố định bảo vệ chức năng lắp ráp,Độ nhám,Màu,Revision,A,Virtual condition là boundary chức năng quan trọng trong kiểm tra lắp.,technical term = thuật ngữ kỹ thuật; requirement = yêu cầu; inspection = kiểm tra
131,D. GD&T,Virtual condition,Advanced,"Với lỗ Ø10.00 MMC và position Ø0.10(M), virtual condition theo cách tính cơ bản là?",Ø9.90,Ø10.10,Ø10.00,Ø9.80,A,"Đối với internal feature, VC = MMC size - geometric tolerance = 9.90.",technical term = thuật ngữ kỹ thuật; requirement = yêu cầu; inspection = kiểm tra
132,D. GD&T,Position,Intermediate,Position Ø0.20 ở RFS cho một lỗ có ý nghĩa cơ bản nào?,Axis của lỗ phải nằm trong vùng trụ Ø0.20 quanh vị trí lý thuyết,Đường kính lỗ phải 0.20,Độ phẳng 0.20,Độ nhám 0.20,A,Position tolerance tạo vùng trụ quanh true position.,technical term = thuật ngữ kỹ thuật; requirement = yêu cầu; inspection = kiểm tra
133,D. GD&T,Position,Intermediate,True position là gì?,Vị trí lý thuyết chính xác của feature,Vị trí đo được,Dung sai,Datum feature,A,True position là vị trí lý thuyết được xác định bởi basic dimensions.,technical term = thuật ngữ kỹ thuật; requirement = yêu cầu; inspection = kiểm tra
134,D. GD&T,Position,Intermediate,Tại sao position thường tốt hơn ±X/±Y để kiểm soát lỗ?,Kiểm soát vị trí hình học theo vùng trụ và quan hệ với datum,Luôn dễ đo hơn,Không cần datum,Không cần kích thước,A,Position thể hiện vùng dung sai vị trí phù hợp chức năng hơn.,technical term = thuật ngữ kỹ thuật; requirement = yêu cầu; inspection = kiểm tra
135,D. GD&T,Position,Intermediate,"Khi hai trục lỗ cần đồng thời nằm đúng vị trí tương đối, datum system giúp gì?",Thiết lập hệ tham chiếu nhất quán,Tăng độ nhám,Đổi vật liệu,Tăng tốc CNC,A,Datum system tạo cơ sở chung cho đánh giá.,technical term = thuật ngữ kỹ thuật; requirement = yêu cầu; inspection = kiểm tra
136,D. GD&T,Orientation,Intermediate,Perpendicularity của axis lỗ thường kiểm soát gì?,Độ nghiêng của axis lỗ so với datum,Đường kính lỗ,Độ sâu lỗ,Độ nhám,A,Nó kiểm soát orientation của axis.,technical term = thuật ngữ kỹ thuật; requirement = yêu cầu; inspection = kiểm tra
137,D. GD&T,Orientation,Intermediate,Parallelism của một bề mặt có datum A kiểm soát gì?,Bề mặt nằm trong vùng song song với datum A,Vị trí tuyệt đối của lỗ,Đường kính,Độ cứng,A,Parallelism kiểm soát orientation so với datum.,technical term = thuật ngữ kỹ thuật; requirement = yêu cầu; inspection = kiểm tra
138,D. GD&T,Form,Intermediate,Một mặt phẳng có flatness 0.05 cần datum không?,Không,Có A bắt buộc,Có B bắt buộc,Có C bắt buộc,A,Flatness không tham chiếu datum.,technical term = thuật ngữ kỹ thuật; requirement = yêu cầu; inspection = kiểm tra
139,D. GD&T,Form,Intermediate,Cylindricity khác circularity ở điểm nào?,"Cylindricity kiểm soát toàn bộ bề mặt trụ, circularity từng tiết diện",Hai cái giống hệt,Circularity cần 3 datum,Cylindricity chỉ kiểm tra đường kính,A,Cylindricity là kiểm soát 3D của bề mặt trụ.,technical term = thuật ngữ kỹ thuật; requirement = yêu cầu; inspection = kiểm tra
140,D. GD&T,Form,Intermediate,Form controls thường gồm nhóm nào?,"Straightness, flatness, circularity, cylindricity","Position, datum, revision, Ra","Parallelism, angle, material","Runout, position, title block",A,Đây là bốn form controls cơ bản.,technical term = thuật ngữ kỹ thuật; requirement = yêu cầu; inspection = kiểm tra
141,D. GD&T,Orientation,Intermediate,Orientation controls cơ bản gồm gì?,"Parallelism, perpendicularity, angularity","Position, circularity, flatness","Runout, profile, size","Datum, MMC, LMC",A,Đây là ba orientation controls.,technical term = thuật ngữ kỹ thuật; requirement = yêu cầu; inspection = kiểm tra
142,D. GD&T,Location,Intermediate,Location controls truyền thống gồm gì?,"Position, concentricity, symmetry","Flatness, straightness, circularity","Parallelism, perpendicularity","Ra, Rz, hardness",A,Đây là nhóm location controls trong hệ GD&T truyền thống.,technical term = thuật ngữ kỹ thuật; requirement = yêu cầu; inspection = kiểm tra
143,D. GD&T,Profile,Intermediate,Profile control có thể áp dụng cho gì?,Line hoặc surface,Chỉ lỗ,Chỉ ren,Chỉ datum,A,Có profile of a line và profile of a surface.,technical term = thuật ngữ kỹ thuật; requirement = yêu cầu; inspection = kiểm tra
144,D. GD&T,Runout,Intermediate,Runout thường cần datum axis không?,"Có, theo cách áp dụng thông thường",Không bao giờ,Chỉ với flatness,Chỉ với Ra,A,Runout đánh giá khi quay quanh một datum axis.,technical term = thuật ngữ kỹ thuật; requirement = yêu cầu; inspection = kiểm tra
145,D. GD&T,Feature of size,Intermediate,Feature of size là gì?,"Feature có kích thước liên quan đến đối diện/giới hạn vật liệu như lỗ, trục",Mọi bề mặt phẳng,Revision,Datum symbol,A,Lỗ và trục là ví dụ điển hình.,technical term = thuật ngữ kỹ thuật; requirement = yêu cầu; inspection = kiểm tra
146,D. GD&T,Datum feature,Intermediate,Một mặt phẳng được chỉ là datum feature có phải chính nó là datum lý thuyết không?,Không; nó là feature vật lý dùng để thiết lập datum,Luôn giống hệt,Là revision,Là MMC,A,Datum feature là thực thể vật lý; datum là tham chiếu lý thuyết.,technical term = thuật ngữ kỹ thuật; requirement = yêu cầu; inspection = kiểm tra
147,D. GD&T,Tolerance zone,Intermediate,Tolerance zone là gì?,Vùng không gian mà feature phải nằm trong đó để đáp ứng yêu cầu,Giới hạn vật liệu,Mã revision,Vùng gia công,A,Tolerance zone định nghĩa phạm vi chấp nhận hình học.,technical term = thuật ngữ kỹ thuật; requirement = yêu cầu; inspection = kiểm tra
148,D. GD&T,Position,Intermediate,Nếu position tolerance không có MMC modifier thì mặc định thường là?,RFS,MMC,LMC,Tự động bonus,A,"Nếu tiêu chuẩn áp dụng không chỉ khác, mặc định thường là RFS.",technical term = thuật ngữ kỹ thuật; requirement = yêu cầu; inspection = kiểm tra
149,D. GD&T,MMC,Intermediate,MMC có lợi ích chức năng gì khi dùng với position của lỗ?,Cho phép bonus tolerance khi lỗ lớn hơn MMC,Luôn làm tolerance nhỏ hơn,Loại bỏ datum,Đổi lỗ thành trục,A,Lỗ rời MMC có thêm position tolerance trong giới hạn chức năng.,technical term = thuật ngữ kỹ thuật; requirement = yêu cầu; inspection = kiểm tra
150,D. GD&T,Inspection,Intermediate,CMM có thể kiểm tra GD&T không?,"Có, nếu lập trình/thiết lập datum và đánh giá đúng tiêu chuẩn",Không bao giờ,Chỉ đo màu,Chỉ đo nhiệt độ,A,CMM là công cụ phổ biến cho kiểm tra hình học.,technical term = thuật ngữ kỹ thuật; requirement = yêu cầu; inspection = kiểm tra
151,D. GD&T,Inspection,Intermediate,Functional gauge theo VC thường dùng để kiểm tra gì?,Khả năng lắp/chức năng theo boundary,Độ nhám trực tiếp,Vật liệu,Revision,A,Gauge mô phỏng điều kiện chức năng.,technical term = thuật ngữ kỹ thuật; requirement = yêu cầu; inspection = kiểm tra
152,D. GD&T,Inspection,Intermediate,"Khi kiểm tra position của lỗ, chỉ đo khoảng cách tâm đến tâm có luôn đủ không?","Không; cần xét datum, true position và yêu cầu GD&T",Luôn đủ,Chỉ cần đo Ra,Chỉ cần nhìn,A,Đánh giá phải theo hệ datum và vùng tolerance.,technical term = thuật ngữ kỹ thuật; requirement = yêu cầu; inspection = kiểm tra
153,D. GD&T,Datum shift,Advanced,Datum feature có MMC modifier có thể cho phép gì?,Datum shift trong điều kiện áp dụng,Bonus cho flatness,Đổi vật liệu,Đổi revision,A,Datum mobility/shift có thể phát sinh theo yêu cầu MMB.,technical term = thuật ngữ kỹ thuật; requirement = yêu cầu; inspection = kiểm tra
154,D. GD&T,Datum shift,Advanced,Datum shift chủ yếu liên quan đến điều gì?,Khả năng di chuyển của datum feature trong simulator khi có material boundary modifier,Độ nhám,Độ cứng,Tốc độ dao,A,MMB/LMB có thể tạo datum mobility.,technical term = thuật ngữ kỹ thuật; requirement = yêu cầu; inspection = kiểm tra
155,D. GD&T,Drawing,Intermediate,Feature control frame dùng để thể hiện gì?,Yêu cầu GD&T,Vật liệu,Revision,Tên người thiết kế,A,"FCF chứa geometric characteristic, tolerance và datum references.",technical term = thuật ngữ kỹ thuật; requirement = yêu cầu; inspection = kiểm tra
156,D. GD&T,FCF,Intermediate,"Trong FCF, ô đầu tiên thường chứa gì?",Ký hiệu characteristic hình học,Datum,Revision,Đơn vị,A,"Ví dụ position, flatness, perpendicularity.",technical term = thuật ngữ kỹ thuật; requirement = yêu cầu; inspection = kiểm tra
157,D. GD&T,FCF,Intermediate,"Trong FCF, ký hiệu Ø trước giá trị tolerance thường chỉ gì?",Tolerance zone dạng đường kính,Đường kính feature bắt buộc,Độ nhám,Datum,A,Ø áp dụng cho dạng vùng dung sai diametrical.,technical term = thuật ngữ kỹ thuật; requirement = yêu cầu; inspection = kiểm tra
158,D. GD&T,Datum symbol,Intermediate,Tam giác datum trên drawing gắn với gì?,Datum feature được chọn,Revision,Kích thước reference,Ra,A,Datum symbol xác định feature dùng làm datum.,technical term = thuật ngữ kỹ thuật; requirement = yêu cầu; inspection = kiểm tra
159,D. GD&T,Basic dimensions,Intermediate,Basic dimensions thường dùng cùng với gì để xác định vị trí lý thuyết?,GD&T như position/profile,Ra,Material callout,Revision,A,Basic dimensions và geometric tolerance thường đi cùng nhau.,technical term = thuật ngữ kỹ thuật; requirement = yêu cầu; inspection = kiểm tra
160,D. GD&T,Profile,Intermediate,Profile có thể đồng thời kiểm soát location và orientation không?,"Có, tùy cách áp dụng datum references",Không bao giờ,Chỉ kiểm soát Ra,Chỉ kiểm soát vật liệu,A,"Profile có thể kiểm soát hình dạng và, khi tham chiếu datum, cả location/orientation.",technical term = thuật ngữ kỹ thuật; requirement = yêu cầu; inspection = kiểm tra
161,D. GD&T,Surface profile,Intermediate,"Nếu profile of surface không tham chiếu datum, nó chủ yếu kiểm soát gì?",Form của bề mặt so với biên dạng lý thuyết,Vị trí tuyệt đối theo máy,Độ nhám,Revision,A,"Không có datum, nó không thiết lập orientation/location theo datum.",technical term = thuật ngữ kỹ thuật; requirement = yêu cầu; inspection = kiểm tra
162,D. GD&T,Concentricity,Intermediate,Concentricity trong GD&T truyền thống có mục đích gì?,Kiểm soát trung tâm median của feature so với datum axis,Kiểm soát toàn bộ bề mặt trụ,Kiểm soát độ phẳng,Kiểm soát Ra,A,Concentricity là location control dựa trên median points.,technical term = thuật ngữ kỹ thuật; requirement = yêu cầu; inspection = kiểm tra
163,D. GD&T,Symmetry,Intermediate,Symmetry truyền thống kiểm soát gì?,Median plane/median points đối xứng quanh datum plane/axis,Độ nhám,Đường kính,Độ phẳng tuyệt đối,A,Symmetry là location control theo hệ truyền thống.,technical term = thuật ngữ kỹ thuật; requirement = yêu cầu; inspection = kiểm tra
164,D. GD&T,Circular runout,Intermediate,Circular runout có thể kiểm soát đồng thời một số sai lệch nào tại tiết diện?,Radial variation liên quan đến form và orientation của tiết diện khi quay,Chỉ vật liệu,Chỉ Ra,Chỉ màu,A,Runout có thể phản ánh tổng hợp các sai lệch hình học theo cách đánh giá.,technical term = thuật ngữ kỹ thuật; requirement = yêu cầu; inspection = kiểm tra
165,D. GD&T,Total runout,Intermediate,Total runout có thể ảnh hưởng đến đặc tính nào của toàn bề mặt?,"Độ thẳng, độ tròn, độ song song/độ đồng trục theo điều kiện liên quan",Chỉ độ nhám,Chỉ độ cứng,Chỉ kích thước nominal,A,Total runout là yêu cầu tổng hợp cho bề mặt khi quay.,technical term = thuật ngữ kỹ thuật; requirement = yêu cầu; inspection = kiểm tra
166,D. GD&T,Design intent,Advanced,Tại sao nên chọn datum theo chức năng lắp ráp?,Để hệ GD&T phản ánh cách chi tiết thực sự định vị/lắp trong sản phẩm,Để bản vẽ dài hơn,Để tăng dung sai,Để dễ đổi revision,A,Datum nên phản ánh chức năng và quá trình định vị.,technical term = thuật ngữ kỹ thuật; requirement = yêu cầu; inspection = kiểm tra
167,D. GD&T,DFM,Intermediate,GD&T quá chặt có thể gây vấn đề gì?,Tăng chi phí và độ khó gia công/đo,Luôn giảm chi phí,Không ảnh hưởng,Tăng vật liệu,A,Dung sai hình học chặt có thể yêu cầu quy trình và đo kiểm cao.,technical term = thuật ngữ kỹ thuật; requirement = yêu cầu; inspection = kiểm tra
168,D. GD&T,Inspection,Intermediate,Một bề mặt flatness 0.02 nhưng không có datum: có thể kiểm tra bằng cách nào?,Đặt trên phương pháp đo phù hợp và đánh giá vùng hai mặt phẳng song song 0.02,So với datum A bắt buộc,Chỉ đo kích thước dài,Đo Ra,A,Flatness được đánh giá độc lập với datum.,technical term = thuật ngữ kỹ thuật; requirement = yêu cầu; inspection = kiểm tra
169,D. GD&T,GD&T,Intermediate,"Nếu drawing ghi position Ø0.1(M) A|B|C, feature rời MMC thì điều gì có thể tăng?",Dung sai position khả dụng do bonus,Kích thước nominal,Độ nhám,Revision,A,Bonus tolerance tăng khi feature rời MMC.,technical term = thuật ngữ kỹ thuật; requirement = yêu cầu; inspection = kiểm tra
170,D. GD&T,GD&T,Intermediate,Nếu lỗ nhỏ hơn MMC của nó thì có được bonus tolerance không?,Không; đó là hướng không thể xảy ra đối với lỗ nếu MMC là kích thước nhỏ nhất,Có vô hạn,Có 0.1,Tùy màu,A,Lỗ nhỏ hơn MMC là không đạt kích thước; bonus chỉ có khi rời MMC theo hướng hợp lệ.,technical term = thuật ngữ kỹ thuật; requirement = yêu cầu; inspection = kiểm tra
171,E. Vật liệu cơ khí,Aluminum,Intermediate,A6061 thường được dùng vì đặc tính nào?,Độ bền/khả năng gia công tốt và ứng dụng kết cấu phổ biến,Luôn cứng hơn carbide,Là inox,Là nhựa,A,"6061 là hợp kim nhôm phổ biến, cân bằng cơ tính và khả năng gia công.",technical term = thuật ngữ kỹ thuật; requirement = yêu cầu; inspection = kiểm tra
172,E. Vật liệu cơ khí,Aluminum,Intermediate,A5052 nổi bật ở điểm nào?,Khả năng chống ăn mòn và tạo hình tốt,Luôn chịu nhiệt hơn thép,Là titanium,Không thể anodize,A,"5052 là hợp kim Al-Mg, có chống ăn mòn và khả năng tạo hình tốt.",technical term = thuật ngữ kỹ thuật; requirement = yêu cầu; inspection = kiểm tra
173,E. Vật liệu cơ khí,Steel,Intermediate,SUS304 thuộc loại gì?,Austenitic stainless steel,Aluminum,Tool steel,Copper,A,SUS304 là inox austenitic.,technical term = thuật ngữ kỹ thuật; requirement = yêu cầu; inspection = kiểm tra
174,E. Vật liệu cơ khí,Steel,Intermediate,SUS316 thường được chọn khi cần cải thiện khả năng chống ăn mòn so với 304 nhờ thành phần nào?,Mo,Pb,Zn,Mg,A,316 chứa molybdenum giúp cải thiện chống ăn mòn cục bộ.,technical term = thuật ngữ kỹ thuật; requirement = yêu cầu; inspection = kiểm tra
175,E. Vật liệu cơ khí,Hardness,Intermediate,Độ cứng biểu thị gì?,Khả năng chống biến dạng/xâm nhập cục bộ,Khối lượng riêng,Màu sắc,Độ nhám,A,Hardness phản ánh khả năng chống biến dạng cục bộ.,technical term = thuật ngữ kỹ thuật; requirement = yêu cầu; inspection = kiểm tra
176,E. Vật liệu cơ khí,Tensile,Intermediate,Tensile strength là gì?,Độ bền kéo,Độ dẫn điện,Độ nhám,Độ phẳng,A,Tensile strength là ứng suất kéo cực đại theo định nghĩa phép thử.,technical term = thuật ngữ kỹ thuật; requirement = yêu cầu; inspection = kiểm tra
177,E. Vật liệu cơ khí,Yield,Intermediate,Yield strength liên quan đến gì?,Giới hạn chảy,Màu,Độ nhám,Đường kính,A,Yield strength liên quan đến bắt đầu biến dạng dẻo đáng kể.,technical term = thuật ngữ kỹ thuật; requirement = yêu cầu; inspection = kiểm tra
178,E. Vật liệu cơ khí,Elastic,Intermediate,Elastic deformation là gì?,Biến dạng có thể hồi phục khi bỏ tải trong giới hạn đàn hồi,Biến dạng vĩnh viễn,Nứt,Ăn mòn,A,Biến dạng đàn hồi hồi phục khi tải được bỏ.,technical term = thuật ngữ kỹ thuật; requirement = yêu cầu; inspection = kiểm tra
179,E. Vật liệu cơ khí,Thermal,Intermediate,Hệ số giãn nở nhiệt dùng để mô tả gì?,Mức thay đổi kích thước theo nhiệt độ,Độ cứng,Độ nhám,Độ bền ren,A,CTE mô tả biến thiên kích thước theo nhiệt độ.,technical term = thuật ngữ kỹ thuật; requirement = yêu cầu; inspection = kiểm tra
180,E. Vật liệu cơ khí,Anodize,Intermediate,Anodize nhôm có thể làm gì?,Tạo lớp oxide bảo vệ và có thể tăng khả năng chống mài mòn tùy quy trình,Luôn làm nhôm thành thép,Xóa dung sai,Tạo ren,A,Anodizing là xử lý điện hóa bề mặt nhôm.,technical term = thuật ngữ kỹ thuật; requirement = yêu cầu; inspection = kiểm tra
181,E. Vật liệu cơ khí,Passivation,Intermediate,Passivation inox nhằm mục đích chính nào?,Tạo/khôi phục lớp thụ động chống ăn mòn,Tăng đường kính,Tạo ren,Giảm khối lượng,A,Passivation tăng khả năng chống ăn mòn của inox.,technical term = thuật ngữ kỹ thuật; requirement = yêu cầu; inspection = kiểm tra
182,E. Vật liệu cơ khí,Plating,Intermediate,Mạ bề mặt có thể ảnh hưởng kích thước không?,Có,Không bao giờ,Chỉ ảnh hưởng màu,Chỉ ảnh hưởng tên file,A,Lớp mạ có chiều dày nên có thể ảnh hưởng kích thước.,technical term = thuật ngữ kỹ thuật; requirement = yêu cầu; inspection = kiểm tra
183,E. Vật liệu cơ khí,Heat treatment,Intermediate,Nhiệt luyện có thể làm thay đổi kích thước chi tiết không?,"Có, do biến đổi tổ chức và ứng suất",Không bao giờ,Chỉ đổi màu,Chỉ đổi tên,A,Nhiệt luyện có thể gây biến dạng/kích thước thay đổi.,technical term = thuật ngữ kỹ thuật; requirement = yêu cầu; inspection = kiểm tra
184,E. Vật liệu cơ khí,Material cert,Intermediate,Mục đích của material certificate là gì?,Xác nhận thông tin vật liệu/lô theo yêu cầu,Xác định CNC program,Xác định datum,Đo Ra,A,Material cert hỗ trợ traceability và xác nhận vật liệu.,technical term = thuật ngữ kỹ thuật; requirement = yêu cầu; inspection = kiểm tra
185,E. Vật liệu cơ khí,Corrosion,Intermediate,Galvanic corrosion liên quan đến gì?,Tương tác điện hóa giữa các vật liệu khác nhau trong môi trường điện ly,Chỉ nhiệt độ,Chỉ độ nhám,Chỉ CNC,A,Tiếp xúc vật liệu khác nhau có thể tạo pin điện hóa.,technical term = thuật ngữ kỹ thuật; requirement = yêu cầu; inspection = kiểm tra
186,E. Vật liệu cơ khí,Aluminum,Intermediate,Nhôm và thép tiếp xúc trực tiếp trong môi trường ẩm có thể cần xem xét gì?,Ăn mòn điện hóa,Chỉ màu,Chỉ dung sai,Không cần gì,A,Cặp vật liệu khác nhau có thể gây galvanic corrosion.,technical term = thuật ngữ kỹ thuật; requirement = yêu cầu; inspection = kiểm tra
187,E. Vật liệu cơ khí,Surface,Intermediate,Surface treatment specification nên được kiểm soát như thế nào?,Theo yêu cầu bản vẽ/spec và revision kiểm soát,Tự thay đổi theo nhà cung cấp,Không cần revision,Chỉ bằng ảnh,A,Xử lý bề mặt là yêu cầu kỹ thuật cần kiểm soát.,technical term = thuật ngữ kỹ thuật; requirement = yêu cầu; inspection = kiểm tra
188,E. Vật liệu cơ khí,Material substitution,Intermediate,Có được tự ý thay vật liệu tương đương không?,Không nếu chưa được phê duyệt khi vật liệu là yêu cầu thiết kế/khách hàng,Luôn được,Chỉ cần nói miệng,Không cần ghi lại,A,Thay vật liệu có thể ảnh hưởng chức năng và phải theo quy trình.,technical term = thuật ngữ kỹ thuật; requirement = yêu cầu; inspection = kiểm tra
189,E. Vật liệu cơ khí,Surface,Intermediate,Độ bóng và độ nhám có giống nhau hoàn toàn không?,Không,Có,Luôn bằng nhau,Không liên quan bề mặt,A,Gloss và roughness là các đặc tính khác nhau.,technical term = thuật ngữ kỹ thuật; requirement = yêu cầu; inspection = kiểm tra
190,E. Vật liệu cơ khí,Machining,Intermediate,Vật liệu mềm hơn có luôn dễ gia công hơn không?,"Không; còn phụ thuộc độ dẻo, xu hướng dính dao, nhiệt và điều kiện cắt",Luôn có,Chỉ phụ thuộc độ cứng,Không thể gia công,A,Khả năng gia công phụ thuộc nhiều yếu tố vật liệu và quy trình.,technical term = thuật ngữ kỹ thuật; requirement = yêu cầu; inspection = kiểm tra
191,F. Gia công CNC & DFM,CNC,Intermediate,G-code trong CNC dùng chủ yếu để làm gì?,Điều khiển chuyển động/chức năng máy theo chương trình,Đo độ nhám,Đọc material cert,Quản lý revision,A,G-code chứa lệnh điều khiển máy.,technical term = thuật ngữ kỹ thuật; requirement = yêu cầu; inspection = kiểm tra
192,F. Gia công CNC & DFM,CNC,Intermediate,SFM/ cutting speed liên quan đến gì?,Tốc độ cắt tại vùng tiếp xúc dao-phôi,Độ nhám duy nhất,Dung sai bản vẽ,Độ cứng,A,Cutting speed là tốc độ tương đối tại vùng cắt.,technical term = thuật ngữ kỹ thuật; requirement = yêu cầu; inspection = kiểm tra
193,F. Gia công CNC & DFM,CNC,Intermediate,Feed rate là gì?,Tốc độ tiến dao,Tốc độ trục chính duy nhất,Độ nhám,Độ phẳng,A,Feed rate là tốc độ dịch chuyển của dao/phôi theo hướng tiến dao.,technical term = thuật ngữ kỹ thuật; requirement = yêu cầu; inspection = kiểm tra
194,F. Gia công CNC & DFM,CNC,Intermediate,Spindle speed thường ký hiệu gì?,RPM,Ra,MMC,Cpk,A,RPM là vòng/phút của spindle.,technical term = thuật ngữ kỹ thuật; requirement = yêu cầu; inspection = kiểm tra
195,F. Gia công CNC & DFM,CNC,Intermediate,Tool wear có thể gây gì?,"Sai kích thước, bề mặt xấu và bavia",Tăng độ chính xác vô hạn,Không ảnh hưởng,Đổi vật liệu,A,Mòn dao ảnh hưởng chất lượng gia công.,technical term = thuật ngữ kỹ thuật; requirement = yêu cầu; inspection = kiểm tra
196,F. Gia công CNC & DFM,CNC,Intermediate,Climb milling và conventional milling khác nhau chủ yếu ở gì?,Hướng tương đối giữa chuyển động dao và feed tại vùng cắt,Vật liệu,Revision,Datum,A,Hai phương pháp khác nhau về hướng chuyển động tương đối.,technical term = thuật ngữ kỹ thuật; requirement = yêu cầu; inspection = kiểm tra
197,F. Gia công CNC & DFM,CNC,Intermediate,Deep pocket khó gia công có thể gặp vấn đề gì?,"Rung, thoát phoi kém, dao dài và sai số",Không có vấn đề,Luôn chính xác hơn,Chỉ đổi màu,A,Pocket sâu tăng yêu cầu về độ cứng dao và thoát phoi.,technical term = thuật ngữ kỹ thuật; requirement = yêu cầu; inspection = kiểm tra
198,F. Gia công CNC & DFM,DFM,Intermediate,Góc trong pocket phay bằng dao tròn có thể đạt góc vuông tuyệt đối không?,Không với dao phay tròn thông thường,Luôn có,Chỉ bằng mắt,Không phụ thuộc dao,A,Bán kính dao tạo internal corner radius.,technical term = thuật ngữ kỹ thuật; requirement = yêu cầu; inspection = kiểm tra
199,F. Gia công CNC & DFM,DFM,Intermediate,Thiết kế corner radius hợp lý giúp gì?,Giảm khó khăn gia công và tăng khả năng dùng dao tiêu chuẩn,Luôn tăng chi phí,Không ảnh hưởng,Xóa datum,A,Corner radius phù hợp DFM.,technical term = thuật ngữ kỹ thuật; requirement = yêu cầu; inspection = kiểm tra
200,F. Gia công CNC & DFM,DFM,Intermediate,Lỗ quá sâu so với đường kính có thể gây gì?,Khó thoát phoi và khó giữ độ chính xác,Luôn tốt,Không cần coolant,Tăng độ cứng,A,Tỷ lệ sâu/đường kính cao làm gia công khó.,technical term = thuật ngữ kỹ thuật; requirement = yêu cầu; inspection = kiểm tra
201,F. Gia công CNC & DFM,DFM,Intermediate,Thin wall quá mỏng khi phay có thể gây gì?,Rung/biến dạng,Tăng độ cứng,Không ảnh hưởng,Tăng dung sai tự động,A,Vách mỏng dễ biến dạng và rung.,technical term = thuật ngữ kỹ thuật; requirement = yêu cầu; inspection = kiểm tra
202,F. Gia công CNC & DFM,DFM,Intermediate,Đặt datum chức năng phù hợp với cách gá giúp gì?,"Giảm sai lệch giữa thiết kế, gia công và kiểm tra",Tăng màu,Đổi material,Xóa tolerance,A,Datum chức năng tốt hỗ trợ nhất quán trong sản xuất/đo.,technical term = thuật ngữ kỹ thuật; requirement = yêu cầu; inspection = kiểm tra
203,F. Gia công CNC & DFM,CNC,Intermediate,Workholding có mục đích chính gì?,Giữ và định vị phôi ổn định,Đo Ra,Tạo revision,Tạo PMI,A,Workholding giữ phôi trong quá trình gia công.,technical term = thuật ngữ kỹ thuật; requirement = yêu cầu; inspection = kiểm tra
204,F. Gia công CNC & DFM,CNC,Intermediate,Zero/work coordinate system dùng để làm gì?,Thiết lập hệ tọa độ gia công,Xác định vật liệu,Đo độ cứng,Xác định revision,A,WCS là cơ sở tọa độ cho chương trình.,technical term = thuật ngữ kỹ thuật; requirement = yêu cầu; inspection = kiểm tra
205,F. Gia công CNC & DFM,CNC,Intermediate,Coolant có thể hỗ trợ gì?,"Làm mát, bôi trơn và hỗ trợ thoát phoi tùy quy trình",Tạo datum,Thay dung sai,Đổi vật liệu,A,Coolant có nhiều vai trò trong cắt gọt.,technical term = thuật ngữ kỹ thuật; requirement = yêu cầu; inspection = kiểm tra
206,F. Gia công CNC & DFM,CNC,Intermediate,Tool length offset dùng để làm gì?,Bù chiều dài dao,Bù vật liệu,Bù Ra,Đổi revision,A,Tool length offset bù chiều dài dao trong hệ điều khiển.,technical term = thuật ngữ kỹ thuật; requirement = yêu cầu; inspection = kiểm tra
207,F. Gia công CNC & DFM,CNC,Intermediate,Wear offset thường dùng để làm gì?,Bù sai lệch nhỏ do mòn dao/quá trình,Thay drawing,Tạo MBD,Đổi material,A,Wear compensation giúp giữ kích thước.,technical term = thuật ngữ kỹ thuật; requirement = yêu cầu; inspection = kiểm tra
208,F. Gia công CNC & DFM,DFM,Intermediate,"Nếu yêu cầu Ra rất thấp trên toàn bộ bề mặt nhưng chức năng không cần, vấn đề là gì?",Có thể làm tăng chi phí không cần thiết,Luôn tốt,Không ảnh hưởng,Tăng độ bền chắc chắn,A,Yêu cầu bề mặt nên phù hợp chức năng.,technical term = thuật ngữ kỹ thuật; requirement = yêu cầu; inspection = kiểm tra
209,F. Gia công CNC & DFM,DFM,Intermediate,Tolerance stack-up nên được xem xét khi nào?,Ngay trong thiết kế các kích thước chức năng,Chỉ sau khi NG,Chỉ khi audit,Không cần,A,Stack-up nên được phân tích sớm.,technical term = thuật ngữ kỹ thuật; requirement = yêu cầu; inspection = kiểm tra
210,F. Gia công CNC & DFM,CNC,Intermediate,Một lỗ yêu cầu độ tròn chặt có thể cần quy trình nào phù hợp?,Khoan + doa hoặc quy trình tinh phù hợp tùy yêu cầu,Chỉ khoan thô luôn đủ,Chỉ cắt laser,Không cần kiểm tra,A,Doa/finishing có thể giúp đạt yêu cầu hình học/kích thước.,technical term = thuật ngữ kỹ thuật; requirement = yêu cầu; inspection = kiểm tra
211,F. Gia công CNC & DFM,DFM,Intermediate,Lỗ ren quá nhỏ và sâu có rủi ro gì?,Gãy tap và khó thoát phoi,Luôn dễ hơn,Không có,Chỉ đổi màu,A,Tap nhỏ/sâu có nguy cơ gãy và thoát phoi khó.,technical term = thuật ngữ kỹ thuật; requirement = yêu cầu; inspection = kiểm tra
212,F. Gia công CNC & DFM,Machining,Intermediate,Sharp internal corner trong chi tiết phay thường khó vì sao?,Dao phay có bán kính và không thể tạo góc trong vô hạn nhỏ,Không có dao,Chỉ do vật liệu,Chỉ do màu,A,Hình học dao giới hạn góc trong.,technical term = thuật ngữ kỹ thuật; requirement = yêu cầu; inspection = kiểm tra
213,F. Gia công CNC & DFM,CNC,Intermediate,"Sau thay đổi tool, nên kiểm soát gì?","Kích thước, bề mặt và điều kiện quá trình theo yêu cầu",Chỉ tên file,Không cần kiểm tra,Chỉ màu,A,Thay dao có thể ảnh hưởng chất lượng.,technical term = thuật ngữ kỹ thuật; requirement = yêu cầu; inspection = kiểm tra
214,F. Gia công CNC & DFM,DFM,Intermediate,Thiết kế lỗ tiêu chuẩn có lợi ích gì?,"Dễ chọn dao, gauge và quy trình hơn",Luôn giảm độ bền,Không ảnh hưởng,Không thể đo,A,Kích thước tiêu chuẩn hỗ trợ sản xuất và kiểm tra.,technical term = thuật ngữ kỹ thuật; requirement = yêu cầu; inspection = kiểm tra
215,G. Đo kiểm,Tools,Intermediate,Micrometer thường có độ phân giải tốt hơn thước cặp không?,"Có, tùy loại",Không bao giờ,Luôn bằng nhau,Chỉ đo góc,A,Panme thường dùng cho đo kích thước chính xác hơn thước cặp.,technical term = thuật ngữ kỹ thuật; requirement = yêu cầu; inspection = kiểm tra
216,G. Đo kiểm,Tools,Intermediate,Bore gauge dùng chủ yếu để đo gì?,Kích thước/biến thiên đường kính trong,Độ nhám,Độ cứng,Góc,A,Bore gauge phù hợp đánh giá lỗ và biến thiên của lỗ.,technical term = thuật ngữ kỹ thuật; requirement = yêu cầu; inspection = kiểm tra
217,G. Đo kiểm,Tools,Intermediate,Height gauge thường dùng trên gì?,Bàn máp/surface plate,Máy tiện,Lò nhiệt,Bể anodize,A,Height gauge thường làm việc cùng surface plate.,technical term = thuật ngữ kỹ thuật; requirement = yêu cầu; inspection = kiểm tra
218,G. Đo kiểm,CMM,Intermediate,CMM là viết tắt của gì?,Coordinate Measuring Machine,CNC Material Machine,Center Machining Method,Computer Milling Machine,A,CMM = Coordinate Measuring Machine.,technical term = thuật ngữ kỹ thuật; requirement = yêu cầu; inspection = kiểm tra
219,G. Đo kiểm,CMM,Intermediate,CMM có thể đo position không?,Có,Không,Chỉ Ra,Chỉ vật liệu,A,CMM có thể đánh giá position nếu thiết lập đúng.,technical term = thuật ngữ kỹ thuật; requirement = yêu cầu; inspection = kiểm tra
220,G. Đo kiểm,Calibration,Intermediate,Calibration nhằm mục đích gì?,Xác nhận mối quan hệ giữa chỉ thị của thiết bị và chuẩn/giá trị tham chiếu,Tăng tốc máy,Đổi revision,Tạo bavia,A,Hiệu chuẩn giúp xác định độ chính xác/độ lệch của thiết bị.,technical term = thuật ngữ kỹ thuật; requirement = yêu cầu; inspection = kiểm tra
221,G. Đo kiểm,MSA,Intermediate,MSA là viết tắt của gì?,Measurement System Analysis,Material Surface Approval,Machine Safety Audit,Model Size Analysis,A,MSA = Measurement System Analysis.,technical term = thuật ngữ kỹ thuật; requirement = yêu cầu; inspection = kiểm tra
222,G. Đo kiểm,GRR,Intermediate,Gage R&R đánh giá chủ yếu gì?,Repeatability và Reproducibility của hệ thống đo,Độ bền vật liệu,Tốc độ cắt,Revision,A,Gage R&R là thành phần phổ biến của MSA.,technical term = thuật ngữ kỹ thuật; requirement = yêu cầu; inspection = kiểm tra
223,G. Đo kiểm,Repeatability,Intermediate,Repeatability là gì?,Độ biến thiên khi cùng người/dụng cụ đo lặp lại trong điều kiện tương tự,Khác người đo,Khác máy,Khác vật liệu,A,Repeatability liên quan biến thiên thiết bị/phép đo lặp lại.,technical term = thuật ngữ kỹ thuật; requirement = yêu cầu; inspection = kiểm tra
224,G. Đo kiểm,Reproducibility,Intermediate,Reproducibility là gì?,Biến thiên do người vận hành/điều kiện giữa người đo,Độ nhám,Độ cứng,Kích thước nominal,A,Reproducibility phản ánh khác biệt giữa appraisers/điều kiện.,technical term = thuật ngữ kỹ thuật; requirement = yêu cầu; inspection = kiểm tra
225,G. Đo kiểm,Temperature,Intermediate,Đo chi tiết chính xác cao cần kiểm soát nhiệt độ vì sao?,Giãn nở nhiệt có thể ảnh hưởng kết quả,Đổi màu,Tạo ren,Không liên quan,A,Nhiệt độ ảnh hưởng kích thước vật và có thể cả thiết bị.,technical term = thuật ngữ kỹ thuật; requirement = yêu cầu; inspection = kiểm tra
226,G. Đo kiểm,Measurement,Intermediate,Zero error của dụng cụ có thể gây gì?,Sai lệch kết quả đo,Tăng độ cứng,Đổi material,Không ảnh hưởng,A,Sai lệch zero làm kết quả đo bị offset.,technical term = thuật ngữ kỹ thuật; requirement = yêu cầu; inspection = kiểm tra
227,G. Đo kiểm,Measurement,Intermediate,"Khi đo bề mặt cong bằng thước cặp, cần chú ý gì?",Vị trí tiếp xúc và phương đo,Chỉ màu,Revision,PMI,A,Đặt sai hướng có thể tạo sai số.,technical term = thuật ngữ kỹ thuật; requirement = yêu cầu; inspection = kiểm tra
228,G. Đo kiểm,Measurement,Intermediate,Pin gauge GO/NO-GO dùng để kiểm tra gì?,Kích thước lỗ theo giới hạn chức năng,Độ nhám trực tiếp,Màu,Độ cứng,A,Pin gauge phù hợp kiểm tra kích thước lỗ theo giới hạn.,technical term = thuật ngữ kỹ thuật; requirement = yêu cầu; inspection = kiểm tra
229,G. Đo kiểm,Inspection,Intermediate,GO gauge thường đại diện cho điều kiện nào?,Giới hạn vật liệu/chức năng theo thiết kế gauge,Revision,Độ nhám,Màu,A,GO/NO-GO gauge được thiết kế theo giới hạn kiểm tra chức năng.,technical term = thuật ngữ kỹ thuật; requirement = yêu cầu; inspection = kiểm tra
230,G. Đo kiểm,Measurement,Intermediate,"Khi CMM báo lỗi position, có nên tự sửa drawing để làm chi tiết đạt không?",Không; phải xử lý nguyên nhân và thay đổi theo quy trình,Có,Luôn được,Chỉ sửa revision,A,Drawing là yêu cầu kiểm soát; không được sửa để hợp thức hóa sản phẩm.,technical term = thuật ngữ kỹ thuật; requirement = yêu cầu; inspection = kiểm tra
231,G. Đo kiểm,Inspection,Intermediate,Sampling plan khác 100% inspection ở điểm nào?,"Sampling kiểm tra một phần theo kế hoạch, 100% kiểm tra toàn bộ",Giống nhau,Sampling luôn chính xác hơn,100% không cần tiêu chuẩn,A,Đây là khác biệt cơ bản về phạm vi kiểm tra.,technical term = thuật ngữ kỹ thuật; requirement = yêu cầu; inspection = kiểm tra
232,G. Đo kiểm,Measurement,Intermediate,Resolution của dụng cụ là gì?,Mức thay đổi nhỏ nhất mà dụng cụ hiển thị/phân biệt theo đặc tính của nó,Độ chính xác tuyệt đối,Độ nhám,Độ cứng,A,Resolution không đồng nghĩa với accuracy.,technical term = thuật ngữ kỹ thuật; requirement = yêu cầu; inspection = kiểm tra
233,G. Đo kiểm,Measurement,Intermediate,Accuracy và precision có giống nhau không?,Không,Có,Luôn bằng nhau,Chỉ khác tên,A,Accuracy liên quan độ gần giá trị đúng; precision liên quan độ lặp lại/độ phân tán.,technical term = thuật ngữ kỹ thuật; requirement = yêu cầu; inspection = kiểm tra
234,H. Xử lý bề mặt,Anodize,Intermediate,White anodize là gì?,Anodizing nhôm với yêu cầu màu trắng theo specification,Mạ kẽm thép,Passivation inox,Sơn bắt buộc,A,White anodize là xử lý anodize tạo appearance màu trắng theo yêu cầu.,technical term = thuật ngữ kỹ thuật; requirement = yêu cầu; inspection = kiểm tra
235,H. Xử lý bề mặt,Anodize,Intermediate,Anodizing có thể làm thay đổi kích thước không?,Có,Không bao giờ,Chỉ đổi vật liệu,Chỉ đổi revision,A,Lớp oxide phát triển trên/ở trong bề mặt và có thể ảnh hưởng kích thước.,technical term = thuật ngữ kỹ thuật; requirement = yêu cầu; inspection = kiểm tra
236,H. Xử lý bề mặt,Anodize,Intermediate,Màu anodize có thể thay đổi theo yếu tố nào?,"Hợp kim, xử lý bề mặt, điều kiện anodize và dye/sealing",Chỉ đường kính,Chỉ revision,Không yếu tố nào,A,Màu phụ thuộc nhiều biến quy trình.,technical term = thuật ngữ kỹ thuật; requirement = yêu cầu; inspection = kiểm tra
237,H. Xử lý bề mặt,Passivation,Intermediate,Passivation khác anodize ở điểm nào?,Passivation phổ biến cho inox; anodize phổ biến cho nhôm,Hai quá trình luôn giống nhau,Anodize chỉ cho thép,Passivation chỉ cho nhôm,A,Hai xử lý có cơ chế và vật liệu ứng dụng khác nhau.,technical term = thuật ngữ kỹ thuật; requirement = yêu cầu; inspection = kiểm tra
238,H. Xử lý bề mặt,Surface,Intermediate,Ra 0.8 có yêu cầu bề mặt chặt hơn Ra 3.2 không?,Có,Không,Luôn giống,Không thể so,A,Giá trị Ra nhỏ hơn thường biểu thị bề mặt mịn hơn.,technical term = thuật ngữ kỹ thuật; requirement = yêu cầu; inspection = kiểm tra
239,H. Xử lý bề mặt,Surface,Intermediate,Grinding marks có thể ảnh hưởng điều gì?,Appearance và đặc tính bề mặt,Revision,Mã vật liệu,Datum tự động,A,Vết mài có thể ảnh hưởng ngoại quan và roughness.,technical term = thuật ngữ kỹ thuật; requirement = yêu cầu; inspection = kiểm tra
240,H. Xử lý bề mặt,Cleaning,Intermediate,Cleaning trước xử lý bề mặt có mục đích gì?,Loại dầu/bẩn và chuẩn bị bề mặt,Tăng kích thước,Đổi material,Tạo datum,A,Làm sạch giúp xử lý bề mặt ổn định.,technical term = thuật ngữ kỹ thuật; requirement = yêu cầu; inspection = kiểm tra
241,H. Xử lý bề mặt,Surface,Intermediate,"Nếu khách hàng chỉ định surface treatment, có nên tự thay bằng xử lý tương đương?",Không nếu chưa được phê duyệt,Có,Luôn được,Chỉ cần báo miệng,A,Surface treatment có thể ảnh hưởng chức năng và appearance.,technical term = thuật ngữ kỹ thuật; requirement = yêu cầu; inspection = kiểm tra
242,H. Xử lý bề mặt,Surface,Intermediate,Appearance inspection bằng mẫu chuẩn có lợi ích gì?,So sánh trực quan nhất quán với tiêu chuẩn/mẫu,Thay toàn bộ đo kích thước,Thay GD&T,Xác định tensile strength,A,Mẫu chuẩn hỗ trợ đánh giá appearance.,technical term = thuật ngữ kỹ thuật; requirement = yêu cầu; inspection = kiểm tra
243,H. Xử lý bề mặt,Surface,Intermediate,"Nếu hai lot anodize có màu khác nhau, nên xem xét gì?",Điều kiện vật liệu và quy trình giữa các lot,Chỉ revision,Chỉ kích thước,Không cần điều tra,A,"Màu có thể biến đổi do hợp kim, pretreatment và điều kiện anodize.",technical term = thuật ngữ kỹ thuật; requirement = yêu cầu; inspection = kiểm tra
244,I. CAD / 3D Modeling,3D CAD,Intermediate,Solid model là gì?,Mô hình 3D có thông tin hình học tạo thành vật thể,Ảnh bitmap,Chỉ drawing 2D,Chỉ PDF,A,Solid model biểu diễn hình học 3D của vật thể.,technical term = thuật ngữ kỹ thuật; requirement = yêu cầu; inspection = kiểm tra
245,I. CAD / 3D Modeling,CAD,Intermediate,Parametric modeling có ưu điểm gì?,Quan hệ và kích thước có thể điều khiển bằng tham số/feature,Không thể sửa,Chỉ tạo mesh,Chỉ dùng PDF,A,Parametric CAD cho phép cập nhật mô hình theo quan hệ thiết kế.,technical term = thuật ngữ kỹ thuật; requirement = yêu cầu; inspection = kiểm tra
246,I. CAD / 3D Modeling,CAD,Intermediate,Feature tree dùng để làm gì?,Quản lý lịch sử/các feature của mô hình,Đo Ra trực tiếp,Quản lý nhân sự,Lưu audit,A,Feature tree thể hiện các bước/feature tạo mô hình.,technical term = thuật ngữ kỹ thuật; requirement = yêu cầu; inspection = kiểm tra
247,I. CAD / 3D Modeling,CAD,Intermediate,Pattern feature dùng để làm gì?,Tạo các bản sao theo quy luật,Đổi material,Đo CMM,Tạo revision,A,Pattern tạo nhiều instance theo linear/circular pattern...,technical term = thuật ngữ kỹ thuật; requirement = yêu cầu; inspection = kiểm tra
248,I. CAD / 3D Modeling,CAD,Intermediate,Assembly constraint dùng để làm gì?,Xác định quan hệ/vị trí tương đối giữa các component,Tạo Ra,Đổi vật liệu,Tạo FAI,A,Assembly constraints định vị component.,technical term = thuật ngữ kỹ thuật; requirement = yêu cầu; inspection = kiểm tra
249,I. CAD / 3D Modeling,CAD,Intermediate,STEP file chủ yếu là gì?,Định dạng trao đổi dữ liệu CAD theo tiêu chuẩn STEP,Ảnh,File âm thanh,Database nhân sự,A,STEP là định dạng trao đổi dữ liệu sản phẩm.,technical term = thuật ngữ kỹ thuật; requirement = yêu cầu; inspection = kiểm tra
250,I. CAD / 3D Modeling,CAD,Intermediate,Export CAD sang định dạng khác có thể gây gì?,Mất/biến đổi một số feature hoặc thông tin tùy định dạng,Luôn giữ 100%,Không bao giờ lỗi,Tự tạo revision,A,Khả năng trao đổi phụ thuộc định dạng và dữ liệu.,technical term = thuật ngữ kỹ thuật; requirement = yêu cầu; inspection = kiểm tra
251,I. CAD / 3D Modeling,CAD,Intermediate,Healing geometry dùng để làm gì?,Sửa/khắc phục vấn đề hình học khi trao đổi hoặc mô hình hóa,Đổi vật liệu,Tạo PMI,Đo độ cứng,A,Healing giúp xử lý lỗi topology/gaps...,technical term = thuật ngữ kỹ thuật; requirement = yêu cầu; inspection = kiểm tra
252,I. CAD / 3D Modeling,CAD,Intermediate,Compare 3D model dùng để làm gì?,Phát hiện khác biệt hình học giữa hai phiên bản/mô hình,Đo Ra,Tạo ren,Đổi revision tự động,A,3D comparison hỗ trợ kiểm tra thay đổi hình học.,technical term = thuật ngữ kỹ thuật; requirement = yêu cầu; inspection = kiểm tra
253,I. CAD / 3D Modeling,CAD,Intermediate,"Khi derivative model được tạo từ customer master, điều quan trọng là gì?",Traceability về master part/revision và kiểm soát thay đổi,Xóa master,Sửa master tự do,Không cần lưu revision,A,Derivative data cần truy xuất được nguồn và revision.,technical term = thuật ngữ kỹ thuật; requirement = yêu cầu; inspection = kiểm tra
254,J. MBD / 3D PDF / PMI,MBD,Advanced,MBD là viết tắt của gì?,Model Based Definition,Machine Based Drawing,Material Based Data,Model Basic Dimension,A,MBD = Model Based Definition.,MBD = định nghĩa dựa trên model; PMI = thông tin sản xuất; 3D PDF = tài liệu PDF 3D
255,J. MBD / 3D PDF / PMI,MBD,Advanced,Mục tiêu chính của MBD là gì?,Dùng mô hình 3D và thông tin sản phẩm liên quan làm nguồn định nghĩa sản phẩm thay vì phụ thuộc hoàn toàn vào drawing 2D,Chỉ tạo ảnh 3D,Thay CNC bằng PDF,Chỉ giảm dung lượng file,A,MBD đưa product definition vào mô hình và PMI/dữ liệu liên quan.,MBD = định nghĩa dựa trên model; PMI = thông tin sản xuất; 3D PDF = tài liệu PDF 3D
256,J. MBD / 3D PDF / PMI,PMI,Advanced,PMI là viết tắt của gì?,Product Manufacturing Information,Product Material Index,Process Measurement Instruction,Part Model Input,A,PMI = Product Manufacturing Information.,MBD = định nghĩa dựa trên model; PMI = thông tin sản xuất; 3D PDF = tài liệu PDF 3D
257,J. MBD / 3D PDF / PMI,PMI,Advanced,PMI có thể bao gồm gì?,"Kích thước, GD&T, datum, surface finish, notes và yêu cầu sản xuất/kiểm tra",Chỉ màu,Chỉ tên file,Chỉ revision,A,PMI có thể chứa nhiều thông tin định nghĩa sản phẩm.,MBD = định nghĩa dựa trên model; PMI = thông tin sản xuất; 3D PDF = tài liệu PDF 3D
258,J. MBD / 3D PDF / PMI,3D PDF,Advanced,3D PDF có thể dùng để làm gì trong MBD?,Hiển thị mô hình 3D và PMI/annotation trong tài liệu dễ chia sẻ,Chỉ lưu ảnh 2D,Chỉ lập trình CNC,Thay CMM,A,3D PDF có thể là một phương tiện phân phối product definition.,MBD = định nghĩa dựa trên model; PMI = thông tin sản xuất; 3D PDF = tài liệu PDF 3D
259,J. MBD / 3D PDF / PMI,3D PDF,Advanced,"Nếu 3D PDF chứa PMI, người dùng có thể xem gì?","Kích thước, GD&T, datum và các annotation được xuất vào PDF",Chỉ hình dáng,Chỉ material cert,Chỉ revision,A,PMI hiển thị phụ thuộc nội dung được tác giả đưa vào file.,MBD = định nghĩa dựa trên model; PMI = thông tin sản xuất; 3D PDF = tài liệu PDF 3D
260,J. MBD / 3D PDF / PMI,STEP,Advanced,STEP trong trao đổi CAD chủ yếu phục vụ gì?,Trao đổi hình học và dữ liệu sản phẩm giữa hệ CAD,Thay PDF hoàn toàn,Chỉ lưu ảnh,Chỉ lưu email,A,STEP là tiêu chuẩn trao đổi dữ liệu sản phẩm.,MBD = định nghĩa dựa trên model; PMI = thông tin sản xuất; 3D PDF = tài liệu PDF 3D
261,J. MBD / 3D PDF / PMI,STEP AP214,Advanced,AP214 liên quan đến gì?,Một application protocol trong STEP cho dữ liệu core/product information và trao đổi CAD theo phạm vi tiêu chuẩn,Một loại dao,Một loại vật liệu,Một kiểu CMM,A,AP214 là một application protocol của ISO 10303.,MBD = định nghĩa dựa trên model; PMI = thông tin sản xuất; 3D PDF = tài liệu PDF 3D
262,J. MBD / 3D PDF / PMI,Authority dataset,Advanced,Authority dataset trong MBD có ý nghĩa gì?,Bộ dữ liệu được xác định là nguồn có thẩm quyền để định nghĩa sản phẩm theo quy định dự án,File cá nhân chưa kiểm soát,Ảnh chụp màn hình,File tạm,A,Authority data phải được xác định và kiểm soát.,MBD = định nghĩa dựa trên model; PMI = thông tin sản xuất; 3D PDF = tài liệu PDF 3D
263,J. MBD / 3D PDF / PMI,MBD,Advanced,"Nếu 3D model là authority geometry, có được tự ý thay đổi geometry không?","Không, nếu không có quyền/qui trình thay đổi được phê duyệt",Có,Luôn được,Chỉ cần đổi tên,A,Master/authority data phải được bảo vệ khỏi thay đổi trái phép.,MBD = định nghĩa dựa trên model; PMI = thông tin sản xuất; 3D PDF = tài liệu PDF 3D
264,J. MBD / 3D PDF / PMI,PMI,Advanced,Semantic PMI là gì?,PMI có cấu trúc/ngữ nghĩa máy có thể đọc để hiểu ý nghĩa kỹ thuật,PMI chỉ là ảnh,PMI không có dữ liệu,PMI là màu,A,Semantic PMI mang ý nghĩa dữ liệu có cấu trúc.,MBD = định nghĩa dựa trên model; PMI = thông tin sản xuất; 3D PDF = tài liệu PDF 3D
265,J. MBD / 3D PDF / PMI,PMI,Advanced,Graphical PMI khác semantic PMI cơ bản ở đâu?,Graphical chủ yếu biểu diễn trực quan; semantic có thông tin có cấu trúc để phần mềm hiểu,Hai cái luôn giống,Graphical không nhìn thấy,Semantic chỉ là ảnh,A,Semantic PMI hỗ trợ downstream automation tốt hơn.,MBD = định nghĩa dựa trên model; PMI = thông tin sản xuất; 3D PDF = tài liệu PDF 3D
266,J. MBD / 3D PDF / PMI,MBD,Advanced,Một MBD dataset thiếu thông tin cần thiết để sản xuất. Nên làm gì?,Xác nhận/clarify nguồn có thẩm quyền thay vì tự suy đoán,Tự đoán,Bỏ qua,Tự sửa master,A,Không nên suy diễn yêu cầu sản phẩm.,MBD = định nghĩa dựa trên model; PMI = thông tin sản xuất; 3D PDF = tài liệu PDF 3D
267,J. MBD / 3D PDF / PMI,PMI,Advanced,"Nếu PMI của datum A không rõ ràng, hành động phù hợp là gì?",Xác nhận yêu cầu từ nguồn kiểm soát,Tự chọn mặt dễ gá,Xóa datum,Chỉ dùng hình học,A,Datum là yêu cầu chức năng nên phải được xác nhận.,MBD = định nghĩa dựa trên model; PMI = thông tin sản xuất; 3D PDF = tài liệu PDF 3D
268,J. MBD / 3D PDF / PMI,3D PDF,Advanced,Một 3D PDF có thể chứa nhiều saved views không?,"Có, tùy phần mềm/cách xuất",Không bao giờ,Chỉ một view,Chỉ 2D,A,Saved views là tính năng thường dùng để trình bày PMI theo vùng/ý định.,MBD = định nghĩa dựa trên model; PMI = thông tin sản xuất; 3D PDF = tài liệu PDF 3D
269,J. MBD / 3D PDF / PMI,3D PDF,Advanced,Section view trong 3D PDF giúp gì?,Quan sát cấu tạo bên trong mô hình,Tạo revision,Đo độ cứng,Đổi vật liệu,A,Section view giúp nhìn bên trong.,MBD = định nghĩa dựa trên model; PMI = thông tin sản xuất; 3D PDF = tài liệu PDF 3D
270,J. MBD / 3D PDF / PMI,PMI,Advanced,"Khi PMI có nhiều view, tại sao cần kiểm tra từng view?",Đảm bảo tất cả yêu cầu/annotation cần thiết được hiển thị và không bị thiếu,Chỉ để đẹp,Không cần,Để đổi material,A,MBD phụ thuộc vào nội dung PMI được phân bố trong các view.,MBD = định nghĩa dựa trên model; PMI = thông tin sản xuất; 3D PDF = tài liệu PDF 3D
271,J. MBD / 3D PDF / PMI,MBD,Advanced,"Nếu 3D geometry và PMI không nhất quán, rủi ro là gì?",Gia công/kiểm tra sai yêu cầu,Chỉ ảnh hưởng màu,Không ảnh hưởng,Chỉ ảnh hưởng PDF size,A,Mâu thuẫn giữa geometry và PMI có thể gây sai sản phẩm.,MBD = định nghĩa dựa trên model; PMI = thông tin sản xuất; 3D PDF = tài liệu PDF 3D
272,J. MBD / 3D PDF / PMI,Traceability,Advanced,Traceability của derivative MBD data nên liên kết với gì?,"Customer part number, customer revision và nguồn master",Chỉ tên file nội bộ,Chỉ người tạo,Chỉ ngày tạo,A,Traceability cần đủ thông tin để truy ngược nguồn.,MBD = định nghĩa dựa trên model; PMI = thông tin sản xuất; 3D PDF = tài liệu PDF 3D
273,J. MBD / 3D PDF / PMI,Derivative,Advanced,Derivative data là gì?,Dữ liệu được tạo/chuyển đổi/thay đổi từ master data theo quy trình,Master data nguyên bản,File không liên quan,Email,A,Derivative data phát sinh từ master theo hoạt động được kiểm soát.,MBD = định nghĩa dựa trên model; PMI = thông tin sản xuất; 3D PDF = tài liệu PDF 3D
274,J. MBD / 3D PDF / PMI,Derivative,Advanced,Chuyển đổi STEP khách hàng sang tên/revision nội bộ nhưng không sửa geometry được xem là gì?,Derivative data nếu hệ thống quản lý xác định như vậy,Luôn master,Không phải dữ liệu,Revision khách hàng,A,Bản sao/chuyển đổi nội bộ vẫn là derivative nếu phát sinh từ master.,MBD = định nghĩa dựa trên model; PMI = thông tin sản xuất; 3D PDF = tài liệu PDF 3D
275,J. MBD / 3D PDF / PMI,Master,Advanced,Master data khách hàng nên được lưu thế nào?,"Theo hệ thống lưu trữ kiểm soát, hạn chế quyền sửa/xóa trái phép",Trên desktop cá nhân,Gửi qua chat,Không cần backup,A,Master data cần kiểm soát truy cập và toàn vẹn.,MBD = định nghĩa dựa trên model; PMI = thông tin sản xuất; 3D PDF = tài liệu PDF 3D
276,J. MBD / 3D PDF / PMI,Revision,Advanced,Customer revision và internal derivative revision có nhất thiết luôn giống nhau không?,Không,Luôn giống,Luôn khác,Không có revision,A,Revision nội bộ có thể thay đổi theo quy trình nội bộ ngay cả khi customer revision không đổi.,MBD = định nghĩa dựa trên model; PMI = thông tin sản xuất; 3D PDF = tài liệu PDF 3D
277,J. MBD / 3D PDF / PMI,MBD,Advanced,"Khi customer revision thay đổi, điều gì cần kiểm tra?","Ảnh hưởng đến geometry, PMI, derivative data, quy trình và sản phẩm liên quan",Chỉ tên file,Chỉ màu,Không cần kiểm tra,A,Revision change cần đánh giá impact.,MBD = định nghĩa dựa trên model; PMI = thông tin sản xuất; 3D PDF = tài liệu PDF 3D
278,J. MBD / 3D PDF / PMI,PMI,Advanced,Một PMI dimension bị che trong view có thể gây rủi ro gì?,Người dùng bỏ sót yêu cầu,Tăng độ cứng,Đổi material,Tự sửa revision,A,PMI không rõ/không thấy có thể dẫn đến bỏ sót yêu cầu.,MBD = định nghĩa dựa trên model; PMI = thông tin sản xuất; 3D PDF = tài liệu PDF 3D
279,J. MBD / 3D PDF / PMI,3D PDF,Advanced,3D PDF có phải luôn là dữ liệu hình học gốc có thể chỉnh sửa như CAD không?,Không,Có,Luôn là native CAD,Luôn chứa feature tree đầy đủ,A,3D PDF chủ yếu là phương tiện phân phối/xem; không đồng nghĩa native CAD.,MBD = định nghĩa dựa trên model; PMI = thông tin sản xuất; 3D PDF = tài liệu PDF 3D
280,J. MBD / 3D PDF / PMI,STEP,Advanced,STEP và 3D PDF có cùng mục đích hoàn toàn không?,Không,Có,Luôn thay thế nhau,Chỉ khác tên,A,STEP thiên về trao đổi dữ liệu CAD; 3D PDF thiên về trình bày/phân phối và PMI tùy dataset.,MBD = định nghĩa dựa trên model; PMI = thông tin sản xuất; 3D PDF = tài liệu PDF 3D
281,J. MBD / 3D PDF / PMI,PMI,Advanced,"Khi sử dụng MBD cho inspection, PMI nào đặc biệt quan trọng?","Datum, basic dimensions, GD&T và kích thước/requirements liên quan",Chỉ màu,Chỉ file size,Chỉ tên người tạo,A,Đây là các thông tin trực tiếp phục vụ định nghĩa và kiểm tra.,MBD = định nghĩa dựa trên model; PMI = thông tin sản xuất; 3D PDF = tài liệu PDF 3D
282,J. MBD / 3D PDF / PMI,MBD,Advanced,"Nếu model không thể hiện một kích thước nhưng requirement tồn tại trong PMI/authority data khác, nên xử lý thế nào?","Theo nguồn authority và quy trình xác nhận dữ liệu, không tự suy đoán",Đo model rồi tự tạo,Bỏ qua,Tự sửa master,A,Cần dùng nguồn có thẩm quyền.,MBD = định nghĩa dựa trên model; PMI = thông tin sản xuất; 3D PDF = tài liệu PDF 3D
283,J. MBD / 3D PDF / PMI,PMI,Advanced,PMI có thể được dùng cho manufacturing và inspection không?,Có,Không,Chỉ marketing,Chỉ rendering,A,PMI được dùng để truyền yêu cầu sản xuất và kiểm tra.,MBD = định nghĩa dựa trên model; PMI = thông tin sản xuất; 3D PDF = tài liệu PDF 3D
284,J. MBD / 3D PDF / PMI,MBD,Advanced,Một internal 2D drawing được tạo từ customer MBD có thể là gì?,Derivative production reference nếu quy trình nội bộ quy định,Customer master mặc định,Không cần revision,Luôn authority customer,A,Tài liệu nội bộ tạo từ master cần được kiểm soát như derivative.,MBD = định nghĩa dựa trên model; PMI = thông tin sản xuất; 3D PDF = tài liệu PDF 3D
285,J. MBD / 3D PDF / PMI,MBD,Advanced,"Khi chuyển inch sang mm trong derivative data, điều quan trọng nhất là gì?","Kiểm soát chuyển đổi, kiểm tra giá trị và traceability về master",Chỉ đổi đơn vị trên title,Không cần kiểm tra,Xóa dữ liệu gốc,A,Unit conversion có thể gây sai số và phải được kiểm tra.,MBD = định nghĩa dựa trên model; PMI = thông tin sản xuất; 3D PDF = tài liệu PDF 3D
286,J. MBD / 3D PDF / PMI,MBD,Advanced,"Nếu customer MBD thiếu section view cần cho gia công/kiểm tra, nhân viên nên làm gì?",Xác nhận yêu cầu hoặc tạo derivative view theo quy trình mà không thay đổi authority master,Tự sửa master,Bỏ qua,Tự đoán,A,Có thể tạo dữ liệu nội bộ bổ sung nếu được kiểm soát.,MBD = định nghĩa dựa trên model; PMI = thông tin sản xuất; 3D PDF = tài liệu PDF 3D
287,J. MBD / 3D PDF / PMI,MBD,Advanced,"Khi phát hành derivative data, cần kiểm soát gì?","Review, approval, revision/status và traceability",Chỉ tên file,Chỉ người tạo,Chỉ ngày,A,Phát hành dữ liệu derivative cần kiểm soát trạng thái và truy xuất.,MBD = định nghĩa dựa trên model; PMI = thông tin sản xuất; 3D PDF = tài liệu PDF 3D
288,GD&T,Tình huống thực tế,Advanced,"Một lỗ Ø10.00–10.10 có position Ø0.05(M). Nếu actual = Ø10.08, bonus tolerance là bao nhiêu?",0.00,0.08,0.05,0.13,B,MMC của lỗ là Ø10.00; bonus = 10.08−10.00 = 0.08.,GD&T = dung sai kích thước và hình học; datum = chuẩn; feature = đặc tính hình học; tolerance = dung sai
289,GD&T,Tình huống thực tế,Advanced,"Trong câu trước, tổng position tolerance khả dụng tại actual Ø10.08 là?",0.05,0.08,0.13,0.03,C,Tổng = stated 0.05 + bonus 0.08 = Ø0.13.,GD&T = dung sai kích thước và hình học; datum = chuẩn; feature = đặc tính hình học; tolerance = dung sai
290,Tolerance,Tình huống thực tế,Advanced,Một khoảng lắp có hole min 10.02 và shaft max 9.98. Clearance tối thiểu là?,0.02,0.04,0.06,0.00,B,Clearance min = hole min − shaft max = 10.02−9.98 = 0.04.,tolerance = dung sai; nominal = danh nghĩa; limit = giới hạn; fit = kiểu lắp
291,Tolerance,Tình huống thực tế,Advanced,Hole max 10.08 và shaft min 9.96. Clearance tối đa là?,0.08,0.12,0.14,0.04,B,Clearance max = 10.08−9.96 = 0.12.,tolerance = dung sai; nominal = danh nghĩa; limit = giới hạn; fit = kiểu lắp
292,GD&T,Tình huống thực tế,Advanced,Position Ø0.20(RFS) nghĩa là khi feature size thay đổi trong giới hạn kích thước thì geometric tolerance thay đổi thế nào?,Tự động tăng theo kích thước,Tự động giảm,Không đổi do RFS,Bằng 0,C,RFS không tạo bonus tolerance theo kích thước feature.,GD&T = dung sai kích thước và hình học; datum = chuẩn; feature = đặc tính hình học; tolerance = dung sai
293,GD&T,Tình huống thực tế,Advanced,"Một mặt phẳng có flatness 0.1. Nếu hai mặt phẳng song song bao quanh toàn bộ bề mặt cách nhau 0.1, yêu cầu đạt khi nào?",Khi toàn bộ bề mặt nằm giữa hai mặt phẳng đó,Khi có datum A,Khi Ra <0.1,Khi kích thước dài đúng,A,Đó là ý nghĩa của flatness tolerance zone.,GD&T = dung sai kích thước và hình học; datum = chuẩn; feature = đặc tính hình học; tolerance = dung sai
294,GD&T,Tình huống thực tế,Advanced,Datum A là mặt đáy chức năng để gá. Datum B là mặt bên để định hướng. Lựa chọn này thể hiện điều gì?,Datum được chọn theo chức năng định vị/lắp ráp,Datum chọn ngẫu nhiên,Datum chỉ để đo,Datum chỉ để đẹp,A,Datum nên phản ánh chức năng và phương pháp định vị.,GD&T = dung sai kích thước và hình học; datum = chuẩn; feature = đặc tính hình học; tolerance = dung sai
295,MBD,Tình huống thực tế,Advanced,"Customer cung cấp 3D PDF và STEP. Trước khi tạo derivative data, điều gì cần xác định?","Revision, authority/status và quan hệ giữa các dữ liệu",Chỉ màu PDF,Chỉ kích thước file,Chỉ tên người gửi,A,Cần xác định dữ liệu nào có thẩm quyền và revision nào hiện hành.,MBD = định nghĩa dựa trên model; PMI = thông tin sản xuất; master data = dữ liệu gốc; derivative data = dữ liệu phái sinh
296,MBD,Tình huống thực tế,Advanced,Bạn thấy STEP geometry đúng nhưng 3D PDF PMI có position khác. Hành động phù hợp nhất?,Dừng sử dụng phần mâu thuẫn và xác nhận nguồn authority,Chọn PMI nhỏ hơn,Chọn STEP vì 3D,Tự sửa PDF,A,Mâu thuẫn authority phải được giải quyết trước khi sử dụng.,MBD = định nghĩa dựa trên model; PMI = thông tin sản xuất; master data = dữ liệu gốc; derivative data = dữ liệu phái sinh
297,MBD,Tình huống thực tế,Advanced,Một internal derivative model được sửa geometry theo yêu cầu đã phê duyệt. Cần lưu gì?,"Revision/status, người tạo/reviewer/approval và traceability về master",Chỉ file cuối,Chỉ ảnh chụp,Không cần lịch sử,A,Derivative changes cần audit trail/traceability.,MBD = định nghĩa dựa trên model; PMI = thông tin sản xuất; master data = dữ liệu gốc; derivative data = dữ liệu phái sinh
298,Inspection,Tình huống thực tế,Advanced,"Nếu drawing yêu cầu position Ø0.10(M) nhưng CMM report chỉ có X/Y deviation mà không có đánh giá position, có đủ bằng chứng không?",Không nhất thiết,Luôn đủ,Chỉ cần chữ ký,Chỉ cần ảnh,A,Cần bằng chứng đánh giá đúng yêu cầu position và datum.,technical term = thuật ngữ kỹ thuật; requirement = yêu cầu; inspection = kiểm tra
299,Inspection,Tình huống thực tế,Advanced,"Nếu một mặt có flatness 0.05, đo bằng CMM nhưng chương trình đánh giá sai datum A, kết quả có đáng tin không?",Không; flatness bản thân không cần datum nhưng setup/đánh giá phải đúng yêu cầu,Có,Luôn đúng,Chỉ cần kích thước,A,"Flatness không dùng datum, nên nếu chương trình gắn datum sai thì phải xem lại; nhưng bản thân flatness vẫn là form control.",technical term = thuật ngữ kỹ thuật; requirement = yêu cầu; inspection = kiểm tra
300,Tolerance,Tình huống thực tế,Advanced,Một kích thước 40±0.1 được đo 40.100 đúng giới hạn trên. Kết luận theo dung sai kích thước thông thường?,OK,NG,Chưa đủ vì bằng limit,Luôn NG,A,Giá trị đúng upper limit thường vẫn nằm trong vùng chấp nhận.,tolerance = dung sai; nominal = danh nghĩa; limit = giới hạn; fit = kiểu lắp
301,GD&T,Fundamentals,Intermediate,"Trong GD&T, feature nghĩa gần nhất là gì?",Đặc tính/đối tượng hình học,Vật liệu,Máy CNC,Người kiểm tra,A,Feature là đối tượng hình học được kiểm soát hoặc tham chiếu.,feature = đặc tính hình học; control = kiểm soát
302,GD&T,Fundamentals,Intermediate,Tolerance zone là gì?,Vùng không gian mà feature phải nằm trong đó,Vùng vật liệu,Vùng gia công,Vùng an toàn,A,Tolerance zone là vùng giới hạn cho phép của yêu cầu hình học.,tolerance zone = vùng dung sai; feature = đặc tính
303,GD&T,Form,Intermediate,Flatness 0.08 tạo vùng dung sai như thế nào?,Hai mặt phẳng song song cách nhau 0.08,Hai mặt phẳng vuông góc,Một hình cầu,Một trụ,A,Flatness tạo vùng gồm hai mặt phẳng song song.,flatness = độ phẳng; parallel = song song
304,GD&T,Form,Intermediate,Circularity kiểm soát điều gì?,Biên dạng tròn của từng tiết diện,Vị trí tâm so với datum,Độ song song,Độ nhám,A,Circularity kiểm soát hình dạng từng tiết diện tròn.,circularity = độ tròn; section = tiết diện
305,GD&T,Form,Advanced,Cylindricity khác circularity ở điểm nào?,Cylindricity kiểm soát toàn bộ bề mặt trụ,Cylindricity chỉ kiểm tra một tiết diện,Circularity luôn cần datum,Hai khái niệm giống nhau,A,Cylindricity kiểm soát toàn bộ bề mặt trụ.,cylindricity = độ trụ; surface = bề mặt
306,GD&T,Form,Intermediate,Straightness của line element kiểm soát gì?,Độ thẳng của phần tử đường,Độ vuông góc với datum,Đường kính,Độ nhám,A,Straightness kiểm soát độ thẳng theo cách áp dụng.,straightness = độ thẳng; line element = phần tử đường
307,GD&T,Orientation,Intermediate,Perpendicularity của surface kiểm soát gì?,Orientation của surface so với datum,Độ nhám,Đường kính,Màu,A,Perpendicularity kiểm soát quan hệ vuông góc với datum.,perpendicularity = độ vuông góc; datum = chuẩn
308,GD&T,Orientation,Intermediate,Parallelism của surface với datum A yêu cầu gì?,Bề mặt nằm trong vùng song song với datum A,Đường kính phải đúng,Không cần datum,Độ cứng,A,Parallelism kiểm soát orientation so với datum.,parallelism = độ song song; orientation = định hướng
309,GD&T,Orientation,Intermediate,Angularity dùng để kiểm soát gì?,Orientation theo một góc cơ bản xác định,Đường kính,Độ nhám,Khối lượng,A,Angularity kiểm soát orientation theo góc lý thuyết.,angularity = độ nghiêng; basic angle = góc cơ bản
310,GD&T,Location,Intermediate,Position của lỗ chủ yếu kiểm soát gì?,Vị trí và hướng của axis/feature,Độ nhám,Độ cứng,Màu,A,Position là control chính cho location của feature of size.,position = vị trí; axis = trục
311,GD&T,Location,Advanced,Position Ø0.20(M) của hole: hole lớn hơn MMC thì điều gì có thể xảy ra?,Có bonus tolerance,Dung sai giảm,Datum mất,Kích thước danh nghĩa đổi,A,Hole rời MMC có thể nhận bonus tolerance.,bonus tolerance = dung sai cộng thêm; MMC = điều kiện vật liệu lớn nhất
312,GD&T,Location,Advanced,RFS nghĩa là gì?,Regardless of Feature Size,Reference Feature Standard,Radial Form System,Required Feature Size,A,RFS không tạo bonus tolerance do thay đổi kích thước feature.,RFS = không phụ thuộc kích thước feature
313,GD&T,Limits,Advanced,MMC của shaft Ø9.90–10.00 là?,10.00,9.90,9.95,0,A,Shaft lớn nhất chứa nhiều vật liệu nhất.,shaft = trục; MMC = điều kiện vật liệu lớn nhất
314,GD&T,Limits,Advanced,LMC của hole Ø10.00–10.10 là?,10.10,10.00,10.05,0,A,Hole lớn nhất chứa ít vật liệu nhất.,hole = lỗ; LMC = điều kiện vật liệu nhỏ nhất
315,GD&T,Datums,Intermediate,Datum feature là gì?,Feature thực tế được chọn làm cơ sở thiết lập datum,Kích thước bất kỳ,Vật liệu,Tên máy đo,A,Datum feature là feature thực tế dùng để thiết lập datum.,datum feature = đặc tính chuẩn
316,GD&T,Datums,Advanced,Vì sao datum A-B-C quan trọng?,Thiết lập hệ tham chiếu và bậc tự do nhất quán,Đổi vật liệu,Đổi màu,Tăng tốc CNC,A,Datum reference frame xác lập cơ sở đánh giá hình học.,datum reference frame = hệ tham chiếu datum; degree of freedom = bậc tự do
317,GD&T,Profile,Intermediate,Profile of a surface kiểm soát gì?,Biên dạng của toàn bộ bề mặt,Chỉ độ phẳng,Chỉ đường kính,Chỉ vị trí tâm,A,Profile kiểm soát biên dạng theo vùng dung sai.,profile = biên dạng; surface = bề mặt
318,GD&T,Runout,Intermediate,Circular runout kiểm tra gì?,Biến thiên chỉ thị tại từng tiết diện khi quay,Độ phẳng toàn mặt,Độ cứng,Màu,A,Circular runout đánh giá biến thiên tại circular element khi quay.,circular runout = độ đảo tròn; indicator = đồng hồ chỉ thị
319,GD&T,Runout,Advanced,Total runout khác circular runout thế nào?,Kiểm soát toàn bộ bề mặt trong suốt phép quay,Chỉ một tiết diện,Chỉ kích thước,Chỉ độ nhám,A,Total runout kiểm soát toàn bộ surface khi quay.,total runout = độ đảo tổng
320,GD&T,Drawing,Intermediate,Feature Control Frame dùng để làm gì?,Thể hiện yêu cầu GD&T,Thể hiện vật liệu,Đặt tên file,Tạo toolpath,A,"FCF chứa symbol, tolerance, modifier và datum reference.",feature control frame = khung điều khiển đặc tính
321,GD&T,Drawing,Advanced,Basic dimension thường được thể hiện bằng gì?,Khung chữ nhật,Hình tròn,Tam giác,Gạch chéo,A,Basic dimension thường được đặt trong rectangular frame.,basic dimension = kích thước cơ bản
322,GD&T,Inspection,Advanced,Functional gage dùng để làm gì?,Mô phỏng điều kiện lắp/hoạt động để đánh giá pass/fail,Đo màu,Đo độ cứng,Tạo STEP,A,Functional gage đánh giá chức năng theo điều kiện thiết kế.,functional gage = dưỡng kiểm chức năng
323,Tolerance,Fundamentals,Intermediate,20.00 ±0.05 có upper limit là?,20.05,19.95,20.00,0.05,A,Upper limit = 20.00 + 0.05.,upper limit = giới hạn trên
324,Tolerance,Fundamentals,Intermediate,20.00 ±0.05 có lower limit là?,19.95,20.05,20.00,0.10,A,Lower limit = 20.00 − 0.05.,lower limit = giới hạn dưới
325,Tolerance,Fundamentals,Intermediate,20.00 +0.03/-0.01 có total tolerance là?,0.04,0.02,0.03,0.01,A,0.03 − (−0.01) = 0.04.,total tolerance = tổng dung sai; deviation = độ lệch
326,Tolerance,Fits,Intermediate,Clearance fit là gì?,Luôn có khe hở,Luôn có độ dôi,Có thể cả hai,Không có tolerance,A,Clearance fit tạo clearance dương theo giới hạn thiết kế.,clearance fit = lắp có khe hở
327,Tolerance,Fits,Intermediate,Interference fit là gì?,Luôn có độ dôi,Luôn có khe hở,Không có tolerance,Chỉ cho ren,A,Interference fit tạo độ dôi giữa mating features.,interference fit = lắp có độ dôi
328,Tolerance,Fits,Intermediate,Transition fit có thể cho kết quả nào?,Clearance hoặc interference tùy kích thước thực,Chỉ clearance,Chỉ interference,Không có giới hạn,A,Transition fit nằm giữa hai loại fit trên.,transition fit = lắp trung gian
329,Tolerance,Fits,Intermediate,Minimum clearance được tính thế nào?,Hole min − shaft max,Hole max − shaft min,Shaft max − hole min,Nominal − nominal,A,Đây là trường hợp xấu nhất để khe hở nhỏ nhất.,minimum clearance = khe hở nhỏ nhất
330,Tolerance,Fits,Intermediate,Maximum clearance được tính thế nào?,Hole max − shaft min,Hole min − shaft max,Shaft max − hole max,Nominal − nominal,A,Hole lớn nhất kết hợp shaft nhỏ nhất cho clearance lớn nhất.,maximum clearance = khe hở lớn nhất
331,Tolerance,Limits,Intermediate,MMC của hole thường là giới hạn nào?,Đường kính nhỏ nhất,Đường kính lớn nhất,Trung bình,Nominal,A,Hole nhỏ nhất chứa nhiều vật liệu nhất.,MMC = maximum material condition
332,Tolerance,Limits,Intermediate,LMC của shaft thường là giới hạn nào?,Đường kính nhỏ nhất,Đường kính lớn nhất,Trung bình,Nominal,A,Shaft nhỏ nhất chứa ít vật liệu nhất.,LMC = least material condition
333,MBD,Fundamentals,Intermediate,MBD là viết tắt của gì?,Model-Based Definition,Mechanical Basic Drawing,Material Based Data,Model Backup Document,A,MBD là phương pháp dùng model 3D làm nguồn định nghĩa sản phẩm cùng PMI.,MBD = định nghĩa dựa trên model
334,MBD,PMI,Intermediate,PMI là gì?,Product Manufacturing Information,Part Model Index,Production Material Input,Process Measurement Item,A,"PMI chứa dimensions, tolerances, GD&T, notes và thông tin sản xuất phù hợp.",PMI = thông tin sản xuất sản phẩm
335,MBD,STEP,Intermediate,STEP trong CAD chủ yếu dùng để làm gì?,Trao đổi dữ liệu CAD,Chụp màn hình,Đo CMM,Lập bảng Excel,A,STEP là chuẩn trao đổi dữ liệu CAD.,STEP = chuẩn trao đổi dữ liệu CAD
336,MBD,Master Data,Advanced,Customer master data nên được quản lý thế nào?,"Bảo vệ, kiểm soát truy cập và truy xuất revision",Tự do sửa,Ghi đè,Xóa sau khi tạo derivative,A,Master data là nguồn gốc cần được bảo vệ.,master data = dữ liệu gốc; revision = phiên bản
337,MBD,Derivative,Advanced,Derivative data là gì?,Dữ liệu nội bộ tạo/chuyển đổi từ master data,Dữ liệu không liên quan,Bản nháp không kiểm soát,File đã xóa,A,Derivative data là dữ liệu phái sinh được tạo có kiểm soát.,derivative data = dữ liệu phái sinh
338,MBD,Traceability,Advanced,Traceability tốt nên truy ngược theo chuỗi nào?,Derivative → Master → Customer PN → Customer Revision,Derivative → tên người tạo,File → màu,CNC → dao,A,Chuỗi này giúp chứng minh nguồn gốc và revision.,traceability = khả năng truy xuất; PN = part number
339,MBD,Revision,Advanced,"Khi customer revision thay đổi, nên làm gì trước?","Xác nhận, cập nhật và đánh giá tác động theo quy trình",Tự sửa master,Xóa bản cũ,Bỏ qua,A,Revision change phải được kiểm soát và đánh giá impact.,revision = phiên bản; impact = ảnh hưởng
340,MBD,Conversion,Advanced,Đổi inch sang mm trong derivative cần kiểm soát gì?,"Conversion, rounding, verification và traceability",Chỉ đổi title,Không cần review,Xóa master,A,Chuyển đổi đơn vị có thể gây sai số và cần kiểm tra.,unit conversion = chuyển đổi đơn vị; rounding = làm tròn
341,MBD,Authority,Advanced,Authority data set nghĩa gần nhất là gì?,Bộ dữ liệu được chỉ định là nguồn có thẩm quyền,File tạm,Ảnh minh họa,Bản nháp,A,Authority data là nguồn chính thức được chỉ định cho yêu cầu.,authority = có thẩm quyền
342,MBD,3D PDF,Intermediate,3D PDF trong workflow có thể dùng để làm gì?,Xem model và PMI trong tài liệu,Tự động tạo CNC,Tự động đo CMM,Thay QMS,A,3D PDF phù hợp để viewing/documentation theo workflow.,3D PDF = PDF 3D; viewing = xem
343,CNC,Fundamentals,Intermediate,CNC là viết tắt của gì?,Computer Numerical Control,Computer Network Control,Central Number Calculation,Control New Cutting,A,CNC là điều khiển số bằng máy tính.,CNC = điều khiển số bằng máy tính
344,CNC,Cutting,Intermediate,Feed rate là gì?,Tốc độ tiến dao,Tốc độ trục chính,Độ nhám,Độ cứng,A,Feed rate là tốc độ tiến dao.,feed rate = tốc độ tiến dao
345,CNC,Cutting,Intermediate,Spindle speed là gì?,Tốc độ quay trục chính,Tốc độ tiến dao,Độ phẳng,Dung sai,A,Spindle speed thường tính bằng rpm.,spindle speed = tốc độ trục chính
346,CNC,Tooling,Intermediate,Tool offset dùng để làm gì?,Bù sai lệch hình học/chiều dài/bán kính dao,Đổi vật liệu,Đổi revision,Đo độ nhám,A,Tool offset bù vị trí hoặc geometry của tool.,tool offset = bù dao
347,Inspection,Measurement,Intermediate,CMM là viết tắt của gì?,Coordinate Measuring Machine,Computer Milling Machine,Central Measurement Model,Control Material Method,A,CMM là máy đo tọa độ.,CMM = máy đo tọa độ
348,Inspection,Measurement,Intermediate,Gauge R&R đánh giá gì?,Repeatability và reproducibility của hệ thống đo,Độ cứng,Độ nhám,Tool life,A,Gauge R&R đánh giá variation của hệ thống đo.,repeatability = độ lặp lại; reproducibility = độ tái lập
349,Drawing,Control,Intermediate,Revision history dùng để làm gì?,Theo dõi thay đổi của tài liệu,Đo đường kính,Tạo toolpath,Đổi vật liệu,A,Revision history giúp truy xuất thay đổi theo phiên bản.,revision history = lịch sử sửa đổi
350,Drawing,Views,Intermediate,Section view dùng để làm gì?,Hiển thị cấu trúc bên trong bằng mặt cắt,Đo màu,Tạo CNC,Đổi dung sai,A,Section view giúp nhìn các đặc điểm bên trong bị che khuất.,section view = hình cắt
351,Drawing,Views,Intermediate,Detail view dùng để làm gì?,Phóng to vùng nhỏ để thể hiện chi tiết,Đổi revision,Đo vật liệu,Xóa datum,A,Detail view làm rõ một khu vực nhỏ của drawing.,detail view = hình chi tiết/phóng to
352,Material,Aluminum,Intermediate,A5052P thuộc nhóm nào?,Hợp kim nhôm,Thép carbon,Titanium,Nhựa,A,A5052P là hợp kim nhôm dạng tấm theo ký hiệu vật liệu.,aluminum alloy = hợp kim nhôm
353,Material,Stainless,Intermediate,SUS304 là gì?,Thép không gỉ austenitic,Nhôm,Đồng,Nhựa,A,SUS304 là stainless steel phổ biến.,stainless steel = thép không gỉ; austenitic = austenit
354,Surface,Roughness,Intermediate,Ra là tham số gì?,Độ nhám bề mặt,Độ cứng,Đường kính,Position,A,Ra là tham số phổ biến mô tả surface roughness.,Ra = tham số độ nhám; surface roughness = độ nhám bề mặt
355,Surface,Treatment,Intermediate,Anodizing nhôm chủ yếu tạo gì?,Lớp oxide trên bề mặt,Lớp thép,Lớp ren,Lớp nhựa,A,Anodizing tạo lớp oxide bảo vệ/bề mặt theo quy trình.,anodizing = anod hóa; oxide layer = lớp oxide
356,Surface,Treatment,Intermediate,Passivation thường áp dụng cho vật liệu nào?,Thép không gỉ,Chỉ nhôm,Chỉ nhựa,Gỗ,A,Passivation thường dùng cho stainless steel để cải thiện khả năng chống ăn mòn.,passivation = thụ động hóa; corrosion = ăn mòn
357,Process,Machining,Intermediate,Deburring là gì?,Loại bỏ ba via,Tăng độ nhám,Tạo ren,Đổi vật liệu,A,Deburring là công đoạn loại bỏ burr sau gia công.,deburring = tẩy ba via; burr = ba via
358,Process,Heat Treatment,Intermediate,Heat treatment là gì?,Xử lý nhiệt để thay đổi tính chất vật liệu,Sơn,Đo kích thước,Tạo STEP,A,Heat treatment dùng chu trình nhiệt để thay đổi cơ tính/cấu trúc.,heat treatment = xử lý nhiệt
359,Process,Machining,Intermediate,Milling là gì?,Gia công phay,Gia công tiện,Đo CMM,Xử lý nhiệt,A,Milling dùng dao phay quay để cắt vật liệu.,milling = phay
360,Process,Machining,Intermediate,Turning là gì?,Gia công tiện,Gia công phay,Đo độ nhám,Anodizing,A,Turning thường quay phôi và dùng dao tiện.,turning = tiện
361,Process,Machining,Intermediate,Drilling là gì?,Khoan lỗ,Phay mặt,Đo profile,Đánh bóng,A,Drilling là quá trình tạo lỗ bằng mũi khoan.,drilling = khoan
362,GD&T,Scenario,Advanced,"Hole Ø10.00–10.10, position Ø0.05(M), actual Ø10.08. Bonus tolerance?",0.00,0.08,0.05,0.13,B,Bonus = 10.08 − 10.00 = 0.08.,bonus tolerance = dung sai cộng thêm; actual = kích thước thực
363,GD&T,Scenario,Advanced,"Cùng hole trên, total position tolerance khả dụng?",0.05,0.08,0.13,0.03,C,Total = 0.05 + 0.08 = 0.13.,total tolerance = tổng dung sai
364,GD&T,Scenario,Advanced,"Hole Ø10.00–10.20, position Ø0.10(M), actual Ø10.15. Bonus?",0.05,0.10,0.15,0.20,C,Bonus = 10.15 − 10.00 = 0.15.,bonus tolerance = dung sai cộng thêm; MMC = điều kiện vật liệu lớn nhất
365,Tolerance,Scenario,Intermediate,"Hole min 10.02, shaft max 9.98. Minimum clearance?",0.02,0.04,0.06,0.00,B,10.02 − 9.98 = 0.04.,minimum clearance = khe hở nhỏ nhất
366,Tolerance,Scenario,Intermediate,"Hole max 10.08, shaft min 9.96. Maximum clearance?",0.08,0.12,0.14,0.04,B,10.08 − 9.96 = 0.12.,maximum clearance = khe hở lớn nhất
367,Tolerance,Scenario,Intermediate,Kích thước 25.00 +0.04/-0.02. Lower limit?,24.98,25.02,25.00,0.06,A,25.00 − 0.02 = 24.98.,lower limit = giới hạn dưới
368,Tolerance,Scenario,Intermediate,Kích thước 25.00 +0.04/-0.02. Total tolerance?,0.02,0.04,0.06,0.08,C,0.04 − (−0.02) = 0.06.,total tolerance = tổng dung sai
369,GD&T,Scenario,Advanced,Position Ø0.20(RFS): feature size thay đổi thì tolerance hình học thế nào?,Tăng tự động,Giảm tự động,Không đổi,Về 0,C,RFS không tạo bonus tolerance theo size.,RFS = regardless of feature size
370,GD&T,Scenario,Intermediate,Flatness 0.10: toàn bộ surface nằm giữa hai mặt phẳng song song cách 0.10. Kết luận?,Đạt yêu cầu flatness,Chắc chắn fail,Cần datum A,Chỉ đạt nếu Ra <0.10,A,Đây là vùng dung sai flatness.,flatness = độ phẳng; tolerance zone = vùng dung sai
371,MBD,Scenario,Advanced,Customer cung cấp 3D PDF + STEP. STEP và 3D PDF nên được quản lý thế nào?,Theo authority/master và revision; derivative tách riêng,Gộp thành một file,Xóa STEP,Sửa trực tiếp master,A,"Cần duy trì nguồn gốc, revision và phân biệt master/derivative.",master = dữ liệu gốc; derivative = dữ liệu phái sinh
372,MBD,Scenario,Advanced,Customer MBD thiếu section cần cho inspection. Nên làm gì?,Xác nhận yêu cầu hoặc tạo derivative view có kiểm soát,Tự sửa master,Tự đoán,Bỏ qua,A,Không tự suy diễn authority customer.,inspection = kiểm tra; derivative view = hình dẫn xuất
373,MBD,Scenario,Advanced,Derivative model đổi inch sang mm. Điều nào quan trọng nhất?,Conversion + verification + traceability,Chỉ đổi tên file,Xóa master,Không cần review,A,Chuyển đổi phải được kiểm soát và xác minh.,conversion = chuyển đổi; verification = xác minh
374,Inspection,Scenario,Intermediate,CMM đo position nhưng datum A-B-C chưa được thiết lập đúng. Kết quả có đáng tin không?,"Không, phải thiết lập datum reference đúng","Có, luôn đúng",Chỉ phụ thuộc CMM,Chỉ phụ thuộc operator,A,Datum reference frame là cơ sở của phép đánh giá GD&T.,CMM = máy đo tọa độ; datum reference = tham chiếu chuẩn
375,CNC,Scenario,Intermediate,Drawing yêu cầu Ø10 H7 nhưng process tạo lỗ bằng reamer. Việc cần kiểm soát là gì?,Tool/process capability và kết quả kích thước,Chỉ màu dao,Chỉ tên máy,Không cần đo,A,Process phải có khả năng đáp ứng size tolerance và cần kiểm tra.,process capability = năng lực quá trình; reamer = dao doa
376,Drawing,Scenario,Intermediate,Drawing revision tăng từ Rev.02 lên Rev.03. Cần làm gì với bản Rev.02?,"Kiểm soát status/OLD theo quy trình, không ghi đè",Xóa ngay,Dùng song song không kiểm soát,Đổi tên thành Rev.03,A,Revision cũ cần được kiểm soát để tránh dùng nhầm.,status = trạng thái; OLD = dữ liệu cũ
377,Surface,Scenario,Intermediate,Hai lot anodizing có màu khác nhau. Điều tra nên xem gì?,"Material, surface condition và process parameters",Chỉ tên file CAD,Chỉ CMM,Chỉ revision,A,"Màu anodizing chịu ảnh hưởng bởi vật liệu, bề mặt và điều kiện xử lý.",lot = lô; process parameter = thông số quá trình
378,GD&T,Scenario,Advanced,"Datum A là mặt gá chính, B định hướng bên, C khóa vị trí cuối. Điều này thể hiện gì?",Datum được chọn theo chức năng định vị,Chọn ngẫu nhiên,Chỉ phục vụ vẽ đẹp,Chỉ phục vụ kiểm tra màu,A,Datum system nên phản ánh functional locating scheme.,functional locating = định vị theo chức năng
379,GD&T,Scenario,Advanced,Một surface có parallelism 0.05 | A. Datum nào là tham chiếu?,A,B,C,Không có,A,FCF tham chiếu datum A.,parallelism = song song; datum = chuẩn
380,GD&T,Scenario,Advanced,Một surface có flatness 0.05. Datum A có bắt buộc không?,Không,Có,Chỉ khi CMM,Chỉ khi nhôm,A,Flatness là form control và không cần datum.,form control = kiểm soát hình dạng
381,MBD,Scenario,Advanced,Nếu master customer bị sửa trực tiếp để thuận tiện gia công thì rủi ro chính là gì?,Mất authority và traceability,Tăng tốc CNC,Giảm dung lượng,Tăng độ chính xác,A,Master data không nên bị thay đổi trái phép.,authority = nguồn có thẩm quyền; traceability = truy xuất
382,GD&T,Scenario,Intermediate,"Khi một FCF tham chiếu datum A, A đóng vai trò gì?",Chuẩn tham chiếu,Kích thước danh nghĩa,Vật liệu,Tên revision,A,Datum A là chuẩn tham chiếu cho phép đánh giá hình học.,FCF = feature control frame; datum = chuẩn tham chiếu
383,GD&T,Scenario,Intermediate,Một control thuộc nhóm form có cần datum reference không?,Thông thường không,Luôn cần A,Luôn cần B,Luôn cần A-B-C,A,"Form controls như flatness, circularity và cylindricity không cần datum reference.",form control = kiểm soát hình dạng; datum reference = tham chiếu chuẩn
384,GD&T,Scenario,Intermediate,Position khác size tolerance ở điểm nào?,Position kiểm soát quan hệ hình học/vị trí,Position chỉ kiểm soát đường kính,Size tolerance chỉ kiểm soát datum,Hai loại giống nhau,A,Size tolerance kiểm soát kích thước; position kiểm soát location/orientation theo yêu cầu.,size tolerance = dung sai kích thước; position = vị trí
385,GD&T,Scenario,Intermediate,"Nếu drawing ghi surface profile nhưng không có datum, điều cần xem là gì?",Yêu cầu profile và tiêu chuẩn áp dụng,Tự chọn datum,Bỏ qua profile,Đổi sang flatness,A,"Cần đọc đúng yêu cầu profile và tiêu chuẩn áp dụng, không tự thêm datum.",surface profile = biên dạng bề mặt; standard = tiêu chuẩn
386,GD&T,Scenario,Advanced,MMC modifier trên datum feature có thể liên quan đến hiện tượng nào?,Datum shift,Đổi vật liệu,Đổi revision,Đổi màu,A,"Trong điều kiện áp dụng, M trên datum feature có thể cho phép datum shift.",datum shift = dịch chuyển chuẩn; modifier = ký hiệu bổ sung
387,Tolerance,Scenario,Intermediate,Kích thước 50.00 ±0.10 có total tolerance là?,0.20,0.10,50.10,49.90,A,0.10 + 0.10 = 0.20.,total tolerance = tổng dung sai
388,Tolerance,Scenario,Intermediate,Hole 20.00–20.05 và shaft 19.95–19.98. Minimum clearance?,0.02,0.05,0.07,0.00,A,20.00 − 19.98 = 0.02.,minimum clearance = khe hở nhỏ nhất
389,Tolerance,Scenario,Intermediate,Hole 20.00–20.05 và shaft 19.95–19.98. Maximum clearance?,0.07,0.05,0.02,0.10,D,20.05 − 19.95 = 0.10.,maximum clearance = khe hở lớn nhất
390,MBD,Scenario,Advanced,"Khi derivative được tạo từ master, có nên ghi lại nguồn master không?",Có,Không,Chỉ khi khách hỏi,Chỉ với CNC,A,Traceability yêu cầu liên kết derivative với nguồn master.,traceability = truy xuất; derivative = phái sinh
391,MBD,Scenario,Intermediate,PMI viết tắt của cụm từ nào?,Product Manufacturing Information,Part Measurement Index,Process Model Input,Production Material Index,A,PMI = Product Manufacturing Information.,PMI = thông tin sản xuất sản phẩm
392,CNC,Scenario,Intermediate,Tool life nghĩa là gì?,Tuổi thọ dao,Tốc độ dao,Chiều dài phôi,Độ nhám,A,Tool life là thời gian/khả năng sử dụng hữu ích của dao trước khi thay hoặc phục hồi.,tool life = tuổi thọ dao
393,Inspection,Scenario,Intermediate,Calibration là gì?,Hiệu chuẩn thiết bị đo theo chuẩn tham chiếu,Đo kích thước bằng mắt,Tạo bản vẽ,Đổi revision,A,Calibration xác lập/kiểm tra quan hệ giữa thiết bị đo và chuẩn.,calibration = hiệu chuẩn
394,Drawing,Scenario,Intermediate,Revision control giúp ngăn ngừa điều gì?,Sử dụng nhầm phiên bản tài liệu,Sai màu chi tiết,Tăng tốc CNC,Đổi vật liệu,A,Revision control ngăn dùng nhầm dữ liệu cũ hoặc chưa được phê duyệt.,revision control = kiểm soát phiên bản
395,Surface,Scenario,Intermediate,Burr là gì?,Ba via sau gia công,Vết nứt vật liệu,Độ nhám,Lớp oxide,A,Burr là phần vật liệu thừa nhỏ phát sinh sau cắt/gia công.,burr = ba via; machining = gia công
396,Process,Scenario,Intermediate,Process parameter là gì?,Thông số của quá trình,Tên nhân viên,Tên file,Mã vật liệu duy nhất,A,Process parameters là các thông số điều khiển điều kiện quá trình.,process parameter = thông số quá trình
397,GD&T,Fundamentals,Intermediate,"Trong GD&T, feature nghĩa gần nhất là gì? (Bài luyện tập 1)",Đặc tính/đối tượng hình học,Vật liệu,Máy CNC,Người kiểm tra,A,Feature là đối tượng hình học được kiểm soát hoặc tham chiếu.,feature = đặc tính hình học; control = kiểm soát
398,GD&T,Fundamentals,Intermediate,Tolerance zone là gì? (Bài luyện tập 2),Vùng không gian mà feature phải nằm trong đó,Vùng vật liệu,Vùng gia công,Vùng an toàn,A,Tolerance zone là vùng giới hạn cho phép của yêu cầu hình học.,tolerance zone = vùng dung sai; feature = đặc tính
399,GD&T,Form,Intermediate,Flatness 0.08 tạo vùng dung sai như thế nào? (Bài luyện tập 3),Hai mặt phẳng song song cách nhau 0.08,Hai mặt phẳng vuông góc,Một hình cầu,Một trụ,A,Flatness tạo vùng gồm hai mặt phẳng song song.,flatness = độ phẳng; parallel = song song
400,GD&T,Form,Intermediate,Circularity kiểm soát điều gì? (Bài luyện tập 4),Biên dạng tròn của từng tiết diện,Vị trí tâm so với datum,Độ song song,Độ nhám,A,Circularity kiểm soát hình dạng từng tiết diện tròn.,circularity = độ tròn; section = tiết diện
401,GD&T,Form,Advanced,Cylindricity khác circularity ở điểm nào? (Bài luyện tập 5),Cylindricity kiểm soát toàn bộ bề mặt trụ,Cylindricity chỉ kiểm tra một tiết diện,Circularity luôn cần datum,Hai khái niệm giống nhau,A,Cylindricity kiểm soát toàn bộ bề mặt trụ.,cylindricity = độ trụ; surface = bề mặt
402,GD&T,Form,Intermediate,Straightness của line element kiểm soát gì? (Bài luyện tập 6),Độ thẳng của phần tử đường,Độ vuông góc với datum,Đường kính,Độ nhám,A,Straightness kiểm soát độ thẳng theo cách áp dụng.,straightness = độ thẳng; line element = phần tử đường
403,GD&T,Orientation,Intermediate,Perpendicularity của surface kiểm soát gì? (Bài luyện tập 7),Orientation của surface so với datum,Độ nhám,Đường kính,Màu,A,Perpendicularity kiểm soát quan hệ vuông góc với datum.,perpendicularity = độ vuông góc; datum = chuẩn
404,GD&T,Orientation,Intermediate,Parallelism của surface với datum A yêu cầu gì? (Bài luyện tập 8),Bề mặt nằm trong vùng song song với datum A,Đường kính phải đúng,Không cần datum,Độ cứng,A,Parallelism kiểm soát orientation so với datum.,parallelism = độ song song; orientation = định hướng
405,GD&T,Orientation,Intermediate,Angularity dùng để kiểm soát gì? (Bài luyện tập 9),Orientation theo một góc cơ bản xác định,Đường kính,Độ nhám,Khối lượng,A,Angularity kiểm soát orientation theo góc lý thuyết.,angularity = độ nghiêng; basic angle = góc cơ bản
406,GD&T,Location,Intermediate,Position của lỗ chủ yếu kiểm soát gì? (Bài luyện tập 10),Vị trí và hướng của axis/feature,Độ nhám,Độ cứng,Màu,A,Position là control chính cho location của feature of size.,position = vị trí; axis = trục
407,GD&T,Location,Advanced,Position Ø0.20(M) của hole: hole lớn hơn MMC thì điều gì có thể xảy ra? (Bài luyện tập 11),Có bonus tolerance,Dung sai giảm,Datum mất,Kích thước danh nghĩa đổi,A,Hole rời MMC có thể nhận bonus tolerance.,bonus tolerance = dung sai cộng thêm; MMC = điều kiện vật liệu lớn nhất
408,GD&T,Location,Advanced,RFS nghĩa là gì? (Bài luyện tập 12),Regardless of Feature Size,Reference Feature Standard,Radial Form System,Required Feature Size,A,RFS không tạo bonus tolerance do thay đổi kích thước feature.,RFS = không phụ thuộc kích thước feature
409,GD&T,Limits,Advanced,MMC của shaft Ø9.90–10.00 là? (Bài luyện tập 13),10.00,9.90,9.95,0,A,Shaft lớn nhất chứa nhiều vật liệu nhất.,shaft = trục; MMC = điều kiện vật liệu lớn nhất
410,GD&T,Limits,Advanced,LMC của hole Ø10.00–10.10 là? (Bài luyện tập 14),10.10,10.00,10.05,0,A,Hole lớn nhất chứa ít vật liệu nhất.,hole = lỗ; LMC = điều kiện vật liệu nhỏ nhất
411,GD&T,Datums,Intermediate,Datum feature là gì? (Bài luyện tập 15),Feature thực tế được chọn làm cơ sở thiết lập datum,Kích thước bất kỳ,Vật liệu,Tên máy đo,A,Datum feature là feature thực tế dùng để thiết lập datum.,datum feature = đặc tính chuẩn
412,GD&T,Datums,Advanced,Vì sao datum A-B-C quan trọng? (Bài luyện tập 16),Thiết lập hệ tham chiếu và bậc tự do nhất quán,Đổi vật liệu,Đổi màu,Tăng tốc CNC,A,Datum reference frame xác lập cơ sở đánh giá hình học.,datum reference frame = hệ tham chiếu datum; degree of freedom = bậc tự do
413,GD&T,Profile,Intermediate,Profile of a surface kiểm soát gì? (Bài luyện tập 17),Biên dạng của toàn bộ bề mặt,Chỉ độ phẳng,Chỉ đường kính,Chỉ vị trí tâm,A,Profile kiểm soát biên dạng theo vùng dung sai.,profile = biên dạng; surface = bề mặt
414,GD&T,Runout,Intermediate,Circular runout kiểm tra gì? (Bài luyện tập 18),Biến thiên chỉ thị tại từng tiết diện khi quay,Độ phẳng toàn mặt,Độ cứng,Màu,A,Circular runout đánh giá biến thiên tại circular element khi quay.,circular runout = độ đảo tròn; indicator = đồng hồ chỉ thị
415,GD&T,Runout,Advanced,Total runout khác circular runout thế nào? (Bài luyện tập 19),Kiểm soát toàn bộ bề mặt trong suốt phép quay,Chỉ một tiết diện,Chỉ kích thước,Chỉ độ nhám,A,Total runout kiểm soát toàn bộ surface khi quay.,total runout = độ đảo tổng
416,GD&T,Drawing,Intermediate,Feature Control Frame dùng để làm gì? (Bài luyện tập 20),Thể hiện yêu cầu GD&T,Thể hiện vật liệu,Đặt tên file,Tạo toolpath,A,"FCF chứa symbol, tolerance, modifier và datum reference.",feature control frame = khung điều khiển đặc tính
417,GD&T,Drawing,Advanced,Basic dimension thường được thể hiện bằng gì? (Bài luyện tập 21),Khung chữ nhật,Hình tròn,Tam giác,Gạch chéo,A,Basic dimension thường được đặt trong rectangular frame.,basic dimension = kích thước cơ bản
418,GD&T,Inspection,Advanced,Functional gage dùng để làm gì? (Bài luyện tập 22),Mô phỏng điều kiện lắp/hoạt động để đánh giá pass/fail,Đo màu,Đo độ cứng,Tạo STEP,A,Functional gage đánh giá chức năng theo điều kiện thiết kế.,functional gage = dưỡng kiểm chức năng
419,Tolerance,Fundamentals,Intermediate,20.00 ±0.05 có upper limit là? (Bài luyện tập 23),20.05,19.95,20.00,0.05,A,Upper limit = 20.00 + 0.05.,upper limit = giới hạn trên
420,Tolerance,Fundamentals,Intermediate,20.00 ±0.05 có lower limit là? (Bài luyện tập 24),19.95,20.05,20.00,0.10,A,Lower limit = 20.00 − 0.05.,lower limit = giới hạn dưới
421,Tolerance,Fundamentals,Intermediate,20.00 +0.03/-0.01 có total tolerance là? (Bài luyện tập 25),0.04,0.02,0.03,0.01,A,0.03 − (−0.01) = 0.04.,total tolerance = tổng dung sai; deviation = độ lệch
422,Tolerance,Fits,Intermediate,Clearance fit là gì? (Bài luyện tập 26),Luôn có khe hở,Luôn có độ dôi,Có thể cả hai,Không có tolerance,A,Clearance fit tạo clearance dương theo giới hạn thiết kế.,clearance fit = lắp có khe hở
423,Tolerance,Fits,Intermediate,Interference fit là gì? (Bài luyện tập 27),Luôn có độ dôi,Luôn có khe hở,Không có tolerance,Chỉ cho ren,A,Interference fit tạo độ dôi giữa mating features.,interference fit = lắp có độ dôi
424,Tolerance,Fits,Intermediate,Transition fit có thể cho kết quả nào? (Bài luyện tập 28),Clearance hoặc interference tùy kích thước thực,Chỉ clearance,Chỉ interference,Không có giới hạn,A,Transition fit nằm giữa hai loại fit trên.,transition fit = lắp trung gian
425,Tolerance,Fits,Intermediate,Minimum clearance được tính thế nào? (Bài luyện tập 29),Hole min − shaft max,Hole max − shaft min,Shaft max − hole min,Nominal − nominal,A,Đây là trường hợp xấu nhất để khe hở nhỏ nhất.,minimum clearance = khe hở nhỏ nhất
426,Tolerance,Fits,Intermediate,Maximum clearance được tính thế nào? (Bài luyện tập 30),Hole max − shaft min,Hole min − shaft max,Shaft max − hole max,Nominal − nominal,A,Hole lớn nhất kết hợp shaft nhỏ nhất cho clearance lớn nhất.,maximum clearance = khe hở lớn nhất
427,Tolerance,Limits,Intermediate,MMC của hole thường là giới hạn nào? (Bài luyện tập 31),Đường kính nhỏ nhất,Đường kính lớn nhất,Trung bình,Nominal,A,Hole nhỏ nhất chứa nhiều vật liệu nhất.,MMC = maximum material condition
428,Tolerance,Limits,Intermediate,LMC của shaft thường là giới hạn nào? (Bài luyện tập 32),Đường kính nhỏ nhất,Đường kính lớn nhất,Trung bình,Nominal,A,Shaft nhỏ nhất chứa ít vật liệu nhất.,LMC = least material condition
429,MBD,Fundamentals,Intermediate,MBD là viết tắt của gì? (Bài luyện tập 33),Model-Based Definition,Mechanical Basic Drawing,Material Based Data,Model Backup Document,A,MBD là phương pháp dùng model 3D làm nguồn định nghĩa sản phẩm cùng PMI.,MBD = định nghĩa dựa trên model
430,MBD,PMI,Intermediate,PMI là gì? (Bài luyện tập 34),Product Manufacturing Information,Part Model Index,Production Material Input,Process Measurement Item,A,"PMI chứa dimensions, tolerances, GD&T, notes và thông tin sản xuất phù hợp.",PMI = thông tin sản xuất sản phẩm
431,MBD,STEP,Intermediate,STEP trong CAD chủ yếu dùng để làm gì? (Bài luyện tập 35),Trao đổi dữ liệu CAD,Chụp màn hình,Đo CMM,Lập bảng Excel,A,STEP là chuẩn trao đổi dữ liệu CAD.,STEP = chuẩn trao đổi dữ liệu CAD
432,MBD,Master Data,Advanced,Customer master data nên được quản lý thế nào? (Bài luyện tập 36),"Bảo vệ, kiểm soát truy cập và truy xuất revision",Tự do sửa,Ghi đè,Xóa sau khi tạo derivative,A,Master data là nguồn gốc cần được bảo vệ.,master data = dữ liệu gốc; revision = phiên bản
433,MBD,Derivative,Advanced,Derivative data là gì? (Bài luyện tập 37),Dữ liệu nội bộ tạo/chuyển đổi từ master data,Dữ liệu không liên quan,Bản nháp không kiểm soát,File đã xóa,A,Derivative data là dữ liệu phái sinh được tạo có kiểm soát.,derivative data = dữ liệu phái sinh
434,MBD,Traceability,Advanced,Traceability tốt nên truy ngược theo chuỗi nào? (Bài luyện tập 38),Derivative → Master → Customer PN → Customer Revision,Derivative → tên người tạo,File → màu,CNC → dao,A,Chuỗi này giúp chứng minh nguồn gốc và revision.,traceability = khả năng truy xuất; PN = part number
435,MBD,Revision,Advanced,"Khi customer revision thay đổi, nên làm gì trước? (Bài luyện tập 39)","Xác nhận, cập nhật và đánh giá tác động theo quy trình",Tự sửa master,Xóa bản cũ,Bỏ qua,A,Revision change phải được kiểm soát và đánh giá impact.,revision = phiên bản; impact = ảnh hưởng
436,MBD,Conversion,Advanced,Đổi inch sang mm trong derivative cần kiểm soát gì? (Bài luyện tập 40),"Conversion, rounding, verification và traceability",Chỉ đổi title,Không cần review,Xóa master,A,Chuyển đổi đơn vị có thể gây sai số và cần kiểm tra.,unit conversion = chuyển đổi đơn vị; rounding = làm tròn
437,MBD,Authority,Advanced,Authority data set nghĩa gần nhất là gì? (Bài luyện tập 41),Bộ dữ liệu được chỉ định là nguồn có thẩm quyền,File tạm,Ảnh minh họa,Bản nháp,A,Authority data là nguồn chính thức được chỉ định cho yêu cầu.,authority = có thẩm quyền
438,MBD,3D PDF,Intermediate,3D PDF trong workflow có thể dùng để làm gì? (Bài luyện tập 42),Xem model và PMI trong tài liệu,Tự động tạo CNC,Tự động đo CMM,Thay QMS,A,3D PDF phù hợp để viewing/documentation theo workflow.,3D PDF = PDF 3D; viewing = xem
439,CNC,Fundamentals,Intermediate,CNC là viết tắt của gì? (Bài luyện tập 43),Computer Numerical Control,Computer Network Control,Central Number Calculation,Control New Cutting,A,CNC là điều khiển số bằng máy tính.,CNC = điều khiển số bằng máy tính
440,CNC,Cutting,Intermediate,Feed rate là gì? (Bài luyện tập 44),Tốc độ tiến dao,Tốc độ trục chính,Độ nhám,Độ cứng,A,Feed rate là tốc độ tiến dao.,feed rate = tốc độ tiến dao
441,CNC,Cutting,Intermediate,Spindle speed là gì? (Bài luyện tập 45),Tốc độ quay trục chính,Tốc độ tiến dao,Độ phẳng,Dung sai,A,Spindle speed thường tính bằng rpm.,spindle speed = tốc độ trục chính
442,CNC,Tooling,Intermediate,Tool offset dùng để làm gì? (Bài luyện tập 46),Bù sai lệch hình học/chiều dài/bán kính dao,Đổi vật liệu,Đổi revision,Đo độ nhám,A,Tool offset bù vị trí hoặc geometry của tool.,tool offset = bù dao
443,Inspection,Measurement,Intermediate,CMM là viết tắt của gì? (Bài luyện tập 47),Coordinate Measuring Machine,Computer Milling Machine,Central Measurement Model,Control Material Method,A,CMM là máy đo tọa độ.,CMM = máy đo tọa độ
444,Inspection,Measurement,Intermediate,Gauge R&R đánh giá gì? (Bài luyện tập 48),Repeatability và reproducibility của hệ thống đo,Độ cứng,Độ nhám,Tool life,A,Gauge R&R đánh giá variation của hệ thống đo.,repeatability = độ lặp lại; reproducibility = độ tái lập
445,Drawing,Control,Intermediate,Revision history dùng để làm gì? (Bài luyện tập 49),Theo dõi thay đổi của tài liệu,Đo đường kính,Tạo toolpath,Đổi vật liệu,A,Revision history giúp truy xuất thay đổi theo phiên bản.,revision history = lịch sử sửa đổi
446,Drawing,Views,Intermediate,Section view dùng để làm gì? (Bài luyện tập 50),Hiển thị cấu trúc bên trong bằng mặt cắt,Đo màu,Tạo CNC,Đổi dung sai,A,Section view giúp nhìn các đặc điểm bên trong bị che khuất.,section view = hình cắt
447,Drawing,Views,Intermediate,Detail view dùng để làm gì? (Bài luyện tập 51),Phóng to vùng nhỏ để thể hiện chi tiết,Đổi revision,Đo vật liệu,Xóa datum,A,Detail view làm rõ một khu vực nhỏ của drawing.,detail view = hình chi tiết/phóng to
448,Surface,Roughness,Intermediate,Ra là tham số gì? (Bài luyện tập 52),Độ nhám bề mặt,Độ cứng,Đường kính,Position,A,Ra là tham số phổ biến mô tả surface roughness.,Ra = tham số độ nhám; surface roughness = độ nhám bề mặt
449,Surface,Treatment,Intermediate,Anodizing nhôm chủ yếu tạo gì? (Bài luyện tập 53),Lớp oxide trên bề mặt,Lớp thép,Lớp ren,Lớp nhựa,A,Anodizing tạo lớp oxide bảo vệ/bề mặt theo quy trình.,anodizing = anod hóa; oxide layer = lớp oxide
450,Surface,Treatment,Intermediate,Passivation thường áp dụng cho vật liệu nào? (Bài luyện tập 54),Thép không gỉ,Chỉ nhôm,Chỉ nhựa,Gỗ,A,Passivation thường dùng cho stainless steel để cải thiện khả năng chống ăn mòn.,passivation = thụ động hóa; corrosion = ăn mòn
451,Process,Machining,Intermediate,Deburring là gì? (Bài luyện tập 55),Loại bỏ ba via,Tăng độ nhám,Tạo ren,Đổi vật liệu,A,Deburring là công đoạn loại bỏ burr sau gia công.,deburring = tẩy ba via; burr = ba via
452,Process,Heat Treatment,Intermediate,Heat treatment là gì? (Bài luyện tập 56),Xử lý nhiệt để thay đổi tính chất vật liệu,Sơn,Đo kích thước,Tạo STEP,A,Heat treatment dùng chu trình nhiệt để thay đổi cơ tính/cấu trúc.,heat treatment = xử lý nhiệt
453,Process,Machining,Intermediate,Milling là gì? (Bài luyện tập 57),Gia công phay,Gia công tiện,Đo CMM,Xử lý nhiệt,A,Milling dùng dao phay quay để cắt vật liệu.,milling = phay
454,Process,Machining,Intermediate,Turning là gì? (Bài luyện tập 58),Gia công tiện,Gia công phay,Đo độ nhám,Anodizing,A,Turning thường quay phôi và dùng dao tiện.,turning = tiện
455,Process,Machining,Intermediate,Drilling là gì? (Bài luyện tập 59),Khoan lỗ,Phay mặt,Đo profile,Đánh bóng,A,Drilling là quá trình tạo lỗ bằng mũi khoan.,drilling = khoan
456,GD&T,Scenario,Advanced,"Hole Ø10.00–10.10, position Ø0.05(M), actual Ø10.08. Bonus tolerance? (Bài luyện tập 60)",0.00,0.08,0.05,0.13,B,Bonus = 10.08 − 10.00 = 0.08.,bonus tolerance = dung sai cộng thêm; actual = kích thước thực
457,GD&T,Scenario,Advanced,"Cùng hole trên, total position tolerance khả dụng? (Bài luyện tập 61)",0.05,0.08,0.13,0.03,C,Total = 0.05 + 0.08 = 0.13.,total tolerance = tổng dung sai
458,GD&T,Scenario,Advanced,"Hole Ø10.00–10.20, position Ø0.10(M), actual Ø10.15. Bonus? (Bài luyện tập 62)",0.05,0.10,0.15,0.20,C,Bonus = 10.15 − 10.00 = 0.15.,bonus tolerance = dung sai cộng thêm; MMC = điều kiện vật liệu lớn nhất
459,Tolerance,Scenario,Intermediate,"Hole min 10.02, shaft max 9.98. Minimum clearance? (Bài luyện tập 63)",0.02,0.04,0.06,0.00,B,10.02 − 9.98 = 0.04.,minimum clearance = khe hở nhỏ nhất
460,Tolerance,Scenario,Intermediate,"Hole max 10.08, shaft min 9.96. Maximum clearance? (Bài luyện tập 64)",0.08,0.12,0.14,0.04,B,10.08 − 9.96 = 0.12.,maximum clearance = khe hở lớn nhất
461,Tolerance,Scenario,Intermediate,Kích thước 25.00 +0.04/-0.02. Lower limit? (Bài luyện tập 65),24.98,25.02,25.00,0.06,A,25.00 − 0.02 = 24.98.,lower limit = giới hạn dưới
462,Tolerance,Scenario,Intermediate,Kích thước 25.00 +0.04/-0.02. Total tolerance? (Bài luyện tập 66),0.02,0.04,0.06,0.08,C,0.04 − (−0.02) = 0.06.,total tolerance = tổng dung sai
463,GD&T,Scenario,Advanced,Position Ø0.20(RFS): feature size thay đổi thì tolerance hình học thế nào? (Bài luyện tập 67),Tăng tự động,Giảm tự động,Không đổi,Về 0,C,RFS không tạo bonus tolerance theo size.,RFS = regardless of feature size
464,GD&T,Scenario,Intermediate,Flatness 0.10: toàn bộ surface nằm giữa hai mặt phẳng song song cách 0.10. Kết luận? (Bài luyện tập 68),Đạt yêu cầu flatness,Chắc chắn fail,Cần datum A,Chỉ đạt nếu Ra <0.10,A,Đây là vùng dung sai flatness.,flatness = độ phẳng; tolerance zone = vùng dung sai
465,MBD,Scenario,Advanced,Customer cung cấp 3D PDF + STEP. STEP và 3D PDF nên được quản lý thế nào? (Bài luyện tập 69),Theo authority/master và revision; derivative tách riêng,Gộp thành một file,Xóa STEP,Sửa trực tiếp master,A,"Cần duy trì nguồn gốc, revision và phân biệt master/derivative.",master = dữ liệu gốc; derivative = dữ liệu phái sinh
466,MBD,Scenario,Advanced,Customer MBD thiếu section cần cho inspection. Nên làm gì? (Bài luyện tập 70),Xác nhận yêu cầu hoặc tạo derivative view có kiểm soát,Tự sửa master,Tự đoán,Bỏ qua,A,Không tự suy diễn authority customer.,inspection = kiểm tra; derivative view = hình dẫn xuất
467,MBD,Scenario,Advanced,Derivative model đổi inch sang mm. Điều nào quan trọng nhất? (Bài luyện tập 71),Conversion + verification + traceability,Chỉ đổi tên file,Xóa master,Không cần review,A,Chuyển đổi phải được kiểm soát và xác minh.,conversion = chuyển đổi; verification = xác minh
468,Inspection,Scenario,Intermediate,CMM đo position nhưng datum A-B-C chưa được thiết lập đúng. Kết quả có đáng tin không? (Bài luyện tập 72),"Không, phải thiết lập datum reference đúng","Có, luôn đúng",Chỉ phụ thuộc CMM,Chỉ phụ thuộc operator,A,Datum reference frame là cơ sở của phép đánh giá GD&T.,CMM = máy đo tọa độ; datum reference = tham chiếu chuẩn
469,CNC,Scenario,Intermediate,Drawing yêu cầu Ø10 H7 nhưng process tạo lỗ bằng reamer. Việc cần kiểm soát là gì? (Bài luyện tập 73),Tool/process capability và kết quả kích thước,Chỉ màu dao,Chỉ tên máy,Không cần đo,A,Process phải có khả năng đáp ứng size tolerance và cần kiểm tra.,process capability = năng lực quá trình; reamer = dao doa
470,Drawing,Scenario,Intermediate,Drawing revision tăng từ Rev.02 lên Rev.03. Cần làm gì với bản Rev.02? (Bài luyện tập 74),"Kiểm soát status/OLD theo quy trình, không ghi đè",Xóa ngay,Dùng song song không kiểm soát,Đổi tên thành Rev.03,A,Revision cũ cần được kiểm soát để tránh dùng nhầm.,status = trạng thái; OLD = dữ liệu cũ
471,Surface,Scenario,Intermediate,Hai lot anodizing có màu khác nhau. Điều tra nên xem gì? (Bài luyện tập 75),"Material, surface condition và process parameters",Chỉ tên file CAD,Chỉ CMM,Chỉ revision,A,"Màu anodizing chịu ảnh hưởng bởi vật liệu, bề mặt và điều kiện xử lý.",lot = lô; process parameter = thông số quá trình
472,GD&T,Scenario,Advanced,"Datum A là mặt gá chính, B định hướng bên, C khóa vị trí cuối. Điều này thể hiện gì? (Bài luyện tập 76)",Datum được chọn theo chức năng định vị,Chọn ngẫu nhiên,Chỉ phục vụ vẽ đẹp,Chỉ phục vụ kiểm tra màu,A,Datum system nên phản ánh functional locating scheme.,functional locating = định vị theo chức năng
473,GD&T,Scenario,Advanced,Một surface có parallelism 0.05 | A. Datum nào là tham chiếu? (Bài luyện tập 77),A,B,C,Không có,A,FCF tham chiếu datum A.,parallelism = song song; datum = chuẩn
474,GD&T,Scenario,Advanced,Một surface có flatness 0.05. Datum A có bắt buộc không? (Bài luyện tập 78),Không,Có,Chỉ khi CMM,Chỉ khi nhôm,A,Flatness là form control và không cần datum.,form control = kiểm soát hình dạng
475,MBD,Scenario,Advanced,Nếu master customer bị sửa trực tiếp để thuận tiện gia công thì rủi ro chính là gì? (Bài luyện tập 79),Mất authority và traceability,Tăng tốc CNC,Giảm dung lượng,Tăng độ chính xác,A,Master data không nên bị thay đổi trái phép.,authority = nguồn có thẩm quyền; traceability = truy xuất
476,GD&T,Scenario,Intermediate,"Khi một FCF tham chiếu datum A, A đóng vai trò gì? (Bài luyện tập 80)",Chuẩn tham chiếu,Kích thước danh nghĩa,Vật liệu,Tên revision,A,Datum A là chuẩn tham chiếu cho phép đánh giá hình học.,FCF = feature control frame; datum = chuẩn tham chiếu
477,GD&T,Scenario,Intermediate,Một control thuộc nhóm form có cần datum reference không? (Bài luyện tập 81),Thông thường không,Luôn cần A,Luôn cần B,Luôn cần A-B-C,A,"Form controls như flatness, circularity và cylindricity không cần datum reference.",form control = kiểm soát hình dạng; datum reference = tham chiếu chuẩn
478,GD&T,Scenario,Intermediate,Position khác size tolerance ở điểm nào? (Bài luyện tập 82),Position kiểm soát quan hệ hình học/vị trí,Position chỉ kiểm soát đường kính,Size tolerance chỉ kiểm soát datum,Hai loại giống nhau,A,Size tolerance kiểm soát kích thước; position kiểm soát location/orientation theo yêu cầu.,size tolerance = dung sai kích thước; position = vị trí
479,GD&T,Scenario,Intermediate,"Nếu drawing ghi surface profile nhưng không có datum, điều cần xem là gì? (Bài luyện tập 83)",Yêu cầu profile và tiêu chuẩn áp dụng,Tự chọn datum,Bỏ qua profile,Đổi sang flatness,A,"Cần đọc đúng yêu cầu profile và tiêu chuẩn áp dụng, không tự thêm datum.",surface profile = biên dạng bề mặt; standard = tiêu chuẩn
480,GD&T,Scenario,Advanced,MMC modifier trên datum feature có thể liên quan đến hiện tượng nào? (Bài luyện tập 84),Datum shift,Đổi vật liệu,Đổi revision,Đổi màu,A,"Trong điều kiện áp dụng, M trên datum feature có thể cho phép datum shift.",datum shift = dịch chuyển chuẩn; modifier = ký hiệu bổ sung
481,Tolerance,Scenario,Intermediate,Kích thước 50.00 ±0.10 có total tolerance là? (Bài luyện tập 85),0.20,0.10,50.10,49.90,A,0.10 + 0.10 = 0.20.,total tolerance = tổng dung sai
482,Tolerance,Scenario,Intermediate,Hole 20.00–20.05 và shaft 19.95–19.98. Minimum clearance? (Bài luyện tập 86),0.02,0.05,0.07,0.00,A,20.00 − 19.98 = 0.02.,minimum clearance = khe hở nhỏ nhất
483,Tolerance,Scenario,Intermediate,Hole 20.00–20.05 và shaft 19.95–19.98. Maximum clearance? (Bài luyện tập 87),0.07,0.05,0.02,0.10,D,20.05 − 19.95 = 0.10.,maximum clearance = khe hở lớn nhất
484,MBD,Scenario,Advanced,"Khi derivative được tạo từ master, có nên ghi lại nguồn master không? (Bài luyện tập 88)",Có,Không,Chỉ khi khách hỏi,Chỉ với CNC,A,Traceability yêu cầu liên kết derivative với nguồn master.,traceability = truy xuất; derivative = phái sinh
485,MBD,Scenario,Intermediate,PMI viết tắt của cụm từ nào? (Bài luyện tập 89),Product Manufacturing Information,Part Measurement Index,Process Model Input,Production Material Index,A,PMI = Product Manufacturing Information.,PMI = thông tin sản xuất sản phẩm
486,CNC,Scenario,Intermediate,Tool life nghĩa là gì? (Bài luyện tập 90),Tuổi thọ dao,Tốc độ dao,Chiều dài phôi,Độ nhám,A,Tool life là thời gian/khả năng sử dụng hữu ích của dao trước khi thay hoặc phục hồi.,tool life = tuổi thọ dao
487,Inspection,Scenario,Intermediate,Calibration là gì? (Bài luyện tập 91),Hiệu chuẩn thiết bị đo theo chuẩn tham chiếu,Đo kích thước bằng mắt,Tạo bản vẽ,Đổi revision,A,Calibration xác lập/kiểm tra quan hệ giữa thiết bị đo và chuẩn.,calibration = hiệu chuẩn
488,Drawing,Scenario,Intermediate,Revision control giúp ngăn ngừa điều gì? (Bài luyện tập 92),Sử dụng nhầm phiên bản tài liệu,Sai màu chi tiết,Tăng tốc CNC,Đổi vật liệu,A,Revision control ngăn dùng nhầm dữ liệu cũ hoặc chưa được phê duyệt.,revision control = kiểm soát phiên bản
489,Surface,Scenario,Intermediate,Burr là gì? (Bài luyện tập 93),Ba via sau gia công,Vết nứt vật liệu,Độ nhám,Lớp oxide,A,Burr là phần vật liệu thừa nhỏ phát sinh sau cắt/gia công.,burr = ba via; machining = gia công
490,Process,Scenario,Intermediate,Process parameter là gì? (Bài luyện tập 94),Thông số của quá trình,Tên nhân viên,Tên file,Mã vật liệu duy nhất,A,Process parameters là các thông số điều khiển điều kiện quá trình.,process parameter = thông số quá trình
491,GD&T,Fundamentals,Intermediate,"Trong GD&T, feature nghĩa gần nhất là gì? (Bài luyện tập 95)",Đặc tính/đối tượng hình học,Vật liệu,Máy CNC,Người kiểm tra,A,Feature là đối tượng hình học được kiểm soát hoặc tham chiếu.,feature = đặc tính hình học; control = kiểm soát
492,GD&T,Fundamentals,Intermediate,Tolerance zone là gì? (Bài luyện tập 96),Vùng không gian mà feature phải nằm trong đó,Vùng vật liệu,Vùng gia công,Vùng an toàn,A,Tolerance zone là vùng giới hạn cho phép của yêu cầu hình học.,tolerance zone = vùng dung sai; feature = đặc tính
493,GD&T,Form,Intermediate,Flatness 0.08 tạo vùng dung sai như thế nào? (Bài luyện tập 97),Hai mặt phẳng song song cách nhau 0.08,Hai mặt phẳng vuông góc,Một hình cầu,Một trụ,A,Flatness tạo vùng gồm hai mặt phẳng song song.,flatness = độ phẳng; parallel = song song
494,GD&T,Form,Intermediate,Circularity kiểm soát điều gì? (Bài luyện tập 98),Biên dạng tròn của từng tiết diện,Vị trí tâm so với datum,Độ song song,Độ nhám,A,Circularity kiểm soát hình dạng từng tiết diện tròn.,circularity = độ tròn; section = tiết diện
495,GD&T,Form,Advanced,Cylindricity khác circularity ở điểm nào? (Bài luyện tập 99),Cylindricity kiểm soát toàn bộ bề mặt trụ,Cylindricity chỉ kiểm tra một tiết diện,Circularity luôn cần datum,Hai khái niệm giống nhau,A,Cylindricity kiểm soát toàn bộ bề mặt trụ.,cylindricity = độ trụ; surface = bề mặt
496,GD&T,Form,Intermediate,Straightness của line element kiểm soát gì? (Bài luyện tập 100),Độ thẳng của phần tử đường,Độ vuông góc với datum,Đường kính,Độ nhám,A,Straightness kiểm soát độ thẳng theo cách áp dụng.,straightness = độ thẳng; line element = phần tử đường
497,GD&T,Orientation,Intermediate,Perpendicularity của surface kiểm soát gì? (Bài luyện tập 101),Orientation của surface so với datum,Độ nhám,Đường kính,Màu,A,Perpendicularity kiểm soát quan hệ vuông góc với datum.,perpendicularity = độ vuông góc; datum = chuẩn
498,GD&T,Orientation,Intermediate,Parallelism của surface với datum A yêu cầu gì? (Bài luyện tập 102),Bề mặt nằm trong vùng song song với datum A,Đường kính phải đúng,Không cần datum,Độ cứng,A,Parallelism kiểm soát orientation so với datum.,parallelism = độ song song; orientation = định hướng
499,GD&T,Orientation,Intermediate,Angularity dùng để kiểm soát gì? (Bài luyện tập 103),Orientation theo một góc cơ bản xác định,Đường kính,Độ nhám,Khối lượng,A,Angularity kiểm soát orientation theo góc lý thuyết.,angularity = độ nghiêng; basic angle = góc cơ bản
500,GD&T,Location,Intermediate,Position của lỗ chủ yếu kiểm soát gì? (Bài luyện tập 104),Vị trí và hướng của axis/feature,Độ nhám,Độ cứng,Màu,A,Position là control chính cho location của feature of size.,position = vị trí; axis = trục
